ILTCourseCode,ClassCode,ClassStartDate,ClassEndDate,TimeZone,ClassName,Instructor,Provider,Minimum,Maximum,EstimatedCredits,Contact,Waitlist,Location
11th Annual Steel Markets North America Conference (vendor),11th Annual Steel Markets North America Conference (vendor) Class,01/31/2008 00:00:00.000,01/31/2008 01:00:00.000,America/New_York,11th Annual Steel Markets North America Conference Class,,ILT Content,,,,,1,Bldg_1_Room_102
2-Day APQP J PPAP 4th Edition Training (vendor),2-Day APQP J PPAP 4th Edition Training (vendor) Class,01/31/2008 00:00:00.000,01/31/2008 01:00:00.000,America/New_York,2-Day APQP J PPAP 4th Edition Training Class,,ILT Content,,,,,1,Bldg_1_Room_102
"2-Day FMEA, SPC, J MSA Training (vendor)","2-Day FMEA, SPC, J MSA Training (vendor) Class",01/31/2008 00:00:00.000,01/31/2008 01:00:00.000,America/New_York,"2-Day FMEA, SPC, J MSA Training Class",,ILT Content,,,,,1,Bldg_1_Room_102
3D Vision Smart Cameras - COGNEX (vendor),3D Vision Smart Cameras - COGNEX (vendor) Class,01/31/2008 00:00:00.000,01/31/2008 01:00:00.000,America/New_York,3D Vision Smart Cameras - COGNEX Class,,ILT Content,,,,,1,Bldg_1_Room_102
7 Habits (MAC),7 Habits (MAC) Class,01/31/2008 00:00:00.000,01/31/2008 01:00:00.000,America/New_York,The 7 Habits of Highly Effective People Class,,ILT Content,,,,,1,Bldg_1_Room_102
Accounting_Inventory,Accounting_Inventory Class (AGGU),01/31/2008 00:00:00.000,01/31/2008 01:00:00.000,America/New_York,Inventory Count & Audit Class,,ILT Content,,,,,1,Bldg_1_Room_102
Adaptive Leadership (MAC),Adaptive Leadership (MAC) Class,01/31/2008 00:00:00.000,01/31/2008 01:00:00.000,America/New_York,Adaptive Leadership Workshop Class,,ILT Content,,,,,1,Bldg_1_Room_102
Auditor Training (vendor),Auditor Training (vendor) Class,03/27/2017 12:00:00.000,03/29/2017 21:00:00.000,America/New_York,Transitioning to IATF 16949 Auditor Training 24-Hr Cert Class,,ILT Content,,,,,1,Bldg_1_Room_102
BIOL-101-B1 (College Transcript),BIOL-101-B1 (College Transcript) Class,01/31/2008 00:00:00.000,01/31/2008 01:00:00.000,America/New_York,General Biology Class,,ILT Content,,,,,1,Bldg_1_Room_102
CAD110 (vendor),CAD110 (vendor) Class,01/31/2008 00:00:00.000,01/31/2008 01:00:00.000,America/New_York,CAD110 SolidWorks Essentials Class,,ILT Content,,,,,1,Bldg_1_Room_102
CAD110 Test (vendor),CAD110 Test (vendor) Class,01/31/2008 00:00:00.000,01/31/2008 01:00:00.000,America/New_York,CAD110 SOLIDWORKS Essentials Competency Test Class,,ILT Content,,,,,1,Bldg_1_Room_102
CAD215 SOLIDWORKS Assembly Molding (vendor),CAD215 SOLIDWORKS Assembly Molding (vendor) Class,01/31/2008 00:00:00.000,01/31/2008 01:00:00.000,America/New_York,CAD215 SOLIDWORKS Assembly Molding Class,,ILT Content,,,,,1,Bldg_1_Room_102
Certified Die Casting Technician (vendor),Certified Die Casting Technician (vendor) Class,01/31/2008 00:00:00.000,01/31/2008 01:00:00.000,America/New_York,Certified Die Casting Technician Class,,ILT Content,,,,,1,Bldg_1_Room_102
Cognex In-Sight (vendor),Cognex In-Sight (vendor) Class,01/31/2008 00:00:00.000,01/31/2008 01:00:00.000,America/New_York,Cognex In-Sight EasyBuilder & Spreadsheet Standard Class,,ILT Content,,,,,1,Bldg_1_Room_102
Collaborative Robotics - Meet BAXTER - RE - THINK (vendor),Collaborative Robotics - Meet BAXTER - RE - THINK (vendor) Class,01/31/2008 00:00:00.000,01/31/2008 01:00:00.000,America/New_York,Collaborative Robotics - Meet BAXTER - RE - THINK ROBOTICS Class,,ILT Content,,,,,1,Bldg_1_Room_102
Compliance_Fire Extinguisher (Cintas),Compliance_Fire Extinguisher (Cintas) Class,01/31/2008 00:00:00.000,01/31/2008 01:00:00.000,America/New_York,Live Fire Extinguisher Training (Cintas) Class,,ILT Content,,,,,1,Bldg_1_Room_102
Compliance_IATA Dangerous Goods Training,Compliance_IATA Dangerous Goods Training Class,01/31/2008 00:00:00.000,01/31/2008 01:00:00.000,America/New_York,IATA Dangerous Goods Training Class,,ILT Content,,,,,1,Bldg_1_Room_102
Compliance_IMDG,Compliance_IMDG Class,01/31/2008 00:00:00.000,01/31/2008 01:00:00.000,America/New_York,IMDG Dangerous Goods Training Class,,ILT Content,,,,,1,Bldg_1_Room_102
Compliance_Initial/Recurrent (vendor),Compliance_Initial/Recurrent (vendor) Class,01/31/2008 00:00:00.000,01/31/2008 01:00:00.000,America/New_York,"Initial/Recurrent IATA, 49 CFR & IMDG Class",,ILT Content,,,,,1,Bldg_1_Room_102
Compliance_Intro to Chrome,Compliance_Intro to Chrome Class,01/31/2008 00:00:00.000,01/31/2008 01:00:00.000,America/New_York,Intro to Chrome Class,,ILT Content,,,,,1,Bldg_1_Room_102
Compliance_Intro to AGG,Compliance_Intro to AGG Class,01/31/2008 00:00:00.000,01/31/2008 01:00:00.000,America/New_York,Intro to AGG Class,,ILT Content,,,,,1,Bldg_1_Room_102
Compliance_Intro to AGG Benefits,Compliance_Intro to AGG Benefits Class,01/31/2008 00:00:00.000,01/31/2008 01:00:00.000,America/New_York,Intro to AGG Benefits Class,,ILT Content,,,,,1,Bldg_1_Room_102
Compliance_Legal Compliance (2020),Compliance_Legal Compliance (2020)-0001,12/02/2020 21:00:00,12/02/2020 22:30:00,America/Chicago,Offering of Legal Compliance Training (2020),NA900569,ILT Content,0,38,5400,AGG.University@dummydata.com,1,Bldg_1_Room_102
Compliance_Legal Compliance (2020),Compliance_Legal Compliance (2020)-0002,02/13/2020 12:30:00.000,02/13/2020 14:00:00.000,America/Chicago,Offering of Legal Compliance Training (2020),NA900569,ILT Content,0,35,5400,AGG.University@dummydata.com,1,Bldg_1_Room_102
Compliance_Legal Compliance (2020),Compliance_Legal Compliance (2020)-0003,02/13/2020 16:00:00.000,02/13/2020 17:30:00.000,America/Chicago,Offering of Legal Compliance Training (2020),NA900569,ILT Content,0,35,5400,AGG.University@dummydata.com,1,Bldg_1_Room_102
Compliance_Legal Compliance (2020),Compliance_Legal Compliance (2020)-0004,02/13/2020 19:30:00.000,02/13/2020 21:00:00.000,America/Chicago,Offering of Legal Compliance Training (2020),NA900569,ILT Content,0,35,5400,AGG.University@dummydata.com,1,Bldg_1_Room_102
Compliance_LIVE Fire Extinguisher Training_MO,Compliance_LIVE Fire Extinguisher Training_MO-0001,02/26/2021 13:00:00.000,02/26/2021 14:15:00.000,America/Chicago,Offering of LIVE Fire Extinguisher Training,,ILT Content,3,10,4500,AGG.University@dummydata.com,1,Bldg_1_Room_102
Compliance_LIVE Fire Extinguisher Training_MO,Compliance_LIVE Fire Extinguisher Training_MO-0002,02/26/2021 14:30:00.000,02/26/2021 15:45:00.000,America/Chicago,Offering of LIVE Fire Extinguisher Training,,ILT Content,3,10,4500,AGG.University@dummydata.com,1,Bldg_1_Room_102
Compliance_LIVE Fire Extinguisher Training_MO,Compliance_LIVE Fire Extinguisher Training_MO-0003,02/26/2021 16:00:00.000,02/26/2021 17:15:00.000,America/Chicago,Offering of LIVE Fire Extinguisher Training,,ILT Content,3,10,4500,AGG.University@dummydata.com,1,Bldg_1_Room_102
Compliance_LIVE Fire Extinguisher Training_MO,Compliance_LIVE Fire Extinguisher Training_MO-0004,02/26/2021 17:30:00.000,02/26/2021 18:45:00.000,America/Chicago,Offering of LIVE Fire Extinguisher Training,,ILT Content,3,10,4500,AGG.University@dummydata.com,1,Bldg_1_Room_102
Compliance_LIVE Fire Extinguisher Training_MO,Compliance_LIVE Fire Extinguisher Training_MO-0005,02/26/2021 20:00:00.000,02/26/2021 21:15:00.000,America/Chicago,Offering of LIVE Fire Extinguisher Training,,ILT Content,3,10,4500,AGG.University@dummydata.com,1,Bldg_1_Room_102
Compliance_LIVE Fire Extinguisher Training_MO,Compliance_LIVE Fire Extinguisher Training_MO-0006,02/26/2021 21:30:00.000,02/26/2021 22:45:00.000,America/Chicago,Offering of LIVE Fire Extinguisher Training,,ILT Content,3,10,4500,AGG.University@dummydata.com,1,Bldg_1_Room_102
Compliance_LIVE Fire Extinguisher Training_MO,Compliance_LIVE Fire Extinguisher Training_MO-0007,02/22/2021 13:00:00.000,02/22/2021 14:15:00.000,America/Chicago,Offering of LIVE Fire Extinguisher Training,,ILT Content,3,10,4500,AGG.University@dummydata.com,1,Bldg_1_Room_102
Compliance_LIVE Fire Extinguisher Training_MO,Compliance_LIVE Fire Extinguisher Training_MO-0008,02/22/2021 14:30:00.000,02/22/2021 15:45:00.000,America/Chicago,Offering of LIVE Fire Extinguisher Training,,ILT Content,3,10,4500,AGG.University@dummydata.com,1,Bldg_1_Room_102
Compliance_LIVE Fire Extinguisher Training_MO,Compliance_LIVE Fire Extinguisher Training_MO-0009,02/22/2021 16:00:00.000,02/22/2021 17:15:00.000,America/Chicago,Offering of LIVE Fire Extinguisher Training,,ILT Content,3,10,4500,AGG.University@dummydata.com,1,Bldg_1_Room_102
Compliance_LIVE Fire Extinguisher Training_MO,Compliance_LIVE Fire Extinguisher Training_MO-0010,02/22/2021 17:30:00.000,02/22/2021 18:45:00.000,America/Chicago,Offering of LIVE Fire Extinguisher Training,,ILT Content,3,10,4500,AGG.University@dummydata.com,1,Bldg_1_Room_102
Compliance_LIVE Fire Extinguisher Training_MO,Compliance_LIVE Fire Extinguisher Training_MO-0011,02/22/2021 20:00:00.000,02/22/2021 21:15:00.000,America/Chicago,Offering of LIVE Fire Extinguisher Training,,ILT Content,3,10,4500,AGG.University@dummydata.com,1,Bldg_1_Room_102
Compliance_LIVE Fire Extinguisher Training_MO,Compliance_LIVE Fire Extinguisher Training_MO-0012,02/22/2021 21:30:00.000,02/22/2021 22:45:00.000,America/Chicago,Offering of LIVE Fire Extinguisher Training,,ILT Content,3,10,4500,AGG.University@dummydata.com,1,Bldg_1_Room_102
Compliance_LIVE Fire Extinguisher Training_MO,Compliance_LIVE Fire Extinguisher Training_MO-0013,04/14/2021 12:00:00.000,04/14/2021 13:15:00.000,America/Chicago,Offering of LIVE Fire Extinguisher Training,,ILT Content,3,10,4500,AGG.University@dummydata.com,1,Bldg_1_Room_102
Compliance_LIVE Fire Extinguisher Training_MO,Compliance_LIVE Fire Extinguisher Training_MO-0014,04/14/2021 13:30:00.000,04/14/2021 14:45:00.000,America/Chicago,Offering of LIVE Fire Extinguisher Training,,ILT Content,3,10,4500,AGG.University@dummydata.com,1,Bldg_1_Room_102
Compliance_LIVE Fire Extinguisher Training_MO,Compliance_LIVE Fire Extinguisher Training_MO-0015,04/14/2021 15:00:00.000,04/14/2021 16:15:00.000,America/Chicago,Offering of LIVE Fire Extinguisher Training,,ILT Content,3,10,4500,AGG.University@dummydata.com,1,Bldg_1_Room_102
Compliance_LIVE Fire Extinguisher Training_MO,Compliance_LIVE Fire Extinguisher Training_MO-0016,04/14/2021 16:30:00.000,04/14/2021 17:45:00.000,America/Chicago,Offering of LIVE Fire Extinguisher Training,,ILT Content,3,10,4500,AGG.University@dummydata.com,1,Bldg_1_Room_102
Compliance_LIVE Fire Extinguisher Training_MO,Compliance_LIVE Fire Extinguisher Training_MO-0017,04/14/2021 19:00:00.000,04/14/2021 20:15:00.000,America/Chicago,Offering of LIVE Fire Extinguisher Training,,ILT Content,3,10,4500,AGG.University@dummydata.com,1,Bldg_1_Room_102
Compliance_LIVE Fire Extinguisher Training_MO,Compliance_LIVE Fire Extinguisher Training_MO-0018,04/14/2021 20:30:00.000,04/14/2021 21:45:00.000,America/Chicago,Offering of LIVE Fire Extinguisher Training,,ILT Content,3,10,4500,AGG.University@dummydata.com,1,Bldg_1_Room_102
Compliance_LIVE Fire Extinguisher Training_MO,Compliance_LIVE Fire Extinguisher Training_MO-0019,06/16/2021 12:00:00.000,06/16/2021 13:15:00.000,America/Chicago,Offering of LIVE Fire Extinguisher Training,,ILT Content,3,10,4500,AGG.University@dummydata.com,1,Bldg_1_Room_102
Compliance_LIVE Fire Extinguisher Training_MO,Compliance_LIVE Fire Extinguisher Training_MO-0020,06/16/2021 13:30:00.000,06/16/2021 14:45:00.000,America/Chicago,Offering of LIVE Fire Extinguisher Training,,ILT Content,3,10,4500,AGG.University@dummydata.com,1,Bldg_1_Room_102
Compliance_LIVE Fire Extinguisher Training_MO,Compliance_LIVE Fire Extinguisher Training_MO-0021,06/16/2021 15:00:00.000,06/16/2021 16:15:00.000,America/Chicago,Offering of LIVE Fire Extinguisher Training,,ILT Content,3,10,4500,AGG.University@dummydata.com,1,Bldg_1_Room_102
Compliance_LIVE Fire Extinguisher Training_MO,Compliance_LIVE Fire Extinguisher Training_MO-0022,06/16/2021 16:30:00.000,06/16/2021 17:45:00.000,America/Chicago,Offering of LIVE Fire Extinguisher Training,,ILT Content,3,10,4500,AGG.University@dummydata.com,1,Bldg_1_Room_102
Compliance_LIVE Fire Extinguisher Training_MO,Compliance_LIVE Fire Extinguisher Training_MO-0023,06/16/2021 19:00:00.000,06/16/2021 20:15:00.000,America/Chicago,Offering of LIVE Fire Extinguisher Training,,ILT Content,3,10,4500,AGG.University@dummydata.com,1,Bldg_1_Room_102
Compliance_LIVE Fire Extinguisher Training_MO,Compliance_LIVE Fire Extinguisher Training_MO-0024,06/16/2021 20:30:00.000,06/16/2021 21:45:00.000,America/Chicago,Offering of LIVE Fire Extinguisher Training,,ILT Content,3,10,4500,AGG.University@dummydata.com,1,Bldg_1_Room_102
Compliance_LIVE Fire Extinguisher Training_MO,Compliance_LIVE Fire Extinguisher Training_MO-0025,06/16/2021 11:00:00.000,06/16/2021 12:00:00.000,America/Chicago,Offering of LIVE Fire Extinguisher Training,,ILT Content,3,10,4500,AGG.University@dummydata.com,1,Bldg_1_Room_102
Compliance_LIVE Fire Extinguisher Training_MO,Compliance_LIVE Fire Extinguisher Training_MO-0026,08/26/2021 11:00:00.000,08/26/2021 12:15:00.000,America/Chicago,Offering of LIVE Fire Extinguisher Training,,ILT Content,3,10,4500,AGG.University@dummydata.com,1,Bldg_1_Room_102
Compliance_LIVE Fire Extinguisher Training_MO,Compliance_LIVE Fire Extinguisher Training_MO-0027,08/26/2021 12:00:00.000,08/26/2021 13:15:00.000,America/Chicago,Offering of LIVE Fire Extinguisher Training,,ILT Content,3,10,4500,AGG.University@dummydata.com,1,Bldg_1_Room_102
Compliance_LIVE Fire Extinguisher Training_MO,Compliance_LIVE Fire Extinguisher Training_MO-0028,08/26/2021 13:30:00.000,08/26/2021 14:45:00.000,America/Chicago,Offering of LIVE Fire Extinguisher Training,,ILT Content,3,10,4500,AGG.University@dummydata.com,1,Bldg_1_Room_102
Compliance_LIVE Fire Extinguisher Training_MO,Compliance_LIVE Fire Extinguisher Training_MO-0029,08/26/2021 15:00:00.000,08/26/2021 16:15:00.000,America/Chicago,Offering of LIVE Fire Extinguisher Training,,ILT Content,3,10,4500,AGG.University@dummydata.com,1,Bldg_1_Room_102
Compliance_LIVE Fire Extinguisher Training_MO,Compliance_LIVE Fire Extinguisher Training_MO-0030,08/26/2021 16:30:00.000,08/26/2021 17:45:00.000,America/Chicago,Offering of LIVE Fire Extinguisher Training,,ILT Content,3,10,4500,AGG.University@dummydata.com,1,Bldg_1_Room_102
Compliance_LIVE Fire Extinguisher Training_MO,Compliance_LIVE Fire Extinguisher Training_MO-0031,08/26/2021 19:00:00.000,08/26/2021 20:15:00.000,America/Chicago,Offering of LIVE Fire Extinguisher Training,,ILT Content,3,10,4500,AGG.University@dummydata.com,1,Bldg_1_Room_102
Compliance_LIVE Fire Extinguisher Training_MO,Compliance_LIVE Fire Extinguisher Training_MO-0032,08/26/2021 20:30:00.000,08/26/2021 21:45:00.000,America/Chicago,Offering of LIVE Fire Extinguisher Training,,ILT Content,3,10,4500,AGG.University@dummydata.com,1,Bldg_1_Room_102
Compliance_LIVE Fire Extinguisher Training_MO,Compliance_LIVE Fire Extinguisher Training_MO-0034,10/13/2021 13:30:00.000,10/13/2021 15:30:00.000,America/Chicago,Offering of LIVE Fire Extinguisher Training (Safety Department will Schedule Date & Time),,ILT Content,,,,AGG.University@dummydata.com,1,Bldg_1_Room_102
Compliance_LIVE Fire Extinguisher Training_MO,Compliance_LIVE Fire Extinguisher Training_MO-0035,10/11/2021 13:00:00,10/11/2021 14:15:00,America/Chicago,Offering of LIVE Fire Extinguisher Training (Safety Department will Schedule Date & Time),,ILT Content,,10,4500,AGG.University@dummydata.com,1,Bldg_1_Room_102
Compliance_LIVE Fire Extinguisher Training_MO,Compliance_LIVE Fire Extinguisher Training_MO-0036,10/11/2021 14:15:00,10/11/2021 15:15:00,America/Chicago,Offering of LIVE Fire Extinguisher Training (Safety Department will Schedule Date & Time),,ILT Content,,10,3600,AGG.University@dummydata.com,1,Bldg_1_Room_102
Compliance_LIVE Fire Extinguisher Training_MO,Compliance_LIVE Fire Extinguisher Training_MO-0037,10/11/2021 15:15:00,10/11/2021 16:15:00,America/Chicago,Offering of LIVE Fire Extinguisher Training (Safety Department will Schedule Date & Time),,ILT Content,,10,3600,AGG.University@dummydata.com,1,Bldg_1_Room_102
Compliance_LIVE Fire Extinguisher Training_MO,Compliance_LIVE Fire Extinguisher Training_MO-0038,01/03/2022 12:00:00,01/03/2022 13:15:00,America/Chicago,Offering of LIVE Fire Extinguisher Training,,ILT Content,3,10,4500,AGG.University@dummydata.com,1,Bldg_1_Room_102
Compliance_LIVE Fire Extinguisher Training_MO,Compliance_LIVE Fire Extinguisher Training_MO-0039,01/03/2022 13:30:00,01/03/2022 14:45:00,America/Chicago,Offering of LIVE Fire Extinguisher Training,,ILT Content,3,10,4500,AGG.University@dummydata.com,1,Bldg_1_Room_102
Compliance_LIVE Fire Extinguisher Training_MO,Compliance_LIVE Fire Extinguisher Training_MO-0040,01/03/2022 15:00:00,01/03/2022 16:15:00,America/Chicago,Offering of LIVE Fire Extinguisher Training,,ILT Content,3,10,4500,AGG.University@dummydata.com,1,Bldg_1_Room_102
Compliance_LIVE Fire Extinguisher Training_MO,Compliance_LIVE Fire Extinguisher Training_MO-0041,01/03/2022 16:30:00,01/03/2022 17:45:00,America/Chicago,Offering of LIVE Fire Extinguisher Training,,ILT Content,3,10,4500,AGG.University@dummydata.com,1,Bldg_1_Room_102
Compliance_LIVE Fire Extinguisher Training_MO,Compliance_LIVE Fire Extinguisher Training_MO-0042,01/03/2022 18:30:00,01/03/2022 19:45:00,America/Chicago,Offering of LIVE Fire Extinguisher Training,,ILT Content,3,10,4500,AGG.University@dummydata.com,1,Bldg_1_Room_102
Compliance_LIVE Fire Extinguisher Training_MO,Compliance_LIVE Fire Extinguisher Training_MO-0043,01/03/2022 20:00:00,01/03/2022 21:15:00,America/Chicago,Offering of LIVE Fire Extinguisher Training,,ILT Content,3,10,4500,AGG.University@dummydata.com,1,Bldg_1_Room_102
Compliance_LIVE Fire Extinguisher Training_MO,Compliance_LIVE Fire Extinguisher Training_MO-0044,02/03/2022 12:00:00,02/03/2022 13:15:00,America/Chicago,Offering of LIVE Fire Extinguisher Training,,ILT Content,3,10,4500,AGG.University@dummydata.com,1,Bldg_1_Room_102
Compliance_LIVE Fire Extinguisher Training_MO,Compliance_LIVE Fire Extinguisher Training_MO-0045,02/03/2022 13:30:00,02/03/2022 14:45:00,America/Chicago,Offering of LIVE Fire Extinguisher Training,,ILT Content,3,10,4500,AGG.University@dummydata.com,1,Bldg_1_Room_102
Compliance_LIVE Fire Extinguisher Training_MO,Compliance_LIVE Fire Extinguisher Training_MO-0046,02/03/2022 15:00:00,02/03/2022 16:15:00,America/Chicago,Offering of LIVE Fire Extinguisher Training,,ILT Content,3,10,4500,AGG.University@dummydata.com,1,Bldg_1_Room_102
Compliance_LIVE Fire Extinguisher Training_MO,Compliance_LIVE Fire Extinguisher Training_MO-0047,02/03/2022 16:30:00,02/03/2022 17:45:00,America/Chicago,Offering of LIVE Fire Extinguisher Training,,ILT Content,3,10,4500,AGG.University@dummydata.com,1,Bldg_1_Room_102
Compliance_LIVE Fire Extinguisher Training_MO,Compliance_LIVE Fire Extinguisher Training_MO-0048,02/03/2022 18:30:00,02/03/2022 19:45:00,America/Chicago,Offering of LIVE Fire Extinguisher Training,,ILT Content,3,10,4500,AGG.University@dummydata.com,1,Bldg_1_Room_102
Compliance_LIVE Fire Extinguisher Training_MO,Compliance_LIVE Fire Extinguisher Training_MO-0049,02/03/2022 20:00:00,02/03/2022 21:15:00,America/Chicago,Offering of LIVE Fire Extinguisher Training,,ILT Content,3,10,4500,AGG.University@dummydata.com,1,Bldg_1_Room_102
Compliance_LIVE Fire Extinguisher Training_MO,Compliance_LIVE Fire Extinguisher Training_MO-0050,05/04/2022 11:00:00,05/04/2022 12:15:00,America/Chicago,Offering of LIVE Fire Extinguisher Training,,ILT Content,3,10,4500,AGG.University@dummydata.com,1,Bldg_1_Room_102
Compliance_LIVE Fire Extinguisher Training_MO,Compliance_LIVE Fire Extinguisher Training_MO-0051,05/04/2022 12:30:00,05/04/2022 13:45:00,America/Chicago,Offering of LIVE Fire Extinguisher Training,,ILT Content,3,10,4500,AGG.University@dummydata.com,1,Bldg_1_Room_102
Compliance_LIVE Fire Extinguisher Training_MO,Compliance_LIVE Fire Extinguisher Training_MO-0052,05/04/2022 14:00:00,05/04/2022 15:15:00,America/Chicago,Offering of LIVE Fire Extinguisher Training,,ILT Content,3,10,4500,AGG.University@dummydata.com,1,Bldg_1_Room_102
Compliance_LIVE Fire Extinguisher Training_MO,Compliance_LIVE Fire Extinguisher Training_MO-0053,05/04/2022 15:30:00,05/04/2022 16:45:00,America/Chicago,Offering of LIVE Fire Extinguisher Training,,ILT Content,3,10,4500,AGG.University@dummydata.com,1,Bldg_1_Room_102
Compliance_LIVE Fire Extinguisher Training_MO,Compliance_LIVE Fire Extinguisher Training_MO-0054,05/04/2022 17:30:00,05/04/2022 18:45:00,America/Chicago,Offering of LIVE Fire Extinguisher Training,,ILT Content,3,10,4500,AGG.University@dummydata.com,1,Bldg_1_Room_102
Compliance_LIVE Fire Extinguisher Training_MO,Compliance_LIVE Fire Extinguisher Training_MO-0055,05/04/2022 19:00:00,05/04/2022 20:15:00,America/Chicago,Offering of LIVE Fire Extinguisher Training,,ILT Content,3,10,4500,AGG.University@dummydata.com,1,Bldg_1_Room_102
Compliance_LIVE Fire Extinguisher Training_MO,Compliance_LIVE Fire Extinguisher Training_MO-0056,06/04/2022 11:00:00,06/04/2022 12:15:00,America/Chicago,Offering of LIVE Fire Extinguisher Training,,ILT Content,3,10,4500,AGG.University@dummydata.com,1,Bldg_1_Room_102
Compliance_LIVE Fire Extinguisher Training_MO,Compliance_LIVE Fire Extinguisher Training_MO-0057,06/04/2022 12:30:00,06/04/2022 13:45:00,America/Chicago,Offering of LIVE Fire Extinguisher Training,,ILT Content,3,10,4500,AGG.University@dummydata.com,1,Bldg_1_Room_102
Compliance_LIVE Fire Extinguisher Training_MO,Compliance_LIVE Fire Extinguisher Training_MO-0058,06/04/2022 14:00:00,06/04/2022 15:15:00,America/Chicago,Offering of LIVE Fire Extinguisher Training,,ILT Content,3,10,4500,AGG.University@dummydata.com,1,Bldg_1_Room_102
Compliance_LIVE Fire Extinguisher Training_MO,Compliance_LIVE Fire Extinguisher Training_MO-0059,06/04/2022 15:30:00,06/04/2022 16:45:00,America/Chicago,Offering of LIVE Fire Extinguisher Training,,ILT Content,3,10,4500,AGG.University@dummydata.com,1,Bldg_1_Room_102
Compliance_LIVE Fire Extinguisher Training_MO,Compliance_LIVE Fire Extinguisher Training_MO-0060,06/04/2022 17:30:00,06/04/2022 18:45:00,America/Chicago,Offering of LIVE Fire Extinguisher Training,,ILT Content,3,10,4500,AGG.University@dummydata.com,1,Bldg_1_Room_102
Compliance_LIVE Fire Extinguisher Training_MO,Compliance_LIVE Fire Extinguisher Training_MO-0061,06/04/2022 19:00:00,06/04/2022 20:15:00,America/Chicago,Offering of LIVE Fire Extinguisher Training,,ILT Content,3,10,4500,AGG.University@dummydata.com,1,Bldg_1_Room_102
Compliance_LIVE Fire Extinguisher Training_MO,Compliance_LIVE Fire Extinguisher Training_MO-0062,05/04/2022 20:00:00,05/04/2022 21:15:00,America/Chicago,Offering of LIVE Fire Extinguisher Training,,ILT Content,3,10,4500,AGG.University@dummydata.com,1,Bldg_1_Room_102
Compliance_LIVE Fire Extinguisher Training_MO,Compliance_LIVE Fire Extinguisher Training_MO-0063,06/22/2022 11:00:00.000,06/22/2022 12:15:00.000,America/Chicago,Offering of LIVE Fire Extinguisher Training,,ILT Content,3,10,4500,AGG.University@dummydata.com,1,Bldg_1_Room_102
Compliance_LIVE Fire Extinguisher Training_MO,Compliance_LIVE Fire Extinguisher Training_MO-0064,06/22/2022 12:30:00.000,06/22/2022 13:45:00.000,America/Chicago,Offering of LIVE Fire Extinguisher Training,,ILT Content,3,10,4500,AGG.University@dummydata.com,1,Bldg_1_Room_102
Compliance_LIVE Fire Extinguisher Training_MO,Compliance_LIVE Fire Extinguisher Training_MO-0065,06/23/2022 11:00:00.000,06/23/2022 12:15:00.000,America/Chicago,Offering of LIVE Fire Extinguisher Training,,ILT Content,3,10,4500,AGG.University@dummydata.com,1,Bldg_1_Room_102
Compliance_LIVE Fire Extinguisher Training_MO,Compliance_LIVE Fire Extinguisher Training_MO-0066,06/22/2022 14:00:00.000,06/22/2022 15:15:00.000,America/Chicago,Offering of LIVE Fire Extinguisher Training,,ILT Content,3,10,4500,AGG.University@dummydata.com,1,Bldg_1_Room_102
Compliance_LIVE Fire Extinguisher Training_MO,Compliance_LIVE Fire Extinguisher Training_MO-0067,06/22/2022 15:30:00.000,06/22/2022 16:45:00.000,America/Chicago,Offering of LIVE Fire Extinguisher Training,,ILT Content,3,10,4500,AGG.University@dummydata.com,1,Bldg_1_Room_102
Compliance_LIVE Fire Extinguisher Training_MO,Compliance_LIVE Fire Extinguisher Training_MO-0068,06/22/2022 17:30:00.000,06/22/2022 18:45:00.000,America/Chicago,Offering of LIVE Fire Extinguisher Training,,ILT Content,3,10,4500,AGG.University@dummydata.com,1,Bldg_1_Room_102
Compliance_LIVE Fire Extinguisher Training_MO,Compliance_LIVE Fire Extinguisher Training_MO-0069,06/22/2022 19:00:00.000,06/22/2022 20:15:00.000,America/Chicago,Offering of LIVE Fire Extinguisher Training,,ILT Content,3,10,4500,AGG.University@dummydata.com,1,Bldg_1_Room_102
Compliance_LIVE Fire Extinguisher Training_MO,Compliance_LIVE Fire Extinguisher Training_MO-0070,06/23/2022 12:30:00.000,06/23/2022 13:45:00.000,America/Chicago,Offering of LIVE Fire Extinguisher Training,,ILT Content,3,10,4500,AGG.University@dummydata.com,1,Bldg_1_Room_102
Compliance_LIVE Fire Extinguisher Training_MO,Compliance_LIVE Fire Extinguisher Training_MO-0071,06/23/2022 14:00:00.000,06/23/2022 15:15:00.000,America/Chicago,Offering of LIVE Fire Extinguisher Training,,ILT Content,3,10,4500,AGG.University@dummydata.com,1,Bldg_1_Room_102
Compliance_LIVE Fire Extinguisher Training_MO,Compliance_LIVE Fire Extinguisher Training_MO-0072,06/23/2022 15:30:00.000,06/23/2022 16:45:00.000,America/Chicago,Offering of LIVE Fire Extinguisher Training,,ILT Content,3,10,4500,AGG.University@dummydata.com,1,Bldg_1_Room_102
Compliance_LIVE Fire Extinguisher Training_MO,Compliance_LIVE Fire Extinguisher Training_MO-0073,06/23/2022 17:30:00.000,06/23/2022 18:45:00.000,America/Chicago,Offering of LIVE Fire Extinguisher Training,,ILT Content,3,10,4500,AGG.University@dummydata.com,1,Bldg_1_Room_102
Compliance_LIVE Fire Extinguisher Training_MO,Compliance_LIVE Fire Extinguisher Training_MO-0074,06/23/2022 19:00:00.000,06/23/2022 20:15:00.000,America/Chicago,Offering of LIVE Fire Extinguisher Training,,ILT Content,3,10,4500,AGG.University@dummydata.com,1,Bldg_1_Room_102
Compliance_LIVE Fire Extinguisher Training_MO,Compliance_LIVE Fire Extinguisher Training_MO-0075,06/23/2022 20:15:00.000,06/23/2022 21:30:00.000,America/Chicago,Offering of LIVE Fire Extinguisher Training,,ILT Content,3,10,4500,AGG.University@dummydata.com,1,Bldg_1_Room_102
Compliance_LIVE Fire Extinguisher Training_MO,Compliance_LIVE Fire Extinguisher Training_MO-0076,06/07/2022 23:00:00,07/07/2022 00:15:00,America/Chicago,Offering of LIVE Fire Extinguisher Training,,ILT Content,3,10,4500,AGG.University@dummydata.com,1,Bldg_1_Room_102
Compliance_LIVE Fire Extinguisher Training_MO,Compliance_LIVE Fire Extinguisher Training_MO-0077,10/08/2022 11:00:00,10/08/2022 12:15:00,America/Chicago,Offering of LIVE Fire Extinguisher Training,,ILT Content,3,10,4500,AGG.University@dummydata.com,1,Bldg_1_Room_102
Compliance_LIVE Fire Extinguisher Training_MO,Compliance_LIVE Fire Extinguisher Training_MO-0078,10/08/2022 12:30:00,10/08/2022 13:45:00,America/Chicago,Offering of LIVE Fire Extinguisher Training,,ILT Content,3,10,4500,AGG.University@dummydata.com,1,Bldg_1_Room_102
Compliance_LIVE Fire Extinguisher Training_MO,Compliance_LIVE Fire Extinguisher Training_MO-0079,10/08/2022 14:00:00,10/08/2022 15:15:00,America/Chicago,Offering of LIVE Fire Extinguisher Training,,ILT Content,3,10,4500,AGG.University@dummydata.com,1,Bldg_1_Room_102
Compliance_LIVE Fire Extinguisher Training_MO,Compliance_LIVE Fire Extinguisher Training_MO-0080,10/08/2022 15:30:00,10/08/2022 16:45:00,America/Chicago,Offering of LIVE Fire Extinguisher Training,,ILT Content,3,10,4500,AGG.University@dummydata.com,1,Bldg_1_Room_102
Compliance_LIVE Fire Extinguisher Training_MO,Compliance_LIVE Fire Extinguisher Training_MO-0081,10/08/2022 17:30:00,10/08/2022 18:45:00,America/Chicago,Offering of LIVE Fire Extinguisher Training,,ILT Content,3,10,4500,AGG.University@dummydata.com,1,Bldg_1_Room_102
Compliance_LIVE Fire Extinguisher Training_MO,Compliance_LIVE Fire Extinguisher Training_MO-0082,10/08/2022 19:00:00,10/08/2022 20:15:00,America/Chicago,Offering of LIVE Fire Extinguisher Training,,ILT Content,3,10,4500,AGG.University@dummydata.com,1,Bldg_1_Room_102
Compliance_LIVE Fire Extinguisher Training_MO,Compliance_LIVE Fire Extinguisher Training_MO-0083,10/08/2022 20:30:00,10/08/2022 21:45:00,America/Chicago,Offering of LIVE Fire Extinguisher Training,,ILT Content,3,10,4500,AGG.University@dummydata.com,1,Bldg_1_Room_102
Compliance_LIVE Fire Extinguisher Training_MO,Compliance_LIVE Fire Extinguisher Training_MO-0084,05/10/2022 11:00:00,05/10/2022 12:15:00,America/Chicago,Offering of LIVE Fire Extinguisher Training,,ILT Content,3,10,4500,AGG.University@dummydata.com,1,Bldg_1_Room_102
Compliance_LIVE Fire Extinguisher Training_MO,Compliance_LIVE Fire Extinguisher Training_MO-0085,05/10/2022 12:30:00,05/10/2022 13:45:00,America/Chicago,Offering of LIVE Fire Extinguisher Training,,ILT Content,3,10,4500,AGG.University@dummydata.com,1,Bldg_1_Room_102
Compliance_LIVE Fire Extinguisher Training_MO,Compliance_LIVE Fire Extinguisher Training_MO-0086,05/10/2022 14:00:00,05/10/2022 15:15:00,America/Chicago,Offering of LIVE Fire Extinguisher Training,,ILT Content,3,10,4500,AGG.University@dummydata.com,1,Bldg_1_Room_102
Compliance_LIVE Fire Extinguisher Training_MO,Compliance_LIVE Fire Extinguisher Training_MO-0087,05/10/2022 15:30:00,05/10/2022 16:45:00,America/Chicago,Offering of LIVE Fire Extinguisher Training,,ILT Content,3,10,4500,AGG.University@dummydata.com,1,Bldg_1_Room_102
Compliance_LIVE Fire Extinguisher Training_MO,Compliance_LIVE Fire Extinguisher Training_MO-0088,05/10/2022 17:30:00,05/10/2022 18:45:00,America/Chicago,Offering of LIVE Fire Extinguisher Training,,ILT Content,3,10,4500,AGG.University@dummydata.com,1,Bldg_1_Room_102
Compliance_LIVE Fire Extinguisher Training_MO,Compliance_LIVE Fire Extinguisher Training_MO-0089,05/10/2022 19:00:00,05/10/2022 20:15:00,America/Chicago,Offering of LIVE Fire Extinguisher Training,,ILT Content,3,10,4500,AGG.University@dummydata.com,1,Bldg_1_Room_102
Compliance_LIVE Fire Extinguisher Training_MO,Compliance_LIVE Fire Extinguisher Training_MO-0090,05/10/2022 20:30:00,05/10/2022 21:45:00,America/Chicago,Offering of LIVE Fire Extinguisher Training,,ILT Content,3,10,4500,AGG.University@dummydata.com,1,Bldg_1_Room_102
Compliance_LIVE Fire Extinguisher Training_MO,Compliance_LIVE Fire Extinguisher Training_MO-0091,06/10/2022 11:00:00,06/10/2022 12:15:00,America/Chicago,Offering of LIVE Fire Extinguisher Training,,ILT Content,3,10,4500,AGG.University@dummydata.com,1,Bldg_1_Room_102
Compliance_LIVE Fire Extinguisher Training_MO,Compliance_LIVE Fire Extinguisher Training_MO-0092,06/10/2022 12:30:00,06/10/2022 13:45:00,America/Chicago,Offering of LIVE Fire Extinguisher Training,,ILT Content,3,10,4500,AGG.University@dummydata.com,1,Bldg_1_Room_102
Compliance_LIVE Fire Extinguisher Training_MO,Compliance_LIVE Fire Extinguisher Training_MO-0093,06/10/2022 14:00:00,06/10/2022 15:15:00,America/Chicago,Offering of LIVE Fire Extinguisher Training,,ILT Content,3,10,4500,AGG.University@dummydata.com,1,Bldg_1_Room_102
Compliance_LIVE Fire Extinguisher Training_MO,Compliance_LIVE Fire Extinguisher Training_MO-0094,06/10/2022 15:30:00,06/10/2022 16:45:00,America/Chicago,Offering of LIVE Fire Extinguisher Training,,ILT Content,3,10,4500,AGG.University@dummydata.com,1,Bldg_1_Room_102
Compliance_LIVE Fire Extinguisher Training_MO,Compliance_LIVE Fire Extinguisher Training_MO-0095,06/10/2022 17:30:00,06/10/2022 18:45:00,America/Chicago,Offering of LIVE Fire Extinguisher Training,,ILT Content,3,10,4500,AGG.University@dummydata.com,1,Bldg_1_Room_102
Compliance_LIVE Fire Extinguisher Training_MO,Compliance_LIVE Fire Extinguisher Training_MO-0096,06/10/2022 19:00:00,06/10/2022 20:15:00,America/Chicago,Offering of LIVE Fire Extinguisher Training,,ILT Content,3,10,4500,AGG.University@dummydata.com,1,Bldg_1_Room_102
Compliance_LIVE Fire Extinguisher Training_MO,Compliance_LIVE Fire Extinguisher Training_MO-0097,06/10/2022 20:30:00,06/10/2022 21:45:00,America/Chicago,Offering of LIVE Fire Extinguisher Training,,ILT Content,3,10,4500,AGG.University@dummydata.com,1,Bldg_1_Room_102
Compliance_LIVE Fire Extinguisher Training_MO,Compliance_LIVE Fire Extinguisher Training_MO-0098,10/11/2022 12:00:00,10/11/2022 13:15:00,America/Chicago,Offering of LIVE Fire Extinguisher Training,,ILT Content,3,10,4500,AGG.University@dummydata.com,1,Bldg_1_Room_102
Compliance_LIVE Fire Extinguisher Training_MO,Compliance_LIVE Fire Extinguisher Training_MO-0099,10/11/2022 13:30:00,10/11/2022 14:45:00,America/Chicago,Offering of LIVE Fire Extinguisher Training,,ILT Content,3,10,4500,AGG.University@dummydata.com,1,Bldg_1_Room_102
Compliance_LIVE Fire Extinguisher Training_MO,Compliance_LIVE Fire Extinguisher Training_MO-0100,10/11/2022 15:00:00,10/11/2022 16:15:00,America/Chicago,Offering of LIVE Fire Extinguisher Training,,ILT Content,3,10,4500,AGG.University@dummydata.com,1,Bldg_1_Room_102
Compliance_LIVE Fire Extinguisher Training_MO,Compliance_LIVE Fire Extinguisher Training_MO-0101,10/11/2022 16:30:00,10/11/2022 17:45:00,America/Chicago,Offering of LIVE Fire Extinguisher Training,,ILT Content,3,10,4500,AGG.University@dummydata.com,1,Bldg_1_Room_102
Compliance_LIVE Fire Extinguisher Training_MO,Compliance_LIVE Fire Extinguisher Training_MO-0102,10/11/2022 18:30:00,10/11/2022 19:45:00,America/Chicago,Offering of LIVE Fire Extinguisher Training,,ILT Content,3,10,4500,AGG.University@dummydata.com,1,Bldg_1_Room_102
Compliance_LIVE Fire Extinguisher Training_MO,Compliance_LIVE Fire Extinguisher Training_MO-0103,10/11/2022 20:00:00,10/11/2022 21:15:00,America/Chicago,Offering of LIVE Fire Extinguisher Training,,ILT Content,3,10,4500,AGG.University@dummydata.com,1,Bldg_1_Room_102
Compliance_LIVE Fire Extinguisher Training_MO,Compliance_LIVE Fire Extinguisher Training_MO-0104,10/11/2022 21:30:00,10/11/2022 22:45:00,America/Chicago,Offering of LIVE Fire Extinguisher Training,,ILT Content,3,10,4500,AGG.University@dummydata.com,1,Bldg_1_Room_102
Compliance_LIVE Fire Extinguisher Training_MO,Compliance_LIVE Fire Extinguisher Training_MO-0105,02/21/2023 12:00:00.000,02/21/2023 13:15:00.000,America/Chicago,Offering of LIVE Fire Extinguisher Training,,ILT Content,3,10,4500,AGG.University@dummydata.com,1,Bldg_1_Room_102
Compliance_LIVE Fire Extinguisher Training_MO,Compliance_LIVE Fire Extinguisher Training_MO-0106,02/21/2023 13:30:00.000,02/21/2023 14:45:00.000,America/Chicago,Offering of LIVE Fire Extinguisher Training,,ILT Content,3,10,4500,AGG.University@dummydata.com,1,Bldg_1_Room_102
Compliance_LIVE Fire Extinguisher Training_MO,Compliance_LIVE Fire Extinguisher Training_MO-0107,02/21/2023 15:00:00.000,02/21/2023 16:15:00.000,America/Chicago,Offering of LIVE Fire Extinguisher Training,,ILT Content,3,10,4500,AGG.University@dummydata.com,1,Bldg_1_Room_102
Compliance_LIVE Fire Extinguisher Training_MO,Compliance_LIVE Fire Extinguisher Training_MO-0108,02/21/2023 16:30:00.000,02/21/2023 17:45:00.000,America/Chicago,Offering of LIVE Fire Extinguisher Training,,ILT Content,3,10,4500,AGG.University@dummydata.com,1,Bldg_1_Room_102
Compliance_LIVE Fire Extinguisher Training_MO,Compliance_LIVE Fire Extinguisher Training_MO-0109,02/21/2023 18:30:00.000,02/21/2023 19:45:00.000,America/Chicago,Offering of LIVE Fire Extinguisher Training,,ILT Content,3,10,4500,AGG.University@dummydata.com,1,Bldg_1_Room_102
Compliance_LIVE Fire Extinguisher Training_MO,Compliance_LIVE Fire Extinguisher Training_MO-0110,02/21/2023 20:00:00.000,02/21/2023 21:15:00.000,America/Chicago,Offering of LIVE Fire Extinguisher Training,,ILT Content,3,10,4500,AGG.University@dummydata.com,1,Bldg_1_Room_102
Compliance_LIVE Fire Extinguisher Training_MO,Compliance_LIVE Fire Extinguisher Training_MO-0111,02/21/2023 21:30:00.000,02/21/2023 22:45:00.000,America/Chicago,Offering of LIVE Fire Extinguisher Training,,ILT Content,3,10,4500,AGG.University@dummydata.com,1,Bldg_1_Room_102
Compliance_LIVE Fire Extinguisher Training_MO,Compliance_LIVE Fire Extinguisher Training_MO-0112,09/03/2023 12:00:00,09/03/2023 13:15:00,America/Chicago,Offering of LIVE Fire Extinguisher Training,,ILT Content,0,10,4500,AGG.University@dummydata.com,1,Bldg_1_Room_102
Compliance_LIVE Fire Extinguisher Training_MO,Compliance_LIVE Fire Extinguisher Training_MO-0113,09/03/2023 13:30:00,09/03/2023 14:45:00,America/Chicago,Offering of LIVE Fire Extinguisher Training,,ILT Content,0,10,4500,AGG.University@dummydata.com,1,Bldg_1_Room_102
Compliance_LIVE Fire Extinguisher Training_MO,Compliance_LIVE Fire Extinguisher Training_MO-0114,09/03/2023 21:30:00,09/03/2023 22:45:00,America/Chicago,Offering of LIVE Fire Extinguisher Training,,ILT Content,0,10,4500,AGG.University@dummydata.com,1,Bldg_1_Room_102
Compliance_LIVE Fire Extinguisher Training_MO,Compliance_LIVE Fire Extinguisher Training_MO-0115,04/04/2023 11:00:00,04/04/2023 12:15:00,America/Chicago,Offering of LIVE Fire Extinguisher Training,,ILT Content,3,10,4500,AGG.University@dummydata.com,1,Bldg_1_Room_102
Compliance_LIVE Fire Extinguisher Training_MO,Compliance_LIVE Fire Extinguisher Training_MO-0116,04/04/2023 12:30:00,04/04/2023 13:45:00,America/Chicago,Offering of LIVE Fire Extinguisher Training,,ILT Content,3,10,4500,AGG.University@dummydata.com,1,Bldg_1_Room_102
Compliance_LIVE Fire Extinguisher Training_MO,Compliance_LIVE Fire Extinguisher Training_MO-0117,04/04/2023 19:00:00,04/04/2023 20:15:00,America/Chicago,Offering of LIVE Fire Extinguisher Training,,ILT Content,3,10,4500,AGG.University@dummydata.com,1,Bldg_1_Room_102
Compliance_LIVE Fire Extinguisher Training_MO,Compliance_LIVE Fire Extinguisher Training_MO-0118,04/04/2023 20:30:00,04/04/2023 21:45:00,America/Chicago,Offering of LIVE Fire Extinguisher Training,,ILT Content,3,10,4500,AGG.University@dummydata.com,1,Bldg_1_Room_102
Compliance_LIVE Fire Extinguisher Training_MO,Compliance_LIVE Fire Extinguisher Training_MO-0119,04/04/2023 14:00:00,04/04/2023 15:15:00,America/Chicago,Offering of LIVE Fire Extinguisher Training,,ILT Content,3,10,4500,AGG.University@dummydata.com,1,Bldg_1_Room_102
Compliance_LIVE Fire Extinguisher Training_MO,Compliance_LIVE Fire Extinguisher Training_MO-0121,03/04/2023 13:00:00,03/04/2023 14:15:00,America/Chicago,AGGNAI Offering of LIVE Fire Extinguisher Training,,ILT Content,3,10,4500,AGG.University@dummydata.com,1,Bldg_1_Room_102
Compliance_LIVE Fire Extinguisher Training_MO,Compliance_LIVE Fire Extinguisher Training_MO-0122,07/25/2023 11:00:00.000,07/25/2023 12:15:00.000,America/Chicago,Offering of LIVE Fire Extinguisher Training (Safety Department will Schedule Date & Time),,ILT Content,,,,AGG.University@dummydata.com,1,Bldg_1_Room_102
Compliance_LIVE Fire Extinguisher Training_MO,Compliance_LIVE Fire Extinguisher Training_MS-0001,03/31/2023 13:00:00.000,03/31/2023 14:15:00.000,America/Chicago,AGGMS Offering of LIVE Fire Extinguisher Training,,ILT Content,3,10,4500,AGG.University@dummydata.com,1,Bldg_1_Room_102
Compliance_Propane Fill Certification,Compliance_Propane Fill Certification-0002,11/12/2018 13:00:00,11/12/2018 17:00:00,America/Chicago,Offering of Propane Fill Certification,,ILT Content,10,25,10800,AGG.University@dummydata.com,1,Bldg_1_Room_102
Compliance_Propane Fill Certification,Compliance_Propane Fill Certification-0003,12/13/2018 13:00:00.000,12/13/2018 17:00:00.000,America/Chicago,Offering of Propane Fill Certification,,ILT Content,10,25,10800,AGG.University@dummydata.com,1,Bldg_1_Room_102
Compliance_Propane Fill Certification,Compliance_Propane Fill Certification-0004,01/16/2019 20:00:00.000,01/17/2019 00:00:00.000,America/Chicago,Offering of Propane Fill Certification,,ILT Content,10,25,10800,AGG.University@dummydata.com,1,Bldg_1_Room_102
Compliance_Propane Fill Certification,Compliance_Propane Fill Certification-0005,01/17/2019 20:00:00.000,01/18/2019 00:00:00.000,America/Chicago,Offering of Propane Fill Certification,,ILT Content,10,25,10800,AGG.University@dummydata.com,1,Bldg_1_Room_102
Compliance_Propane Fill Certification,Compliance_Propane Fill Certification-0006,12/02/2019 11:00:00,12/02/2019 15:00:00,America/Chicago,Offering of Propane Fill Certification,,ILT Content,10,25,10800,AGG.University@dummydata.com,1,Bldg_1_Room_102
Compliance_Propane Fill Certification,Compliance_Propane Fill Certification-0007,06/03/2019 13:00:00,06/03/2019 17:00:00,America/Chicago,Offering of Propane Fill Certification,,ILT Content,10,25,10800,AGG.University@dummydata.com,1,Bldg_1_Room_102
Compliance_Propane Fill Certification,Compliance_Propane Fill Certification-0008,02/07/2019 12:00:00,02/07/2019 16:00:00,America/Chicago,Offering of Propane Fill Certification,,ILT Content,6,25,14400,AGG.University@dummydata.com,1,Bldg_1_Room_102
Compliance_Propane Fill Certification,Compliance_Propane Fill Certification-0009,09/13/2019 12:00:00.000,09/13/2019 16:00:00.000,America/Chicago,Offering of Propane Fill Certification,,ILT Content,6,25,14400,AGG.University@dummydata.com,1,Bldg_1_Room_102
Compliance_Propane Fill Certification,Compliance_Propane Fill Certification-0010,10/12/2019 20:00:00,11/12/2019 00:00:00,America/Chicago,Offering of Propane Fill Certification,,ILT Content,6,25,14400,AGG.University@dummydata.com,1,Bldg_1_Room_102
Compliance_Propane Fill Certification,Compliance_Propane Fill Certification-0011,03/26/2020 12:00:00.000,03/26/2020 16:00:00.000,America/Chicago,Offering of Propane Fill Certification (CANCELLED),,ILT Content,6,25,14400,AGG.University@dummydata.com,1,Bldg_1_Room_102
Compliance_Propane Fill Certification,Compliance_Propane Fill Certification-0012,11/11/2020 13:00:00,11/11/2020 17:00:00,America/Chicago,Offering of Propane Fill Certification,,ILT Content,5,12,14400,AGG.University@dummydata.com,1,Bldg_1_Room_102
Compliance_Propane Fill Certification,Compliance_Propane Fill Certification-0013,09/02/2022 12:00:00,09/02/2022 16:00:00,America/Chicago,Offering of Propane Fill Certification (Canceled),,ILT Content,,12,14400,AGG.University@dummydata.com,1,Bldg_1_Room_102
Compliance_Propane Fill Certification,Compliance_Propane Fill Certification-0014,02/23/2022 12:00:00.000,02/23/2022 16:00:00.000,America/Chicago,Offering of Propane Fill Certification,,ILT Content,,12,,AGG.University@dummydata.com,1,Bldg_1_Room_102
Compliance_AGG Legal Compliance Training (ILT),Compliance_AGG Legal Compliance Training (ILT)-0001,04/29/2024 18:00:00.000,04/29/2024 19:00:00.000,America/Chicago,Offering of AGG Legal Compliance Training (ILT),angelaadmin,ILT Content,,,,AGG.University@dummydata.com,1,Bldg_1_Room_102
Compliance_AGG Legal Compliance Training (ILT),Compliance_AGG Legal Compliance Training (ILT)-0001,04/29/2024 18:00:00.000,04/29/2024 19:00:00.000,America/Chicago,Offering of AGG Legal Compliance Training (ILT),jenadmin,ILT Content,,,,AGG.University@dummydata.com,1,Bldg_1_Room_102
Compliance_AGG Legal Compliance Training (ILT),Compliance_AGG Legal Compliance Training (ILT)-0001,04/29/2024 18:00:00.000,04/29/2024 19:00:00.000,America/Chicago,Offering of AGG Legal Compliance Training (ILT),tyleradmin,ILT Content,,,,AGG.University@dummydata.com,1,Bldg_1_Room_102
"Computer & Software_Access 2010, Part 1","Computer & Software_Access 2010, Part 1 Class",01/31/2008 00:00:00.000,01/31/2008 01:00:00.000,America/New_York,Microsoft Access 2010 Part 1 Class,,ILT Content,,,,,1,Bldg_1_Room_102
"Computer & Software_Access 2010, Part 2","Computer & Software_Access 2010, Part 2 Class",01/31/2008 00:00:00.000,01/31/2008 01:00:00.000,America/New_York,Microsoft Access 2010 Part 2 Class,,ILT Content,,,,,1,Bldg_1_Room_102
Computer & Software_aPriori (vendor),Computer & Software_aPriori (vendor) Class,01/31/2008 00:00:00.000,01/31/2008 01:00:00.000,America/New_York,aPriori Class,,ILT Content,,,,,1,Bldg_1_Room_102
Computer & Software_Excel (Chart & Graphs) (vendor),Computer & Software_Excel (Chart & Graphs) (vendor) Class,01/31/2008 00:00:00.000,01/31/2008 01:00:00.000,America/New_York,Excel - Charts & Graphs Class,,ILT Content,,,,,1,Bldg_1_Room_102
Computer & Software_Excel Basics (vendor),Computer & Software_Excel Basics (vendor) Class,01/31/2008 00:00:00.000,01/31/2008 01:00:00.000,America/New_York,Microsoft Excel Basics Class,,ILT Content,,,,,1,Bldg_1_Room_102
Computer & Software_Excel Formatting (vendor),Computer & Software_Excel Formatting (vendor) Class,01/31/2008 00:00:00.000,01/31/2008 01:00:00.000,America/New_York,Microsoft Excel Formatting Class,,ILT Content,,,,,1,Bldg_1_Room_102
Computer & Software_Excel Formulas (vendor),Computer & Software_Excel Formulas (vendor) Class,01/31/2008 00:00:00.000,01/31/2008 01:00:00.000,America/New_York,Microsoft Excel Formulas Class,,ILT Content,,,,,1,Bldg_1_Room_102
Computer & Software_Excel Graphing (vendor),Computer & Software_Excel Graphing (vendor) Class,01/31/2008 00:00:00.000,01/31/2008 01:00:00.000,America/New_York,Microsoft Excel Graphing Class,,ILT Content,,,,,1,Bldg_1_Room_102
Computer & Software_JDE,Computer & Software_JDE Class,01/31/2008 00:00:00.000,01/31/2008 01:00:00.000,America/New_York,JDE Class,,ILT Content,,,,,1,Bldg_1_Room_102
Computer & Software_Microsoft Outlook,Computer & Software_Microsoft Outlook Class,01/31/2008 00:00:00.000,01/31/2008 01:00:00.000,America/New_York,Microsoft Outlook Class,,ILT Content,,,,,1,Bldg_1_Room_102
"Computer & Software_Project 2010, Level 1 (vendor)","Computer & Software_Project 2010, Level 1 (vendor) Class",01/31/2008 00:00:00.000,01/31/2008 01:00:00.000,America/New_York,Microsoft Project 2010 Level 1 Class,,ILT Content,,,,,1,Bldg_1_Room_102
"Computer & Software_Project 2010, Level 2 (vendor)","Computer & Software_Project 2010, Level 2 (vendor) Class",01/31/2008 00:00:00.000,01/31/2008 01:00:00.000,America/New_York,Microsoft Project 2010 Level 2 Class,,ILT Content,,,,,1,Bldg_1_Room_102
Computer & Software_Shop Floor Data Entry,Computer & Software_Shop Floor Data Entry Class,01/31/2008 00:00:00.000,01/31/2008 01:00:00.000,America/New_York,Shop Floor Data Entry Class,,ILT Content,,,,,1,Bldg_1_Room_102
Computer Skills_Excel Basic,Computer_Excel Basic-0001,11/26/2018 13:30:00.000,11/30/2018 15:30:00.000,America/Chicago,Offering of Excel Basic 10-Hour Certification,,ILT Content,6,15,36000,AGG.University@dummydata.com,1,Bldg_1_Room_102
Computer Skills_Excel Basic,Computer_Excel Basic-0001,11/26/2018 13:30:00.000,01/14/2019 22:00:00.000,America/Chicago,TEST Offering of Excel Basic 10-Hour Certification,,ILT Content,,15,36000,AGG.University@dummydata.com,1,Bldg_1_Room_102
Computer Skills_Excel Basic,Computer_Excel Basic-0010,03/18/2019 00:30:00.000,03/22/2019 02:30:00.000,America/Chicago,Offering of Excel Basic 10-Hour Certification,,ILT Content,6,15,36000,AGG.University@dummydata.com,1,Bldg_1_Room_102
Computer Skills_Excel Basic,Computer_Excel Basic-0011,04/02/2019 20:00:00,08/02/2019 22:00:00,America/Chicago,Offering of Excel Basic 10-Hour Certification,,ILT Content,6,15,36000,AGG.University@dummydata.com,1,Bldg_1_Room_102
Computer Skills_Excel Intermediate,Computer & Software_Excel Intermediate-0001,03/25/2019 12:30:00.000,03/29/2019 14:30:00.000,America/Chicago,Offering of Excel Intermediate 10-Hour Certification,,ILT Content,6,15,36000,AGG.University@toyoda.gosei.com,1,Bldg_1_Room_102
Computer Skills_Excel Intermediate,Computer & Software_Excel Intermediate-0002,01/04/2019 00:30:00,05/04/2019 02:30:00,America/Chicago,Offering of Excel Intermediate 10-Hour Certification,,ILT Content,6,15,36000,AGG.University@toyoda.gosei.com,1,Bldg_1_Room_102
Computer Skills_Excel Intermediate,Computer & Software_Excel Intermediate-0003,11/02/2019 20:00:00,02/15/2019 22:00:00.000,America/Chicago,Offering of Excel Intermediate 10-Hour Certification,,ILT Content,6,15,36000,AGG.University@toyoda.gosei.com,1,Bldg_1_Room_102
Computer Skills_Excel Intermediate,Computer & Software_Excel Intermediate-0004,04/29/2019 12:30:00.000,03/05/2019 14:30:00,America/Chicago,Offering of Excel Intermediate 10-Hour Certification,,ILT Content,6,10,36000,AGG.University@toyoda.gosei.com,1,Bldg_1_Room_102
Computer_ Filehold Leadership Core (AGGU),Computer_ Filehold Leadership Core (AGGU) Class,01/31/2008 00:00:00.000,01/31/2008 01:00:00.000,America/New_York,FileHold - Level II Class,,ILT Content,,,,,1,Bldg_1_Room_102
Computer_ADP (eTime dept tracking),Computer_ADP (eTime dept tracking) Class,01/31/2008 00:00:00.000,01/31/2008 01:00:00.000,America/New_York,ADP (eTime dept tracking) Class,,ILT Content,,,,,1,Bldg_1_Room_102
Computer_FileHold,Computer_FileHold Class,01/31/2008 00:00:00.000,01/31/2008 01:00:00.000,America/New_York,FileHold Class,,ILT Content,,,,,1,Bldg_1_Room_102
Construction Technology (vendor),Construction Technology (vendor) Class,01/31/2008 00:00:00.000,01/31/2008 01:00:00.000,America/New_York,1000 Hours Training Construction Technology Class,,ILT Content,,,,,1,Bldg_1_Room_102
Core_Ashram (AGGU),Core_Ashram (AGGU) Class,01/31/2008 00:00:00.000,01/31/2008 01:00:00.000,America/New_York,Ashram Training Class,,ILT Content,,,,,1,Bldg_1_Room_102
Dimensional Repeatability (vendor),Dimensional Repeatability (vendor) Class,01/31/2008 00:00:00.000,01/31/2008 01:00:00.000,America/New_York,Dimensional Repeatability Class,,ILT Content,,,,,1,Bldg_1_Room_102
EE1600 (College Transcript),EE1600 (College Transcript) Class,01/31/2008 00:00:00.000,01/31/2008 01:00:00.000,America/New_York,Practical Electronics II Class,,ILT Content,,,,,1,Bldg_1_Room_102
EEE 1500 (College Transcript),EEE 1500 (College Transcript) Class,01/31/2008 00:00:00.000,01/31/2008 01:00:00.000,America/New_York,Basic Electronics Class,,ILT Content,,,,,1,Bldg_1_Room_102
EEE 1550 (College Transcript),EEE 1550 (College Transcript) Class,01/31/2008 00:00:00.000,01/31/2008 01:00:00.000,America/New_York,Electrical Systems Class,,ILT Content,,,,,1,Bldg_1_Room_102
EEE 1580 (College Transcript),EEE 1580 (College Transcript) Class,01/31/2008 00:00:00.000,01/31/2008 01:00:00.000,America/New_York,Practical Electronics I Class,,ILT Content,,,,,1,Bldg_1_Room_102
EEE 2000 (College Transcript),EEE 2000 (College Transcript) Class,01/31/2008 00:00:00.000,01/31/2008 01:00:00.000,America/New_York,Solid State Electronics Class,,ILT Content,,,,,1,Bldg_1_Room_102
EEE1710 (College Transcripts),EEE1710 (College Transcripts) Class,01/31/2008 00:00:00.000,01/31/2008 01:00:00.000,America/New_York,National Electrical Code Class,,ILT Content,,,,,1,Bldg_1_Room_102
EMT (vendor),EMT (vendor) Class,01/31/2008 00:00:00.000,01/31/2008 01:00:00.000,America/New_York,Emergency Medical Technician Class,,ILT Content,,,,,1,Bldg_1_Room_102
Essentials & Coaching (MAC),Essentials & Coaching (MAC) Class,01/31/2008 00:00:00.000,01/31/2008 01:00:00.000,America/New_York,"Essentials of Leadership, Coaching for Success, Coaching for Improvement, Managing Performance Problems, and Resolving Conflict Class",,ILT Content,,,,,1,Bldg_1_Room_102
Fanuc (vendor),Fanuc (vendor) Class,01/31/2008 00:00:00.000,01/31/2008 01:00:00.000,America/New_York,SpotTool Operation and Programming with Servo Gun Class,,ILT Content,,,,,1,Bldg_1_Room_102
GNST-100-B70DL (College Transcript),GNST-100-B70DL (College Transcript) Class,01/31/2008 00:00:00.000,01/31/2008 01:00:00.000,America/New_York,Foundations Student Class,,ILT Content,,,,,1,Bldg_1_Room_102
guest_computer skills_basic,guest_computer skills_basic-0001,05/06/2020 13:35:00,05/06/2020 15:35:00,America/Chicago,Offering of Excel Basic 10 Hour Certification (GUEST),,ILT Content,,10,7200,,1,Bldg_1_Room_102
Haz Waste Personnel (vendor),Haz Waste Personnel (vendor) Class,01/31/2008 00:00:00.000,01/31/2008 01:00:00.000,America/New_York,Hazardous Waste Personnel and Emergency Response Training Class,,ILT Content,,,,,1,Bldg_1_Room_102
HAZMAT 40 (vendor),HAZMAT 40 (vendor) Class,01/31/2008 00:00:00.000,01/31/2008 01:00:00.000,America/New_York,HAZMAT 40 (1st Environmental Information Systems) Class,,ILT Content,,,,,1,Bldg_1_Room_102
Health & Well-Being_Health Perspectives (AGGU),Health & Well-Being_Health Perspectives (AGGU) Class,01/31/2008 00:00:00.000,01/31/2008 01:00:00.000,America/New_York,Health Perspectives & Your Fitness Class,,ILT Content,,,,,1,Bldg_1_Room_102
How the Steel Market Works Training (vendor),How the Steel Market Works Training (vendor) Class,01/31/2008 00:00:00.000,01/31/2008 01:00:00.000,America/New_York,How the Steel Market Works Training Class,,ILT Content,,,,,1,Bldg_1_Room_102
Influential Leadership Workshop (MAC),Influential Leadership Workshop (MAC) Class,01/31/2008 00:00:00.000,01/31/2008 01:00:00.000,America/New_York,Influential Leadership Workshop Class,,ILT Content,,,,,1,Bldg_1_Room_102
Injection_Injection Molding - Manf Technology (AGG: Tyler Watson),Injection_Injection Molding - Manf Technology (AGG: Tyler Watson) Class,01/31/2008 00:00:00.000,01/31/2008 01:00:00.000,America/New_York,Injection Molding - Manufacturing Technology Class,,ILT Content,,,,,1,Bldg_2_Room_207
J2P0310 (vendor),J2P0310 (vendor) Class,01/31/2008 00:00:00.000,01/31/2008 01:00:00.000,America/New_York,Handling Tool Operation and Programming Class,,ILT Content,,,,,1,Bldg_2_Room_207
Leadership Core: Excel (AGGU),Leadership Core: Excel (AGGU) Class,01/31/2008 00:00:00.000,01/31/2008 01:00:00.000,America/New_York,Excel - Leadership Core Class,,ILT Content,,,,,1,Bldg_2_Room_207
Leadership Core: Outlook 2010 (AGGU),Leadership Core: Outlook 2010 (AGGU) Class,01/31/2008 00:00:00.000,01/31/2008 01:00:00.000,America/New_York,Change Your Outlook on Outlook 2010 (session 2) Class,,ILT Content,,,,,1,Bldg_2_Room_207
Leadership Core: Praise (AGGU),Leadership Core: Praise (AGGU) Class,01/31/2008 00:00:00.000,01/31/2008 01:00:00.000,America/New_York,Why Praise Can BackfireAnd How to Do it Right - Leadership Core Class,,ILT Content,,,,,1,Bldg_2_Room_207
Leadership: AGG Policies (AGGU),Leadership: AGG Policies (AGGU) Class,01/31/2008 00:00:00.000,01/31/2008 01:00:00.000,America/New_York,Understanding AGG Policies: What Would You Do? - Leadership Core Class,,ILT Content,,,,,1,Bldg_2_Room_207
Leadership_ 5S+1Y I (AGGU),Leadership_AGGU 5S+1Y I (AGGU) Class,01/31/2008 00:00:00.000,01/31/2008 01:00:00.000,America/New_York,5S+1Y I Class,,ILT Content,,,,,1,Bldg_2_Room_207
Leadership_4 Imperatives (MAC),Leadership_4 Imperatives (MAC) Class,01/31/2008 00:00:00.000,01/31/2008 01:00:00.000,America/New_York,The Four Imperatives of Great Leaders Workshop Class,,ILT Content,,,,,1,Bldg_2_Room_207
Leadership_Delegating (MAC),Leadership_Delegating (MAC) Class,01/31/2008 00:00:00.000,01/31/2008 01:00:00.000,America/New_York,Delegating with Purpose Class,,ILT Content,,,,,1,Bldg_2_Room_207
Leadership_DISC-LC (AGGU),Leadership_DISC-LC (AGGU) Class,01/31/2008 00:00:00.000,01/31/2008 01:00:00.000,America/New_York,DISC Class,,ILT Content,,,,,1,Bldg_2_Room_207
Leadership_Driving Change (MAC),Leadership_Driving Change (MAC) Class,01/31/2008 00:00:00.000,01/31/2008 01:00:00.000,America/New_York,Driving Change Class,,ILT Content,,,,,1,Bldg_2_Room_207
Leadership_Effective Communication -LC (AGGU),Leadership_Effective Communication -LC (AGGU) Class,01/31/2008 00:00:00.000,01/31/2008 01:00:00.000,America/New_York,Effective Communication Class,,ILT Content,,,,,1,Bldg_2_Room_207
Leadership_Emotional Intelligence Training,Leadership_Emotional Intelligence Training-0001,10/23/2019 12:00:00.000,10/24/2019 16:00:00.000,America/Chicago,Offering of Emotional Intelligence Training,,ILT Content,,20,,AGG.University@dummydata.com,1,Bldg_2_Room_207
Leadership_Emotional Intelligence Training,Leadership_Emotional Intelligence Training-0002,10/23/2019 18:00:00.000,10/24/2019 22:00:00.000,America/Chicago,Offering of Emotional Intelligence Training,,ILT Content,,20,,AGG.University@dummydata.com,1,Bldg_2_Room_207
Leadership_Kanban I (AGGU),Leadership_Kanban I (AGGU) Class,01/31/2008 00:00:00.000,01/31/2008 01:00:00.000,America/New_York,Kanban I Class,,ILT Content,,,,,1,Bldg_2_Room_207
Leadership_LMS Training for Managers,Leadership_LMS Training-0001,05/28/2019 20:00:00.000,05/28/2019 21:00:00.000,America/Chicago,Offering of LMS Training,87571,ILT Content,6,18,3600,AGG.University@dummydata.com,1,Bldg_2_Room_207
Leadership_LMS Training for Managers,Leadership_LMS Training-0002,05/29/2019 15:00:00.000,05/29/2019 16:00:00.000,America/Chicago,Offering of LMS Training,87571,ILT Content,6,18,3600,AGG.University@dummydata.com,1,Bldg_2_Room_207
Leadership_LMS Training for Managers,Leadership_LMS Training-0003,05/29/2019 19:00:00.000,05/29/2019 20:00:00.000,America/Chicago,Offering of LMS Training,87571,ILT Content,6,18,3600,AGG.University@dummydata.com,1,Bldg_2_Room_207
Leadership_LMS Training for Managers,Leadership_LMS Training-0004,05/30/2019 21:00:00.000,05/30/2019 22:00:00.000,America/Chicago,Offering of LMS Training,87571,ILT Content,6,18,3600,AGG.University@dummydata.com,1,Bldg_2_Room_207
Leadership_LMS Training for Managers,Leadership_LMS Training-0005,05/31/2019 12:00:00.000,05/31/2019 13:00:00.000,America/Chicago,Offering of LMS Training,87571,ILT Content,6,18,3600,AGG.University@dummydata.com,1,Bldg_2_Room_207
Leadership_LMS Training for Managers,Leadership_LMS Training-0006,05/31/2019 18:00:00.000,05/31/2019 19:00:00.000,America/Chicago,Offering of LMS Training,87571,ILT Content,6,18,3600,AGG.University@dummydata.com,1,Bldg_2_Room_207
Leadership_LMS Training for Managers,Leadership_LMS Training-0007,05/06/2019 20:00:00,05/06/2019 21:00:00,America/Chicago,Offering of LMS Training,87571,ILT Content,6,18,3600,AGG.University@dummydata.com,1,Bldg_2_Room_207
Leadership_LMS Training for Managers,Leadership_LMS Training-0008,06/06/2019 16:00:00,06/06/2019 17:00:00,America/Chicago,Offering of LMS Training,87571,ILT Content,6,18,3600,AGG.University@dummydata.com,1,Bldg_2_Room_207
Leadership_LMS Training for Managers,Leadership_LMS Training-0009,07/06/2019 14:00:00,07/06/2019 15:00:00,America/Chicago,Offering of LMS Training,87571,ILT Content,6,18,3600,AGG.University@dummydata.com,1,Bldg_2_Room_207
Leadership_LMS Training for Managers,Leadership_LMS Training-0010,10/06/2019 19:00:00,10/06/2019 20:00:00,America/Chicago,Offering of LMS Training,87571,ILT Content,6,18,3600,AGG.University@dummydata.com,1,Bldg_2_Room_207
Leadership_LMS Training for Managers,Leadership_LMS Training-0011,11/06/2019 15:00:00,11/06/2019 16:00:00,America/Chicago,Offering of LMS Training,87571,ILT Content,6,18,3600,AGG.University@dummydata.com,1,Bldg_2_Room_207
Leadership_LMS Training for Managers,Leadership_LMS Training-0012,11/06/2019 21:00:00,11/06/2019 22:00:00,America/Chicago,Offering of LMS Training,87571,ILT Content,6,18,3600,AGG.University@dummydata.com,1,Bldg_2_Room_207
Leadership_LMS Training for Managers,Leadership_LMS Training-0014,06/13/2019 12:00:00.000,06/13/2019 13:00:00.000,America/Chicago,Offering of LMS Training,87571,ILT Content,6,18,3600,AGG.University@dummydata.com,1,Bldg_2_Room_207
Leadership_LMS Training for Managers,Leadership_LMS Training-0015,06/20/2019 16:00:00.000,06/20/2019 17:00:00.000,America/Chicago,Offering of LMS Training,87571,ILT Content,6,18,3600,AGG.University@dummydata.com,1,Bldg_2_Room_207
Leadership_LMS Training for Managers,Leadership_LMS Training-0016,06/20/2019 21:00:00.000,06/20/2019 22:00:00.000,America/Chicago,Offering of LMS Training,87571,ILT Content,6,18,3600,AGG.University@dummydata.com,1,Bldg_2_Room_207
Leadership_LMS Training for Managers,Leadership_LMS Training-0017,06/21/2019 14:00:00.000,06/21/2019 15:00:00.000,America/Chicago,Offering of LMS Training,87571,ILT Content,6,18,3600,AGG.University@dummydata.com,1,Bldg_2_Room_207
Leadership_LMS Training for Managers,Leadership_LMS Training-0018,06/24/2019 16:00:00.000,06/24/2019 17:00:00.000,America/Chicago,Offering of LMS Training,87571,ILT Content,6,18,3600,AGG.University@dummydata.com,1,Bldg_2_Room_207
Leadership_LMS Training for Managers,Leadership_LMS Training-0019,06/25/2019 15:00:00.000,06/25/2019 16:00:00.000,America/Chicago,Offering of LMS Training,87571,ILT Content,6,18,3600,AGG.University@dummydata.com,1,Bldg_2_Room_207
Leadership_LMS Training for Managers,Leadership_LMS Training-0020,06/26/2019 19:00:00.000,06/26/2019 20:00:00.000,America/Chicago,Offering of LMS Training,87571,ILT Content,6,18,3600,AGG.University@dummydata.com,1,Bldg_2_Room_207
Leadership_LMS Training for Managers,Leadership_LMS Training-0021,09/07/2019 19:00:00,09/07/2019 20:00:00,America/Chicago,Offering of LMS Training,87571,ILT Content,6,18,3600,AGG.University@dummydata.com,1,Bldg_2_Room_207
Leadership_LMS Training for Managers,Leadership_LMS Training-0022,10/07/2019 21:00:00,10/07/2019 22:00:00,America/Chicago,Offering of LMS Training,87571,ILT Content,6,18,3600,AGG.University@dummydata.com,1,Bldg_2_Room_207
Leadership_LMS Training for Managers,Leadership_LMS Training-0023,11/07/2019 12:00:00,11/07/2019 13:00:00,America/Chicago,Offering of LMS Training,87571,ILT Content,6,18,3600,AGG.University@dummydata.com,1,Bldg_2_Room_207
Leadership_LMS Training for Managers,Leadership_LMS Training-0024,11/07/2019 15:00:00,11/07/2019 16:00:00,America/Chicago,Offering of LMS Training,87571,ILT Content,6,18,3600,AGG.University@dummydata.com,1,Bldg_2_Room_207
Leadership_LMS Training for Managers,Leadership_LMS Training-0025,09/07/2019 16:00:00,09/07/2019 17:00:00,America/Chicago,Offering of LMS Training,87571,ILT Content,6,18,3600,AGG.University@dummydata.com,1,Bldg_2_Room_207
Leadership_LMS Training for Managers,Leadership_LMS Training-0029,07/18/2019 15:00:00.000,07/18/2019 16:00:00.000,America/Chicago,Offering of LMS Training,87571,ILT Content,6,18,3600,AGG.University@dummydata.com,1,Bldg_2_Room_207
Leadership_LMS Training for Managers,Leadership_LMS Training-0030,07/19/2019 15:00:00.000,07/19/2019 16:00:00.000,America/Chicago,Offering of LMS Training,87571,ILT Content,6,18,3600,AGG.University@dummydata.com,1,Bldg_2_Room_207
Leadership_LMS Training for Managers,Leadership_LMS Training-0031,07/24/2019 12:00:00.000,07/24/2019 13:00:00.000,America/Chicago,Offering of LMS Training,87571,ILT Content,6,18,3600,AGG.University@dummydata.com,1,Bldg_2_Room_207
Leadership_LMS Training for Managers,Leadership_LMS Training-0032,07/25/2019 21:00:00.000,07/25/2019 22:00:00.000,America/Chicago,Offering of LMS Training,87571,ILT Content,6,18,3600,AGG.University@dummydata.com,1,Bldg_2_Room_207
Leadership_LMS Training for Managers,Leadership_LMS Training-0033,07/26/2019 14:00:00.000,07/26/2019 15:00:00.000,America/Chicago,Offering of LMS Training,87571,ILT Content,6,18,3600,AGG.University@dummydata.com,1,Bldg_2_Room_207
Leadership_LMS Training for Managers,Leadership_LMS Training-0034,01/08/2019 21:00:00,01/08/2019 22:00:00,America/Chicago,Offering of LMS Training,87571,ILT Content,6,18,3600,AGG.University@dummydata.com,1,Bldg_2_Room_207
Leadership_LMS Training for Managers,Leadership_LMS Training-0035,02/08/2019 00:00:00,02/08/2019 01:00:00,America/Chicago,Offering of LMS Training,87571,ILT Content,6,18,3600,AGG.University@dummydata.com,1,Bldg_2_Room_207
Leadership_LMS Training for Managers,Leadership_LMS Training-0036,05/08/2019 21:00:00,05/08/2019 22:00:00,America/Chicago,Offering of LMS Training for Managers,87571,ILT Content,6,18,3600,AGG.University@dummydata.com,1,Bldg_2_Room_207
Leadership_LMS Training for Managers,Leadership_LMS Training-0037,09/20/2019 12:00:00.000,09/20/2019 13:00:00.000,America/Chicago,Offering of LMS Training for Managers,87571,ILT Content,6,18,3600,AGG.University@dummydata.com,1,Bldg_2_Room_207
Leadership_LMS Training for Managers,Leadership_LMS Training-0038,09/20/2019 12:00:00.000,09/20/2019 13:00:00.000,America/Chicago,Copy (1) of Offering of LMS Training,87571,ILT Content,6,18,3600,AGG.University@dummydata.com,1,Bldg_2_Room_207
Leadership_Middle Management Training (MMT),Leadership_Middle Management Training (MMT)-0001,09/09/2019 13:00:00,11/09/2019 22:00:00,America/Chicago,Offering of Middle Management Training (MMT),,ILT Content,,25,72000,AGG.University@dummydata.com,1,Bldg_2_Room_207
Leadership_ProManager (vendor),Leadership_ProManager (vendor) Class,01/31/2008 00:00:00.000,01/31/2008 01:00:00.000,America/New_York,ProManager Leadership Development Class,,ILT Content,,,,,1,Bldg_2_Room_207
Leadership_SCP,Leadership_SCP (Round 01),07/11/2016 14:00:00,02/12/2016 18:00:00,America/Chicago,Offering of Supervisor Certification Program,,ILT Content,4,8,,AGG.University@dummydata.com,1,Bldg_2_Room_207
Leadership_SCP,Leadership_SCP (Round 02),01/23/2017 14:00:00.000,02/17/2017 18:00:00.000,America/Chicago,Offering of Supervisor Certification Program,,ILT Content,4,8,,AGG.University@dummydata.com,1,Bldg_2_Room_207
Leadership_SCP,Leadership_SCP (Round 03),03/13/2017 13:00:00.000,07/04/2017 17:00:00,America/Chicago,Offering of Supervisor Certification Program,,ILT Content,4,8,,AGG.University@dummydata.com,1,Bldg_2_Room_207
Leadership_SCP,Leadership_SCP (Round 04),04/24/2017 13:00:00.000,05/19/2017 17:00:00.000,America/Chicago,Offering of Supervisor Certification Program,,ILT Content,4,8,,AGG.University@dummydata.com,1,Bldg_2_Room_207
Leadership_SCP,Leadership_SCP (Round 05),05/06/2017 13:00:00,06/30/2017 17:00:00.000,America/Chicago,Offering of Supervisor Certification Program,,ILT Content,4,8,,AGG.University@dummydata.com,1,Bldg_2_Room_207
Leadership_SCP,Leadership_SCP (Round 06),07/24/2017 13:00:00.000,08/18/2017 17:00:00.000,America/Chicago,Offering of Supervisor Certification Program,,ILT Content,4,8,,AGG.University@dummydata.com,1,Bldg_2_Room_207
Leadership_SCP,Leadership_SCP (Round 07),11/09/2017 13:00:00,06/10/2017 17:00:00,America/Chicago,Offering of Supervisor Certification Program,,ILT Content,4,8,,AGG.University@dummydata.com,1,Bldg_2_Room_207
Leadership_SCP,Leadership_SCP (Round 08),10/23/2017 13:00:00.000,11/17/2017 18:00:00.000,America/Chicago,Offering of Supervisor Certification Program,,ILT Content,4,8,,AGG.University@dummydata.com,1,Bldg_2_Room_207
Leadership_SCP,Leadership_SCP (Round 09),05/02/2018 14:00:00,02/03/2018 18:00:00,America/Chicago,Offering of Supervisor Certification Program,,ILT Content,4,8,,AGG.University@dummydata.com,1,Bldg_2_Room_207
Leadership_SCP,Leadership_SCP (Round 10),05/14/2018 13:00:00.000,08/06/2018 17:00:00,America/Chicago,Offering of Supervisor Certification Program,,ILT Content,4,8,,AGG.University@dummydata.com,1,Bldg_2_Room_207
Leadership_SCP,Leadership_SCP (Round 11),06/08/2018 13:00:00,08/31/2018 17:00:00.000,America/Chicago,Offering of Supervisor Certification Program,,ILT Content,4,8,,AGG.University@dummydata.com,1,Bldg_2_Room_207
Leadership_SCP,Leadership_SCP (Round 12),09/17/2018 13:00:00.000,12/10/2018 17:00:00,America/Chicago,Offering of Supervisor Certification Program,,ILT Content,4,8,,AGG.University@dummydata.com,1,Bldg_2_Room_207
Leadership_SCP,Leadership_SCP (Round 13),10/22/2018 13:00:00.000,11/16/2018 18:00:00.000,America/Chicago,Offering of Supervisor Certification Program,,ILT Content,4,8,,AGG.University@dummydata.com,1,Bldg_2_Room_207
Leadership_SCP,Leadership_SCP (Round 14),04/02/2019 14:00:00,01/03/2019 18:00:00,America/Chicago,Offering of Supervisor Certification Program,,ILT Content,4,8,,AGG.University@dummydata.com,1,Bldg_2_Room_207
Leadership_SCP,Leadership_SCP (Round 15),01/04/2019 13:00:00,04/26/2019 17:00:00.000,America/Chicago,Offering of Supervisor Certification Program,,ILT Content,4,10,,AGG.University@dummydata.com,1,Bldg_2_Room_207
Leadership_SCP,Leadership_SCP (Round 16),07/29/2019 13:00:00.000,08/23/2019 17:00:00.000,America/Chicago,Offering of Supervisor Certification Program,,ILT Content,4,8,,AGG.University@dummydata.com,1,Bldg_2_Room_207
Leadership_SCP,Leadership_SCP (Round 17),09/16/2019 13:00:00.000,11/10/2019 17:00:00,America/Chicago,Offering of Supervisor Certification Program,,ILT Content,4,8,,AGG.University@dummydata.com,1,Bldg_2_Room_207
Leadership_SCP,Leadership_SCP (Round 18),10/28/2019 13:00:00.000,11/22/2019 18:00:00.000,America/Chicago,Offering of Supervisor Certification Program,,ILT Content,4,6,,AGG.University@dummydata.com,1,Bldg_2_Room_207
Leadership_SCP,Leadership_SCP (Round 19),01/13/2020 14:00:00.000,07/02/2020 18:00:00,America/Chicago,Offering of Supervisor Certification Program,,ILT Content,4,8,,AGG.University@dummydata.com,1,Bldg_2_Room_207
Leadership_SCP,Leadership_SCP (Round 20),09/03/2020 13:00:00,03/04/2020 17:00:00,America/Chicago,Offering of Supervisor Certification Program,,ILT Content,4,8,,AGG.University@dummydata.com,1,Bldg_2_Room_207
Leadership_SCP,Leadership_SCP (Round 21),04/20/2020 13:00:00.000,05/15/2020 17:00:00.000,America/Chicago,Offering of Supervisor Certification Program,,ILT Content,4,8,,AGG.University@dummydata.com,1,Bldg_2_Room_207
Leadership_SCP,Leadership_SCP (Round 22),01/06/2020 13:00:00,06/26/2020 17:00:00.000,America/Chicago,Offering of Supervisor Certification Program,,ILT Content,4,8,,AGG.University@dummydata.com,1,Bldg_2_Room_207
Leadership_SCP,Leadership_SCP (Round 23),03/08/2020 13:00:00,08/28/2020 17:00:00.000,America/Chicago,Offering of Supervisor Certification Program,,ILT Content,4,8,,AGG.University@dummydata.com,1,Bldg_2_Room_207
Leadership_SCP,Leadership_SCP (Round 24),09/14/2020 13:00:00.000,09/10/2020 17:00:00,America/Chicago,Offering of Supervisor Certification Program,,ILT Content,4,8,,AGG.University@dummydata.com,1,Bldg_2_Room_207
Leadership_SCP,Leadership_SCP (Round 25),10/26/2020 13:00:00.000,11/20/2020 18:00:00.000,America/Chicago,Offering of Supervisor Certification Program,,ILT Content,4,8,,AGG.University@dummydata.com,1,Bldg_2_Room_207
Leadership_SCP final presentation (ILT Course),leadership_scp final presentation (Group 18),06/02/2020 14:30:00,06/02/2020 16:30:00,America/Chicago,Offering of Supervisor Certification Program Final Presentation,,ILT Content,,,900,AGG.University@dummydata.com,1,Bldg_2_Room_207
Leadership_SCP final presentation (ILT Course),leadership_scp final presentation (Group 19) (ILT Course)-0002,05/03/2020 14:30:00,05/03/2020 16:00:00,America/Chicago,Offering of Supervisor Certification Program Final Presentation,,ILT Content,,,,AGG.University@dummydata.com,1,Bldg_2_Room_207
Leadership_SCP final presentation (ILT Course),leadership_scp final presentation (Group 19) (ILT Course)-0003,04/03/2020 14:30:00,04/03/2020 16:30:00,America/Chicago,Offering of Supervisor Certification Program Final Presentation,,ILT Content,,,,AGG.University@dummydata.com,1,Bldg_2_Room_207
Leadership_SCP Leadership & Goals_ARCHIVE,Leadership_SCP Leadership & Goals-0001,01/27/2020 14:00:00.000,01/31/2020 23:00:00.000,America/Chicago,Offering of Supervisor Certification Program Weekly (Leadership & Goals),,ILT Content,,,144000,AGG.University@dummydata.com,1,Bldg_2_Room_207
Leadership_SCP Quality & Problem Solving_ARCHIVE,Leadership_SCP Quality & Problem Solving-0001,10/21/2019 13:00:00.000,10/25/2019 22:00:00.000,America/Chicago,Offering of Supervisor Certification Program Weekly (Quality & Problem Solving),,ILT Content,,,144000,AGG.University@dummydata.com,1,Bldg_2_Room_207
Leadership_SCP Quality & Problem Solving_ARCHIVE,Leadership_SCP Quality & Problem Solving-0002,04/11/2019 14:00:00,08/11/2019 23:00:00,America/Chicago,Offering of Supervisor Certification Program Weekly (Quality & Problem Solving),,ILT Content,,,144000,AGG.University@dummydata.com,1,Bldg_2_Room_207
Leadership_SCP Standard Work & Training_ARCHIVE,Leadership_SCP Standard Work & Training-0001,02/12/2019 14:00:00,06/12/2019 23:00:00,America/Chicago,Offering of Supervisor Certification Program Weekly (Standard Work & Training),,ILT Content,,,144000,AGG.University@dummydata.com,1,Bldg_2_Room_207
Leadership_SCP Standard Work & Training_ARCHIVE,Leadership_SCP Standard Work & Training-0002,09/30/2019 13:00:00.000,04/10/2019 22:00:00,America/Chicago,Offering of Supervisor Certification Program Weekly (Standard Work & Training),,ILT Content,,,144000,AGG.University@dummydata.com,1,Bldg_2_Room_207
Leadership_SCP TPS & Safety (weekly),Leadership_SCP TPS & Safety-0001,09/09/2019 13:00:00,09/13/2019 22:00:00.000,America/Chicago,Offering of Supervisor Certification Program Weekly (TPS & Safety),,ILT Content,,,144000,AGG.University@dummydata.com,1,Bldg_2_Room_207
Leadership_SCP TPS & Safety (weekly),Leadership_SCP TPS & Safety-0002,09/16/2019 13:00:00.000,09/20/2019 22:00:00.000,America/Chicago,Offering of Supervisor Certification Program Weekly (TPS & Safety),,ILT Content,,,144000,AGG.University@dummydata.com,1,Bldg_2_Room_207
Leadership_TPS (AGGU),Leadership_TPS (AGGU) Class,01/31/2008 00:00:00.000,01/31/2008 01:00:00.000,America/New_York,TPS I Class,,ILT Content,,,,,1,Bldg_2_Room_207
Leadership_TPS (vendor),Leadership_TPS (vendor) Class,01/31/2008 00:00:00.000,01/31/2008 01:00:00.000,America/New_York,TPS Basics for Management Class,,ILT Content,,,,,1,Bldg_2_Room_207
Leadership_TWI Job Instruction - Refresher Course,Leadership_TWI Job Instruction - Refresher Course-0001,12/16/2019 14:00:00.000,12/16/2019 16:00:00.000,America/Chicago,Offering of TWI Job Instruction - Refresher Course,86295,ILT Content,6,15,7200,AGG.University@dummydata.com,1,Bldg_2_Room_207
Leadership_TWI Job Instruction - Refresher Course,Leadership_TWI Job Instruction - Refresher Course-0002,12/17/2019 13:00:00.000,12/17/2019 15:00:00.000,America/Chicago,Offering of TWI Job Instruction - Refresher Course,86295,ILT Content,6,15,7200,AGG.University@dummydata.com,1,Bldg_2_Room_207
Leadership_TWI Job Instruction - Refresher Course,Leadership_TWI Job Instruction - Refresher Course-0003,12/18/2019 14:00:00.000,12/18/2019 16:00:00.000,America/Chicago,Offering of TWI Job Instruction - Refresher Course,86295,ILT Content,6,15,7200,AGG.University@dummydata.com,1,Bldg_2_Room_207
Leadership_TWI Job Instruction - Refresher Course,Leadership_TWI Job Instruction - Refresher Course-0004,12/12/2019 15:00:00,12/12/2019 17:00:00,America/Chicago,Offering of TWI Job Instruction - Refresher Course,86295,ILT Content,6,15,7200,AGG.University@dummydata.com,1,Bldg_2_Room_207
Leadership_TWI Job Instruction - Refresher Course,Leadership_TWI Job Instruction - Refresher Course-0005,01/22/2020 11:00:00.000,01/22/2020 13:00:00.000,America/Chicago,Offering of TWI Job Instruction - Refresher Course,86295,ILT Content,6,15,7200,AGG.University@dummydata.com,1,Bldg_2_Room_207
Leadership_TWI Job Instruction - Refresher Course,Leadership_TWI Job Instruction - Refresher Course-0006,01/14/2020 13:00:00.000,01/14/2020 15:00:00.000,America/Chicago,Offering of TWI Job Instruction - Refresher Course,86295,ILT Content,6,15,7200,AGG.University@dummydata.com,1,Bldg_2_Room_207
Leadership_TWI Job Instruction - Refresher Course,Leadership_TWI Job Instruction - Refresher Course-0008,01/28/2020 11:00:00.000,01/28/2020 13:00:00.000,America/Chicago,Offering of TWI Job Instruction - Refresher Course (CANCELLED),86295,ILT Content,6,15,7200,AGG.University@dummydata.com,1,Bldg_2_Room_207
Leadership_TWI Job Instruction - Refresher Course,Leadership_TWI Job Instruction - Refresher Course-0009,01/29/2020 20:00:00.000,01/29/2020 22:00:00.000,America/Chicago,Offering of TWI Job Instruction - Refresher Course (CANCELLED),86295,ILT Content,6,15,7200,AGG.University@dummydata.com,1,Bldg_2_Room_207
Leadership_TWI Job Instruction - Refresher Course,Leadership_TWI Job Instruction - Refresher Course-0010,02/13/2020 14:00:00.000,02/13/2020 16:00:00.000,America/Chicago,Offering of TWI Job Instruction - Refresher Course,86295,ILT Content,1,10,7200,AGG.University@dummydata.com,1,Bldg_2_Room_207
Leadership_TWI Job Instruction 10-hour,Leadership_TWI Job Instruction 10-hour Class,01/31/2008 00:00:00.000,01/31/2008 01:00:00.000,America/New_York,TWI Job Instruction 10-hour Cert Class,,ILT Content,,,,,1,Bldg_2_Room_207
Leadership_TWI Job Instruction 10-hour,Leadership_TWI Job Instruction 10-hour-0003,05/13/2019 12:00:00.000,05/17/2019 14:00:00.000,America/New_York,Offering of TWI Job Instruction 10-hour Certification,86295,ILT Content,,10,36000,AGG.University@dummydata.com,1,Bldg_2_Room_207
Leadership_TWI Job Instruction 10-hour,Leadership_TWI Job Instruction 10-hour-0004,06/24/2019 19:00:00.000,06/28/2019 21:00:00.000,America/New_York,Offering of TWI Job Instruction 10-hour Certification,86295,ILT Content,,10,36000,AGG.University@dummydata.com,1,Bldg_2_Room_207
Leadership_TWI Job Instruction 10-hour,Leadership_TWI Job Instruction 10-hour-0008,12/16/2019 19:30:00.000,12/20/2019 21:30:00.000,America/Chicago,Offering of TWI Job Instruction 10-hour Certification,86295,ILT Content,5,10,36000,AGG.University@dummydata.com,1,Bldg_2_Room_207
Leadership_TWI Job Instruction 10-hour,Leadership_TWI Job Instruction 10-hour-0009,10/02/2020 14:00:00,02/14/2020 16:00:00.000,America/Chicago,Offering of TWI Job Instruction 10-hour Certification,86295,ILT Content,5,10,36000,AGG.University@dummydata.com,1,Bldg_2_Room_207
Leadership_TWI Job Instruction 10-hour,Leadership_TWI Job Instruction 10-hour-0010,06/01/2020 21:00:00,10/01/2020 23:00:00,America/Chicago,Offering of TWI Job Instruction 10-hour Certification,86295,ILT Content,5,10,36000,AGG.University@dummydata.com,1,Bldg_2_Room_207
Leadership_TWI Job Instruction 10-hour,Leadership_TWI Job Instruction 10-hour-0011,12/08/2019 19:00:00,08/16/2019 21:00:00.000,America/Chicago,Offering of TWI Job Instruction 10-hour Certification,86295,ILT Content,,10,36000,AGG.University@dummydata.com,1,Bldg_2_Room_207
Leadership_TWI Job Instruction 10-hour,Leadership_TWI Job Instruction 10-hour-0012,09/23/2019 19:00:00.000,09/27/2019 21:00:00.000,America/Chicago,Offering of TWI Job Instruction 10-hour Certification,86295,ILT Content,,10,36000,AGG.University@dummydata.com,1,Bldg_2_Room_207
Leadership_TWI Job Instruction 10-hour,Leadership_TWI Job Instruction 10-hour-0013,10/14/2019 13:00:00.000,10/18/2019 15:00:00.000,America/Chicago,Offering of TWI Job Instruction 10-hour Certification,86295,ILT Content,,10,36000,AGG.University@dummydata.com,1,Bldg_2_Room_207
Leadership_TWI Job Instruction 10-hour,Leadership_TWI Job Instruction 10-hour-0014,04/11/2019 20:00:00,08/11/2019 22:00:00,America/Chicago,Offering of TWI Job Instruction 10-hour Certification,86295,ILT Content,5,10,36000,AGG.University@dummydata.com,1,Bldg_2_Room_207
Leadership_TWI Job Instruction 10-hour,Leadership_TWI Job Instruction 10-hour-0015,09/12/2019 13:00:00,12/13/2019 15:00:00.000,America/Chicago,Offering of TWI Job Instruction 10-hour Certification,86295,ILT Content,5,10,36000,AGG.University@dummydata.com,1,Bldg_2_Room_207
Leadership_TWI Job Instruction 10-hour,Leadership_TWI Job Instruction 10-hour-0016,09/30/2019 19:00:00.000,04/10/2019 21:00:00,America/Chicago,Offering of TWI Job Instruction 10-hour Certification,86295,ILT Content,6,6,36000,AGG.University@dummydata.com,1,Bldg_2_Room_207
Leadership_TWI Job Instruction 10-hour,Leadership_TWI Job Instruction 10-hour-0017,11/11/2019 14:00:00,11/15/2019 16:00:00.000,America/Chicago,Offering of TWI Job Instruction 10-hour Certification,86295,ILT Content,5,10,36000,AGG.University@dummydata.com,1,Bldg_2_Room_207
Leadership_TWI Job Instruction 10-hour,Leadership_TWI Job Instruction 10-hour-0018,09/12/2019 11:00:00,12/13/2019 13:00:00.000,America/Chicago,Offering of TWI Job Instruction 10-hour Certification,86295,ILT Content,5,10,36000,AGG.University@dummydata.com,1,Bldg_2_Room_207
Leadership_TWI Job Instruction 10-hour,Leadership_TWI Job Instruction 10-hour-0019,03/02/2020 20:00:00,07/02/2020 22:00:00,America/Chicago,Offering of TWI Job Instruction 10-hour Certification,86295,ILT Content,5,10,36000,AGG.University@dummydata.com,1,Bldg_2_Room_207
Leadership_TWI Job Instruction 10-hour,Leadership_TWI Job Instruction 10-hour-0020,03/30/2020 10:00:00.000,03/04/2020 12:00:00,America/Chicago,Offering of TWI Job Instruction 10-hour Certification (CANCELLED),86295,ILT Content,5,10,36000,AGG.University@dummydata.com,1,Bldg_2_Room_207
Leadership_TWI Job Instruction 10-hour,Leadership_TWI Job Instruction 10-hour-0022,01/27/2020 14:00:00.000,01/31/2020 16:00:00.000,America/Chicago,Offering of TWI Job Instruction 10-hour Certification,86295,ILT Content,5,10,36000,AGG.University@dummydata.com,1,Bldg_2_Room_207
Leadership_TWI Job Instruction 10-hour,Leadership_TWI Job Instruction 10-hour-0023,11/05/2020 10:00:00,05/15/2020 12:00:00.000,America/Chicago,Offering of TWI Job Instruction 10-hour Certification,adrianmartinez,ILT Content,5,10,36000,AGG.University@dummydata.com,1,Bldg_2_Room_207
Leadership_TWI Job Instruction 10-hour,Leadership_TWI Job Instruction 10-hour-0024,11/05/2020 13:00:00,05/15/2020 15:00:00.000,America/Chicago,Offering of TWI Job Instruction 10-hour Certification,adrianmartinez,ILT Content,5,10,,AGG.University@dummydata.com,1,Bldg_2_Room_207
Leadership_TWI Job Instruction 10-hour,Leadership_TWI Job Instruction 10-hour-0025,03/16/2020 10:00:00.000,03/20/2020 12:00:00.000,America/Chicago,Offering of TWI Job Instruction 10-hour Certification,adrianmartinez,ILT Content,5,10,36000,AGG.University@dummydata.com,1,Bldg_2_Room_207
Leadership_TWI Job Instruction 10-hour,Leadership_TWI Job Instruction 10-hour-0026,03/16/2020 13:00:00.000,03/20/2020 15:00:00.000,America/Chicago,Offering of TWI Job Instruction 10-hour Certification,adrianmartinez,ILT Content,0,3,36000,AGG.University@dummydata.com,1,Bldg_2_Room_207
Leadership_TWI Job Instruction 10-hour,Leadership_TWI Job Instruction 10-hour-0026,03/16/2020 13:00:00.000,03/20/2020 15:00:00.000,America/Chicago,Offering of TWI Job Instruction 10-hour Certification (CANCELLED),adrianmartinez,ILT Content,0,3,36000,AGG.University@dummydata.com,1,Bldg_2_Room_207
Leadership_TWI Job Relations 10-hour,Leadership_TWI Job Relations 10-hour Class,01/31/2008 00:00:00.000,01/31/2008 01:00:00.000,America/New_York,TWI Job Relations 10-hour Cert. Class,,ILT Content,,,,,1,Bldg_2_Room_207
Leadership_TWI_T3 Job Relations Instructor (40-hr. cert),Train the Trainer_TWI Job Relations Instructor (40-hr. cert) Class,01/31/2008 00:00:00.000,01/31/2008 01:00:00.000,America/New_York,TWI Job Relations Instructor (TWI Institute) Class,,ILT Content,,,,,1,Bldg_2_Room_207
"Lean Manufacturing ""Simulation Workshop"" (vendor)","Lean Manufacturing ""Simulation Workshop"" (vendor) Class",01/31/2008 00:00:00.000,01/31/2008 01:00:00.000,America/New_York,Lean Manufacturing Simulation Workshop Class,,ILT Content,,,,,1,Bldg_2_Room_207
Legal_FMLA for Management (AGG specifics),Legal_FMLA for Management (AGG specifics) Class,01/31/2008 00:00:00.000,01/31/2008 01:00:00.000,America/New_York,FMLA for Management (AGG specifics) Class,,ILT Content,,,,,1,Bldg_2_Room_207
Motivating Others (MAC),Motivating Others (MAC) Class,01/31/2008 00:00:00.000,01/31/2008 01:00:00.000,America/New_York,Motivating Others Workshop Class,,ILT Content,,,,,1,Bldg_2_Room_207
Onboarding_Mentor Certification Training,Onboarding_Mentor Certification Training-0001,07/23/2019 13:00:00.000,07/23/2019 16:00:00.000,America/Chicago,Offering of Mentor Certification Training,86295,ILT Content,4,10,10800,AGG.University@dummydata.com,1,Bldg_2_Room_207
Onboarding_Mentor Certification Training,Onboarding_Mentor Certification Training-0002,07/25/2019 13:00:00.000,07/25/2019 16:00:00.000,America/Chicago,Offering of Mentor Certification Training,86295,ILT Content,4,10,10800,AGG.University@dummydata.com,1,Bldg_2_Room_207
Onboarding_Mentor Certification Training,Onboarding_Mentor Certification Training-0003,07/08/2019 19:00:00,07/08/2019 22:00:00,America/Chicago,Offering of Mentor Certification Training,86295,ILT Content,4,10,10800,AGG.University@dummydata.com,1,Bldg_2_Room_207
Onboarding_Mentor Certification Training,Onboarding_Mentor Certification Training-0004,08/08/2019 19:00:00,08/08/2019 22:00:00,America/Chicago,Offering of Mentor Certification Training,86295,ILT Content,4,10,10800,AGG.University@dummydata.com,1,Bldg_2_Room_207
Onboarding_Mentor Certification Training,Onboarding_Mentor Certification Training-0005,03/09/2019 13:00:00,03/09/2019 16:00:00,America/Chicago,Offering of Mentor Certification Training,86295,ILT Content,4,10,10800,AGG.University@dummydata.com,1,Bldg_2_Room_207
Onboarding_Mentor Certification Training,Onboarding_Mentor Certification Training-0006,05/09/2019 13:00:00,05/09/2019 16:00:00,America/Chicago,Offering of Mentor Certification Training,86295,ILT Content,4,10,10800,AGG.University@dummydata.com,1,Bldg_2_Room_207
Onboarding_Mentor Certification Training,Onboarding_Mentor Certification Training-0007,10/15/2019 18:00:00.000,10/15/2019 21:00:00.000,America/Chicago,Offering of Mentor Certification Training,86295,ILT Content,4,10,10800,AGG.University@dummydata.com,1,Bldg_2_Room_207
Onboarding_Mentor Certification Training,Onboarding_Mentor Certification Training-0008,10/17/2019 18:00:00.000,10/17/2019 21:00:00.000,America/Chicago,Offering of Mentor Certification Training,86295,ILT Content,4,10,10800,AGG.University@dummydata.com,1,Bldg_2_Room_207
Onboarding_Mentor Certification Training,Onboarding_Mentor Certification Training-0011,02/18/2020 14:00:00.000,02/18/2020 16:00:00.000,America/Chicago,Offering of Mentor Certification Training,87571,ILT Content,4,15,7200,AGG.University@dummydata.com,1,Bldg_2_Room_207
Onboarding_Mentor Certification Training,Onboarding_Mentor Certification Training-0012,02/20/2020 14:00:00.000,02/20/2020 16:00:00.000,America/Chicago,Offering of Mentor Certification Training,86295,ILT Content,4,15,7200,AGG.University@dummydata.com,1,Bldg_2_Room_207
Onboarding_Mentor Certification Training,Onboarding_Mentor Certification Training-0013,07/04/2020 19:00:00,07/04/2020 21:00:00,America/Chicago,Offering of Mentor Certification Training (CANCELLED),87571,ILT Content,4,15,7200,AGG.University@dummydata.com,1,Bldg_2_Room_207
Onboarding_Mentor Certification Training,Onboarding_Mentor Certification Training-0014,09/04/2020 19:00:00,09/04/2020 21:00:00,America/Chicago,Offering of Mentor Certification Training (CANCELLED),86295,ILT Content,4,15,7200,AGG.University@dummydata.com,1,Bldg_2_Room_207
Onboarding_Mentor Certification Training,Onboarding_Mentor Certification Training-0015,09/19/2019 11:00:00.000,09/19/2019 14:00:00.000,America/Chicago,Offering of Mentor Certification Training,86295,ILT Content,4,10,10800,AGG.University@dummydata.com,1,Bldg_2_Room_207
Onboarding_Mentor Certification Training,Onboarding_Mentor Certification Training-0016,10/14/2019 10:00:00.000,10/14/2019 13:00:00.000,America/Chicago,Offering of Mentor Certification Training,86295,ILT Content,4,10,10800,AGG.University@dummydata.com,1,Bldg_2_Room_207
Onboarding_Mentor Certification Training,Onboarding_Mentor Certification Training-0017,10/15/2019 20:00:00.000,10/15/2019 23:00:00.000,America/Chicago,Offering of Mentor Certification Training,86295,ILT Content,4,10,10800,AGG.University@dummydata.com,1,Bldg_2_Room_207
Onboarding_Mentor Certification Training,Onboarding_Mentor Certification Training-0018,11/13/2019 19:00:00.000,11/13/2019 21:00:00.000,America/Chicago,Offering of Mentor Certification Training,86295,ILT Content,4,15,7200,AGG.University@dummydata.com,1,Bldg_2_Room_207
Onboarding_Mentor Certification Training,Onboarding_Mentor Certification Training-0019,11/21/2019 14:00:00.000,11/21/2019 16:00:00.000,America/Chicago,Offering of Mentor Certification Training,86295,ILT Content,4,15,7200,AGG.University@dummydata.com,1,Bldg_2_Room_207
Onboarding_Mentor Certification Training,Onboarding_Mentor Certification Training-0020,12/17/2019 14:00:00.000,12/17/2019 16:00:00.000,America/Chicago,Offering of Mentor Certification Training,87571,ILT Content,4,15,7200,AGG.University@dummydata.com,1,Bldg_2_Room_207
Onboarding_Mentor Certification Training,Onboarding_Mentor Certification Training-0021,12/18/2019 11:00:00.000,12/18/2019 13:00:00.000,America/Chicago,Offering of Mentor Certification Training,80366,ILT Content,4,15,7200,AGG.University@dummydata.com,1,Bldg_2_Room_207
Onboarding_Mentor Certification Training,Onboarding_Mentor Certification Training-0022,11/12/2019 21:00:00,11/12/2019 23:00:00,America/Chicago,Offering of Mentor Certification Training,87571,ILT Content,4,15,7200,AGG.University@dummydata.com,1,Bldg_2_Room_207
Onboarding_Mentor Certification Training,Onboarding_Mentor Certification Training-0023,06/12/2019 14:00:00,06/12/2019 16:00:00,America/Chicago,Offering of Mentor Certification Training,87571,ILT Content,4,15,7200,AGG.University@dummydata.com,1,Bldg_2_Room_207
Onboarding_Mentor Certification Training,Onboarding_Mentor Certification Training-0024,04/12/2019 19:00:00,04/12/2019 21:00:00,America/Chicago,Offering of Mentor Certification Training,87571,ILT Content,4,15,7200,AGG.University@dummydata.com,1,Bldg_2_Room_207
Onboarding_Mentor Certification Training,Onboarding_Mentor Certification Training-0025,06/01/2020 11:00:00,06/01/2020 13:00:00,America/Chicago,Offering of Mentor Certification Training,87571,ILT Content,4,15,7200,AGG.University@dummydata.com,1,Bldg_2_Room_207
Onboarding_Mentor Certification Training,Onboarding_Mentor Certification Training-0027,06/14/2018 13:00:00.000,06/14/2018 15:00:00.000,America/Chicago,Offering of Mentor Certification,,ILT Content,4,15,7200,AGG.University@dummydata.com,1,Bldg_2_Room_207
Onboarding_Mentor Certification Training,Onboarding_Mentor Certification Training-0028,11/02/2020 14:00:00,11/02/2020 16:00:00,America/Chicago,Offering of Mentor Certification Training,86295,ILT Content,4,15,7200,AGG.University@dummydata.com,1,Bldg_2_Room_207
Onboarding_Mentor Certification Training,Onboarding_Mentor Certification Training-0029,08/24/2021 11:00:00.000,08/24/2021 12:00:00.000,America/Chicago,Offering of Mentor Certification Training,87571,ILT Content,4,15,3600,AGG.University@dummydata.com,1,Bldg_2_Room_207
Onboarding_Mentor Certification Training,Onboarding_Mentor Certification Training-0030,08/25/2021 02:00:00.000,08/25/2021 03:00:00.000,America/Chicago,Offering of Mentor Certification Training,ReportingAdmin,ILT Content,4,15,3600,AGG.University@dummydata.com,1,Bldg_2_Room_207
Onboarding_Mentor Certification Training,Onboarding_Mentor Certification Training-0031,08/25/2021 03:00:00.000,08/25/2021 04:00:00.000,America/Chicago,Offering of Mentor Certification Training,ReportingAdmin,ILT Content,4,15,3600,AGG.University@dummydata.com,1,Bldg_2_Room_207
Onboarding_Mentor Certification Training,Onboarding_Mentor Certification Training-0032,08/25/2021 11:00:00.000,08/25/2021 12:00:00.000,America/Chicago,Offering of Mentor Certification Training,87571,ILT Content,4,15,3600,AGG.University@dummydata.com,1,Bldg_2_Room_207
PACTC (vendor),PACTC (vendor) Class,01/31/2008 00:00:00.000,01/31/2008 01:00:00.000,America/New_York,1000 hours Computer Maintenance Class,,ILT Content,,,,,1,Bldg_2_Room_207
PACTC (vendor) Wiring,PACTC (vendor) Wiring Class,01/31/2008 00:00:00.000,01/31/2008 01:00:00.000,America/New_York,Residential Wiring Class,,ILT Content,,,,,1,Bldg_2_Room_207
Paint_Paint 101,Paint_Paint 101 Class,01/31/2008 00:00:00.000,01/31/2008 01:00:00.000,America/New_York,Paint 101 Class,,ILT Content,,,,,1,Bldg_2_Room_207
PDM225 (vendor),PDM225 (vendor) Class,01/31/2008 00:00:00.000,01/31/2008 01:00:00.000,America/New_York,PDM225 SOLIDWORKS PDM User Professional Class,,ILT Content,,,,,1,Bldg_2_Room_207
PDM305 (vendor),PDM305 (vendor) Class,01/31/2008 00:00:00.000,01/31/2008 01:00:00.000,America/New_York,PDM305 Solidworks PDM Administrator Professional Class,,ILT Content,,,,,1,Bldg_2_Room_207
PerkinElmer (vendor),PerkinElmer (vendor) Class,01/31/2008 00:00:00.000,01/31/2008 01:00:00.000,America/New_York,ICP-Optima Instrumentation with Syngistix Software Class,,ILT Content,,,,,1,Bldg_2_Room_207
Platts 4th Annual Scrap Seminar (vendor),Platts 4th Annual Scrap Seminar (vendor) Class,01/31/2008 00:00:00.000,01/31/2008 01:00:00.000,America/New_York,Platts 4th Annual Scrap Seminar Class,,ILT Content,,,,,1,Bldg_2_Room_207
PLC (MAC),PLC (MAC) Class,01/31/2008 00:00:00.000,01/31/2008 01:00:00.000,America/New_York,Programmable Logical Controllers Troubleshooting Class Class,,ILT Content,,,,,1,Bldg_2_Room_207
Poly_Leather Wrap Skills Table (AGGU),Poly_Leather Wrap Skills Table (AGGU) Class,01/31/2008 00:00:00.000,01/31/2008 01:00:00.000,America/New_York,Leather Wrap Skills Table Class,,ILT Content,,,,,1,Bldg_2_Room_207
Precision Sensing for High Tech Industries (vendor),Precision Sensing for High Tech Industries (vendor) Class,01/31/2008 00:00:00.000,01/31/2008 01:00:00.000,America/New_York,Precision Sensing for High Tech Industries - BAL - LUFF Class,,ILT Content,,,,,1,Bldg_2_Room_207
Price Risk Management (vendor),Price Risk Management (vendor) Class,01/31/2008 00:00:00.000,01/31/2008 01:00:00.000,America/New_York,Price Risk Management in Steel Workshop Class,,ILT Content,,,,,1,Bldg_2_Room_207
Problem Solving_QC Story,Problem Solving_QC Story Class,01/31/2008 00:00:00.000,01/31/2008 01:00:00.000,America/New_York,QC Story Class,,ILT Content,,,,,1,Bldg_2_Room_207
Problem Solving_Six Sigma GB (Process Stabilization),Problem Solving_Six Sigma GB (Process Stabilization) Class,01/31/2008 00:00:00.000,01/31/2008 01:00:00.000,America/New_York,AGGU Six Sigma Green Belt Training Class,,ILT Content,,,,,1,Bldg_2_Room_207
Problem Solving_Six Sigma Greenbelt (Villanova),Problem Solving_Six Sigma Greenbelt (Villanova) Class,01/31/2008 00:00:00.000,01/31/2008 01:00:00.000,America/New_York,Six Sigma Green Belt (Villanova) Class,,ILT Content,,,,,1,Bldg_2_Room_207
Process Optimization (vendor),Process Optimization (vendor) Class,01/31/2008 00:00:00.000,01/31/2008 01:00:00.000,America/New_York,Process Optimization Training Class,,ILT Content,,,,,1,Bldg_2_Room_207
Process Optimization Scientific Molding (vendor),Process Optimization Scientific Molding (vendor) Class,01/31/2008 00:00:00.000,01/31/2008 01:00:00.000,America/New_York,Process Optimization Scientific Molding Class,,ILT Content,,,,,1,Bldg_2_Room_207
QR code ILTcourse,QR code ILTcourse-0001,01/22/2024 13:00:00.000,01/22/2024 16:00:00.000,America/New_York,Offering of QR code ILTcourse,vgurnule,ILT Content,,,,,1,Bldg_2_Room_207
Quality_Critical Parts-Quality Course (AGGNA),Quality_Critical Parts-Quality Course (AGGNA) Class,01/31/2008 00:00:00.000,01/31/2008 01:00:00.000,America/New_York,Critical Parts-Quality Course Class,,ILT Content,,,,,1,Bldg_2_Room_207
Quantity Verification for Ret (vendor),Quantity Verification for Ret (vendor) Class,01/31/2008 00:00:00.000,01/31/2008 01:00:00.000,America/New_York,Quantity Verification for Ret Class,,ILT Content,,,,,1,Bldg_2_Room_207
Requirement_Certificate of AGG Auditor,Requirement_Certificate of AGG Auditor Class -0001,09/30/2016 12:00:00.000,09/30/2016 21:00:00.000,America/New_York,Certificate of AGG Auditor,,ILT Content,,,,,1,Bldg_2_Room_207
Requirement_Lead Auditor Training with Supplier Auditor Certification,Requirement_Lead Auditor Training with Supplier Auditor Certification (ISO 9001:2000_ISO/TS 16949:2002),09/19/2003 12:00:00.000,09/19/2003 21:00:00.000,America/New_York,Lead Auditor Training with Supplier Auditor Certification (ISO 9001:2000_ISO/TS 16949:2002),,ILT Content,,,,,1,Bldg_2_Room_207
Requirement_Lead Auditor Training with Supplier Auditor Certification,Requirement_Lead Auditor Training with Supplier Auditor Certification (ISO 9001:2008_ISO/TS 16949:2009),11/02/2013 14:00:00,02/15/2013 23:00:00.000,America/Chicago,Lead Auditor Training with Supplier Auditor Certification (ISO 9001:2008_ISO/TS 16949:2009),,ILT Content,,,,,1,Bldg_2_Room_207
Requirement_Lead Auditor Training with Supplier Auditor Certification,Requirement_Lead Auditor Training with Supplier Auditor Certification (ISO 9001:2008_ISO/TS 16949:2009) -0002,10/26/2015 13:00:00.000,10/30/2015 22:00:00.000,America/Chicago,Lead Auditor Training with Supplier Auditor Certification (ISO 9001:2008_ISO/TS 16949:2009),,ILT Content,,,,AGG.University@dummydata.com,1,Bldg_2_Room_207
Requirement_Lead Auditor Validation,Requirement_Lead Auditor Validation (ISO/TS 16949:2009) -0001,06/17/2016 12:00:00.000,06/17/2016 21:00:00.000,America/New_York,Lead Auditor Validation (ISO/TS 16949:2009),,ILT Content,,,,AGG.University@dummydata.com,1,Bldg_2_Room_207
Requirement_Maintenance Connection (For Technicians),Requirement_Maintenance Connection (For Technicians)-001,02/04/2019 11:30:00,02/04/2019 12:30:00,America/Chicago,Offering of Maintenance Connection (For Technicians),,ILT Content,2,20,3600,AGG.University@dummydata.com,1,Bldg_2_Room_207
Requirement_Maintenance Connection (For Technicians),Requirement_Maintenance Connection (For Technicians)-0011,05/14/2019 20:30:00.000,05/14/2019 21:30:00.000,America/Chicago,Offering of Maintenance Connection (For Technicians),,ILT Content,2,20,3600,AGG.University@dummydata.com,1,Bldg_2_Room_207
Requirement_Maintenance Connection (For Technicians),Requirement_Maintenance Connection (For Technicians)-0012,05/15/2019 12:30:00.000,05/15/2019 13:30:00.000,America/Chicago,Offering of Maintenance Connection (For Technicians),,ILT Content,2,20,3600,AGG.University@dummydata.com,1,Bldg_2_Room_207
Requirement_Maintenance Connection (For Technicians),Requirement_Maintenance Connection (For Technicians)-0013,05/15/2019 21:30:00.000,05/15/2019 22:30:00.000,America/Chicago,Offering of Maintenance Connection (For Technicians),,ILT Content,2,20,3600,AGG.University@dummydata.com,1,Bldg_2_Room_207
Requirement_Maintenance Connection (For Technicians),Requirement_Maintenance Connection (For Technicians)-0014,05/16/2019 20:30:00.000,05/16/2019 21:30:00.000,America/Chicago,Offering of Maintenance Connection (For Technicians),,ILT Content,2,20,3600,AGG.University@dummydata.com,1,Bldg_2_Room_207
Requirement_Maintenance Connection (For Technicians),Requirement_Maintenance Connection (For Technicians)-0015,05/29/2019 12:30:00.000,05/29/2019 13:30:00.000,America/Chicago,Offering of Maintenance Connection (For Technicians),,ILT Content,2,20,3600,AGG.University@dummydata.com,1,Bldg_2_Room_207
Requirement_Maintenance Connection (For Technicians),Requirement_Maintenance Connection (For Technicians)-0016,05/29/2019 21:30:00.000,05/29/2019 22:30:00.000,America/Chicago,Offering of Maintenance Connection (For Technicians),,ILT Content,2,20,3600,AGG.University@dummydata.com,1,Bldg_2_Room_207
Requirement_Maintenance Connection (For Technicians),Requirement_Maintenance Connection (For Technicians)-0017,05/21/2019 20:00:00.000,05/21/2019 21:00:00.000,America/Chicago,Offering of Maintenance Connection (For Technicians),,ILT Content,2,20,3600,AGG.University@dummydata.com,1,Bldg_2_Room_207
Requirement_Maintenance Connection (For Technicians),Requirement_Maintenance Connection (For Technicians)-0018,05/22/2019 12:00:00.000,05/22/2019 13:00:00.000,America/Chicago,Offering of Maintenance Connection (For Technicians),,ILT Content,2,20,3600,AGG.University@dummydata.com,1,Bldg_2_Room_207
Requirement_Maintenance Connection (For Technicians),Requirement_Maintenance Connection (For Technicians)-0019,05/22/2019 20:00:00.000,05/22/2019 21:00:00.000,America/Chicago,Offering of Maintenance Connection (For Technicians),,ILT Content,2,20,3600,AGG.University@dummydata.com,1,Bldg_2_Room_207
Requirement_Maintenance Connection (For Technicians),Requirement_Maintenance Connection (For Technicians)-002,02/04/2019 20:30:00,02/04/2019 21:30:00,America/Chicago,Offering of Maintenance Connection (For Technicians),,ILT Content,2,20,3600,AGG.University@dummydata.com,1,Bldg_2_Room_207
Requirement_Maintenance Connection (For Technicians),Requirement_Maintenance Connection (For Technicians)-0020,05/23/2019 12:00:00.000,05/23/2019 13:00:00.000,America/Chicago,Offering of Maintenance Connection (For Technicians),,ILT Content,2,20,3600,AGG.University@dummydata.com,1,Bldg_2_Room_207
Requirement_Maintenance Connection (For Technicians),Requirement_Maintenance Connection (For Technicians)-0023,08/13/2020 12:00:00.000,08/13/2020 13:00:00.000,America/Chicago,Offering of Maintenance Connection (For Technicians),,ILT Content,2,8,3600,AGG.University@dummydata.com,1,Bldg_2_Room_207
Requirement_Maintenance Connection (For Technicians),Requirement_Maintenance Connection (For Technicians)-0024,08/13/2020 21:00:00.000,08/13/2020 22:00:00.000,America/Chicago,Offering of Maintenance Connection (For Technicians),,ILT Content,2,8,3600,AGG.University@dummydata.com,1,Bldg_2_Room_207
Requirement_Maintenance Connection (For Technicians),Requirement_Maintenance Connection (For Technicians)-0025,04/12/2020 13:00:00,04/12/2020 14:00:00,America/Chicago,Offering of Maintenance Connection (For Technicians),,ILT Content,2,8,3600,AGG.University@dummydata.com,1,Bldg_2_Room_207
Requirement_Maintenance Connection (For Technicians),Requirement_Maintenance Connection (For Technicians)-0026,04/12/2020 21:30:00,04/12/2020 22:30:00,America/Chicago,Offering of Maintenance Connection (For Technicians),,ILT Content,2,8,3600,AGG.University@dummydata.com,1,Bldg_2_Room_207
Requirement_Maintenance Connection (For Technicians),Requirement_Maintenance Connection (For Technicians)-003,03/04/2019 12:30:00,03/04/2019 13:30:00,America/Chicago,Offering of Maintenance Connection (For Technicians),,ILT Content,2,20,3600,AGG.University@dummydata.com,1,Bldg_2_Room_207
Requirement_Maintenance Connection (For Technicians),Requirement_Maintenance Connection (For Technicians)-004,04/16/2019 11:30:00.000,04/16/2019 12:30:00.000,America/Chicago,Offering of Maintenance Connection (For Technicians),,ILT Content,2,20,3600,AGG.University@dummydata.com,1,Bldg_2_Room_207
Requirement_Maintenance Connection (For Technicians),Requirement_Maintenance Connection (For Technicians)-005,04/16/2019 20:30:00.000,04/16/2019 21:30:00.000,America/Chicago,Offering of Maintenance Connection (For Technicians),,ILT Content,2,20,3600,AGG.University@dummydata.com,1,Bldg_2_Room_207
Requirement_Maintenance Connection (For Technicians),Requirement_Maintenance Connection (For Technicians)-006,04/17/2019 12:30:00.000,04/17/2019 13:30:00.000,America/Chicago,Offering of Maintenance Connection (For Technicians),,ILT Content,2,20,3600,AGG.University@dummydata.com,1,Bldg_2_Room_207
Requirement_Maintenance Connection (For Technicians),Requirement_Maintenance Connection (For Technicians)-007,04/29/2019 20:30:00.000,04/29/2019 21:30:00.000,America/Chicago,Offering of Maintenance Connection (For Technicians),,ILT Content,2,20,3600,AGG.University@dummydata.com,1,Bldg_2_Room_207
Requirement_Maintenance Connection (For Technicians),Requirement_Maintenance Connection (For Technicians)-008,04/30/2019 11:30:00.000,04/30/2019 12:30:00.000,America/Chicago,Offering of Maintenance Connection (For Technicians),,ILT Content,2,20,3600,AGG.University@dummydata.com,1,Bldg_2_Room_207
Requirement_Maintenance Connection (For Technicians),Requirement_Maintenance Connection (For Technicians)-009,04/30/2019 20:30:00.000,04/30/2019 21:30:00.000,America/Chicago,Offering of Maintenance Connection (For Technicians),,ILT Content,2,20,3600,AGG.University@dummydata.com,1,Bldg_2_Room_207
RWMA Resistance Welding School (vendor),RWMA Resistance Welding School (vendor) Class,01/31/2008 00:00:00.000,01/31/2008 01:00:00.000,America/New_York,RWMA Resistance Welding School Class,,ILT Content,,,,,1,Bldg_2_Room_207
S4 Programming I (vendor),S4 Programming I (vendor) Class,01/31/2008 00:00:00.000,01/31/2008 01:00:00.000,America/New_York,S4 Programming I Class,,ILT Content,,,,,1,Bldg_2_Room_207
Safety_DOT Hazardous Material Employee Training (vendor),Safety_DOT Hazardous Material Employee Training (vendor) Class,01/31/2008 00:00:00.000,01/31/2008 01:00:00.000,America/New_York,DOT Hazardous Material Employee Training Class,,ILT Content,,,,,1,Bldg_2_Room_207
Safety_Dupont Stop (AGG Safety Dept.),Safety_Dupont Stop (AGG Safety Dept.) Class,01/31/2008 00:00:00.000,01/31/2008 01:00:00.000,America/New_York,Dupont Stop Class,,ILT Content,,,,,1,Bldg_2_Room_207
Safety_Emergency Planning & Comunity Right-to-Know (Trinity Consultants),Safety_Emergency Planning & Comunity Right-to-Know (Trinity Consultants) Class,01/31/2008 00:00:00.000,01/31/2008 01:00:00.000,America/New_York,Intro to Emergency Planning & Community Right-to-Know Class,,ILT Content,,,,,1,Bldg_2_Room_207
Safety_Kiken Yochi,Safety_Kiken Yochi Class,01/31/2008 00:00:00.000,01/31/2008 01:00:00.000,America/New_York,Kiken Yochi Class (Contact the Safety Dept. to Schedule),,ILT Content,,,,,1,Bldg_2_Room_207
Safety_OSHA 10-hour Construction Industry,Safety_OSHA 10-hour Construction Industry Class,01/31/2008 00:00:00.000,01/31/2008 01:00:00.000,America/New_York,OSHA 10-hour Construction Industry Class,,ILT Content,,,,,1,Bldg_2_Room_207
SkillsUSA (vendor),SkillsUSA (vendor) Class,01/31/2008 00:00:00.000,01/31/2008 01:00:00.000,America/New_York,Electronics Applications / Technology Assessment Class,,ILT Content,,,,,1,Bldg_2_Room_207
SkillsUSA (vendor) Computer Maintenance,SkillsUSA (vendor) Computer Maintenance Class,01/31/2008 00:00:00.000,01/31/2008 01:00:00.000,America/New_York,Computer Maintenance Technology Proficiency Assessment Class,,ILT Content,,,,,1,Bldg_2_Room_207
Steel Markets North America Conference (vendor),Steel Markets North America Conference (vendor) Class,01/31/2008 00:00:00.000,01/31/2008 01:00:00.000,America/New_York,12th Annual Steel Markets North America Conference Class,,ILT Content,,,,,1,Bldg_2_Room_207
Subpart H - Training (vendor),Subpart H - Training (vendor) Class,01/31/2008 00:00:00.000,01/31/2008 01:00:00.000,America/New_York,49 CFR 172.700 Class,,ILT Content,,,,,1,Bldg_2_Room_207
Supplier Requirement_Lexus Dojo Training (AGGU),Supplier Requirement_Lexus Dojo Training (AGGU) Class,01/31/2008 00:00:00.000,01/31/2008 01:00:00.000,America/New_York,Lexus Dojo Training Class,,ILT Content,,,,,1,Bldg_2_Room_207
SXSIG_GB_Exam_Prep_(MAC),SXSIG_GB_Exam_Prep_(MAC) Class,01/31/2008 00:00:00.000,01/31/2008 01:00:00.000,America/New_York,Six Sigma Green Belt Training / Exam Prep (MAC) Class,,ILT Content,,,,,1,Bldg_2_Room_207
TEC 1900 (College Transcript),TEC 1900 (College Transcript) Class,01/31/2008 00:00:00.000,01/31/2008 01:00:00.000,America/New_York,Technical Mathematics I Class,,ILT Content,,,,,1,Bldg_2_Room_207
Technical_Advanced PLCs (MAC),Technical_Advanced PLCs (MAC) Class,01/31/2008 00:00:00.000,01/31/2008 01:00:00.000,America/New_York,Advanced Programmable Logical Controllers Class,,ILT Content,,,,,1,Bldg_2_Room_207
Technical_Basic PLC (MAC),Technical_Basic PLC (MAC) Class,01/31/2008 00:00:00.000,01/31/2008 01:00:00.000,America/New_York,Basic Programmable Logical Controllers (MAC) Class,,ILT Content,,,,,1,Bldg_2_Room_207
Technical_Basic PLC (Omron),Technical_Basic PLC (Omron) Class,01/31/2008 00:00:00.000,01/31/2008 01:00:00.000,America/New_York,Basic PLC Programing (Omron) Class,,ILT Content,,,,,1,Bldg_2_Room_207
Technical_Basic PLC (Omron),Technical_Basic PLC (Omron)-0001,08/25/2021 13:00:00.000,08/25/2021 22:00:00.000,America/Chicago,Offering of Basic PLC Programing (Omron),,ILT Content,,8,,,1,Bldg_2_Room_207
Technical_Basic PLC (Omron),Technical_Basic PLC (Omron)-0002,08/26/2021 13:00:00.000,08/26/2021 22:00:00.000,America/Chicago,Offering of Basic PLC Programing (Omron),,ILT Content,,8,,,1,Bldg_2_Room_207
Technical_Electrical Level 1 Lab (Ranken),Technical_Electrical Level 1 Lab (Ranken) Class,01/31/2008 00:00:00.000,01/31/2008 01:00:00.000,America/New_York,Electrical Level 1 Lab for Amatrol (Ranken) Class,,ILT Content,,,,,1,Bldg_2_Room_207
Technical_Electrical Level 2 Lab (Ranken),Technical_Electrical Level 2 Lab (Ranken) Class,01/31/2008 00:00:00.000,01/31/2008 01:00:00.000,America/New_York,Electrical Level 2 Lab for Amatrol (Ranken) Class,,ILT Content,,,,,1,Bldg_2_Room_207
Technical_Fanuc Level I (Ranken),Technical_Fanuc Level I (Ranken) Class,01/31/2008 00:00:00.000,01/31/2008 01:00:00.000,America/New_York,Fanuc Robotics Basic - Level I (Ranken) Class,,ILT Content,,,,,1,Bldg_2_Room_207
Technical_Fanuc Level I (Ranken),Technical_Fanuc Level I (Ranken)-0001,07/19/2021 13:00:00.000,07/22/2021 22:00:00.000,America/Chicago,Offering of Fanuc Robotics - Level I (Ranken),,ILT Content,,8,115200,AGG.University@dummydata.com,1,Bldg_2_Room_207
Technical_Fanuc Level I (Ranken),Technical_Fanuc Level I (Ranken)-0002,07/26/2021 13:00:00.000,07/29/2021 22:00:00.000,America/Chicago,Offering of Fanuc Robotics - Level I (Ranken),,ILT Content,,8,115200,AGG.University@dummydata.com,1,Bldg_2_Room_207
Technical_Fanuc Level I (Ranken),Technical_Fanuc Level I (Ranken)-0003,08/23/2021 13:00:00.000,08/26/2021 22:00:00.000,America/Chicago,Offering of Fanuc Robotics - Level 2 (Ranken),,ILT Content,,8,115200,AGG.University@dummydata.com,1,Bldg_2_Room_207
Technical_Fanuc Level I (Ranken),Technical_Fanuc Level I (Ranken)-0004,08/30/2021 13:00:00.000,02/09/2021 22:00:00,America/Chicago,Offering of Fanuc Robotics - Level 2 (Ranken),,ILT Content,,8,115200,AGG.University@dummydata.com,1,Bldg_2_Room_207
Technical_Fanuc Level II (Ranken),Technical_Fanuc Level II (Ranken) Class,01/31/2008 00:00:00.000,01/31/2008 01:00:00.000,America/New_York,Fanuc Robotics Intermediate - Level II (Ranken) Class,,ILT Content,,,,,1,Bldg_2_Room_207
Technical_Fanuc Level III (Ranken),Technical_Fanuc Level III (Ranken) Class,01/31/2008 00:00:00.000,01/31/2008 01:00:00.000,America/New_York,Fanuc Robotics Advanced - Level III (Ranken) Class,,ILT Content,,,,,1,Bldg_2_Room_207
Technical_Intermediate PLC (Omron),Technical_Intermediate PLC (Omron) Class,01/31/2008 00:00:00.000,01/31/2008 01:00:00.000,America/New_York,Intermediate PLC Programming (Omron) Class,,ILT Content,,,,,1,Bldg_2_Room_207
Technical_Mechanical Level 1 Lab (Ranken),Technical_Mechanical Level 1 Lab (Ranken) Class,01/31/2008 00:00:00.000,01/31/2008 01:00:00.000,America/New_York,Mechanical Level 1 Lab for Amatrol (Ranken) Class,,ILT Content,,,,,1,Bldg_2_Room_207
Technical_Mechanical Level 2 Lab (Ranken),Technical_Mechanical Level 2 Lab (Ranken) Class,01/31/2008 00:00:00.000,01/31/2008 01:00:00.000,America/New_York,Mechanical Level 2 Lab for Amatrol (Ranken) Class,,ILT Content,,,,,1,Bldg_2_Room_207
Technical_Metallurgy of Die Casting Alloys (vendor),Technical_Metallurgy of Die Casting Alloys (vendor) Class,01/31/2008 00:00:00.000,01/31/2008 01:00:00.000,America/New_York,Metallurgy of Die Casting Alloys Class,,ILT Content,,,,,1,Bldg_2_Room_207
Technical_Oxyacetylene Welding (vendor),Technical_Oxyacetylene Welding (vendor) Class,01/31/2008 00:00:00.000,01/31/2008 01:00:00.000,America/New_York,Oxyacetylene Welding Class,,ILT Content,,,,,1,Bldg_2_Room_207
Technical_PQ2 (vendor),Technical_PQ2 (vendor) Class,01/31/2008 00:00:00.000,01/31/2008 01:00:00.000,America/New_York,PQ2 Class,,ILT Content,,,,,1,Bldg_2_Room_207
Technician Type Universal (vendor),Technician Type Universal (vendor) Class,01/31/2008 00:00:00.000,01/31/2008 01:00:00.000,America/New_York,Technician Type Universal Class,,ILT Content,,,,,1,Bldg_2_Room_207
AGG Activity,AGG Activity Class,01/31/2008 00:00:00.000,01/31/2008 01:00:00.000,America/New_York,In-House Monozukuri - TPS Class,,ILT Content,,,,,1,Bldg_2_Room_207
AGGNA_Legal Compliance Training (GM's & Above),AGGNA_Legal Compliance Training (GM's & Above) Class,01/31/2008 00:00:00.000,01/31/2008 01:00:00.000,America/New_York,Legal Compliance Training (GM's & Above) Class,,ILT Content,,,,,1,Bldg_2_Room_207
Time Management Workshop (MAC),Time Management Workshop (MAC) Class,01/31/2008 00:00:00.000,01/31/2008 01:00:00.000,America/New_York,Time Management Workshop Class,,ILT Content,,,,,1,Bldg_2_Room_207
Traceability in Manufacturing using RFID - BAL - L,Traceability in Manufacturing using RFID - BAL - L Class,01/31/2008 00:00:00.000,01/31/2008 01:00:00.000,America/New_York,Traceability in Manufacturing using RFID - BAL - LUFF Class,,ILT Content,,,,,1,Bldg_2_Room_207
Train the Trainer_Forklift Instructor,Train the Trainer_Forklift Instructor Class,01/31/2008 00:00:00.000,01/31/2008 01:00:00.000,America/New_York,Forklift Instructor Class,,ILT Content,,,,,1,Bldg_2_Room_207
Train the Trainer_Intro to AGG Facilitator Certification,Train the Trainer_Intro to AGG Instructor Class,01/31/2008 00:00:00.000,01/31/2008 01:00:00.000,America/New_York,Intro to AGG Instructor Class,,ILT Content,,,,,1,Bldg_2_Room_207
Train the Trainer_Kiken Yochi Instructor,Train the Trainer_Kiken Yochi Instructor Class,01/31/2008 00:00:00.000,01/31/2008 01:00:00.000,America/New_York,Kiken Yochi: Instructor Class,,ILT Content,,,,,1,Bldg_2_Room_207
Train the Trainer_Overhead Crane Instructor,Train the Trainer_Overhead Crane Instructor Class,01/31/2008 00:00:00.000,01/31/2008 01:00:00.000,America/New_York,Overhead Crane Instructor Class,,ILT Content,,,,,1,Bldg_2_Room_207
Train the Trainer_Scissor & Boom Instructor,Train the Trainer_Scissor & Boom Instructor Class,01/31/2008 00:00:00.000,01/31/2008 01:00:00.000,America/New_York,Scissor & Boom Instructor Class,,ILT Content,,,,,1,Bldg_2_Room_207
Train the Trainer_TWI Job Instruction Instructor (40-hr cert.),Train the Trainer_TWI Job Instruction Instructor (40-hr. cert) Class,01/31/2008 00:00:00.000,01/31/2008 01:00:00.000,America/New_York,TWI Job Instruction Instructor (TWI Institute) Class,,ILT Content,,,,,1,Bldg_2_Room_207
Work Keys (vendor),Work Keys (vendor) Class,01/31/2008 00:00:00.000,01/31/2008 01:00:00.000,America/New_York,Work Keys Profile Class,,ILT Content,,,,,1,Bldg_2_Room_207
Working As A High Performance Team (MAC),Working As A High Performance Team (MAC) Class,01/31/2008 00:00:00.000,01/31/2008 01:00:00.000,America/New_York,Working As A High Performance Team Class,,ILT Content,,,,,1,Bldg_2_Room_207
Working Through Conflict (MAC),Working Through Conflict (MAC) Class,01/31/2008 00:00:00.000,01/31/2008 01:00:00.000,America/New_York,Working Through Conflict Workshop Class,,ILT Content,,,,,1,Bldg_2_Room_207
XRC Basic Programming using VRC (vendor),XRC Basic Programming using VRC (vendor) Class,01/31/2008 00:00:00.000,01/31/2008 01:00:00.000,America/New_York,XRC Basic Programming using VRC Class,,ILT Content,,,,,1,Bldg_2_Room_207
