Event ID,Session ID*,Part Start Date/Time,Part End Date/Time,Part Break Duration,Part Timezone,Display Times in TimeZone of User,Part name,Part Location,Part Instructor*,Session Status,Cancellation Reason,Cancellation Comment,Available Languages,Vendor/Provider,Registration Deadline,Registration Deadline - Before/After,Allow waitlist for sessions,Allow Auto-Management of Waitlist‡, Auto-Register User upon Granting Waitlist‡,Minimum Users,Maximum Users,Credits,Attendance Parts,Emails,Currency Code,Price Per Session,No-show Penalty – Monetary,No-show Penalty – Training Units,Restrict Withdraw from Session,Refund Type,Refund Percentage‡,Refund Amount‡,Refund Number of Days prior to start‡,Withdrawal Penalty Percentage,Withdrawal Penalty Amount,Penalty Number of Days prior to start,Created/Modified By,Do not allow exception request,Copy Availability from its Event,Availability to All Users,Availability to Specific Users,Availability to OU‡,Availability OU Type,Register Upon Approval,Pre-Approved,Includes Subordinates,Training Contact,Training Units,Default Training Unit Price,Required Training Approvals,Required Completion Approvals,Request Form
11th Annual Steel Markets North America Conference (vendor),11th Annual Steel Markets North America Conference (vendor) Class,01/31/2008 00:00:00.000,01/31/2008 01:00:00.000,,9,1,11th Annual Steel Markets North America Conference Class,Bldg_1_Room_102,,,,,USE EVENT SETTING,ILT Content,USE EVENT SETTING,USE EVENT SETTING,1,USE EVENT SETTING,USE EVENT SETTING,,,,1,No Email,1,USE EVENT SETTING,USE EVENT SETTING,USE EVENT SETTING,USE EVENT SETTING,USE EVENT SETTING,USE EVENT SETTING,USE EVENT SETTING,USE EVENT SETTING,USE EVENT SETTING,USE EVENT SETTING,USE EVENT SETTING,User performing the load,false,false,,,,,false,false,false,,USE EVENT SETTING,USE EVENT SETTING,0,0,
2-Day APQP J PPAP 4th Edition Training (vendor),2-Day APQP J PPAP 4th Edition Training (vendor) Class,01/31/2008 00:00:00.000,01/31/2008 01:00:00.000,,9,1,2-Day APQP J PPAP 4th Edition Training Class,Bldg_1_Room_102,,,,,USE EVENT SETTING,ILT Content,USE EVENT SETTING,USE EVENT SETTING,1,USE EVENT SETTING,USE EVENT SETTING,,,,1,No Email,1,USE EVENT SETTING,USE EVENT SETTING,USE EVENT SETTING,USE EVENT SETTING,USE EVENT SETTING,USE EVENT SETTING,USE EVENT SETTING,USE EVENT SETTING,USE EVENT SETTING,USE EVENT SETTING,USE EVENT SETTING,User performing the load,false,false,,,,,false,false,false,,USE EVENT SETTING,USE EVENT SETTING,0,0,
"2-Day FMEA, SPC, J MSA Training (vendor)","2-Day FMEA, SPC, J MSA Training (vendor) Class",01/31/2008 00:00:00.000,01/31/2008 01:00:00.000,,9,1,"2-Day FMEA, SPC, J MSA Training Class",Bldg_1_Room_102,,,,,USE EVENT SETTING,ILT Content,USE EVENT SETTING,USE EVENT SETTING,1,USE EVENT SETTING,USE EVENT SETTING,,,,1,No Email,1,USE EVENT SETTING,USE EVENT SETTING,USE EVENT SETTING,USE EVENT SETTING,USE EVENT SETTING,USE EVENT SETTING,USE EVENT SETTING,USE EVENT SETTING,USE EVENT SETTING,USE EVENT SETTING,USE EVENT SETTING,User performing the load,false,false,,,,,false,false,false,,USE EVENT SETTING,USE EVENT SETTING,0,0,
3D Vision Smart Cameras - COGNEX (vendor),3D Vision Smart Cameras - COGNEX (vendor) Class,01/31/2008 00:00:00.000,01/31/2008 01:00:00.000,,9,1,3D Vision Smart Cameras - COGNEX Class,Bldg_1_Room_102,,,,,USE EVENT SETTING,ILT Content,USE EVENT SETTING,USE EVENT SETTING,1,USE EVENT SETTING,USE EVENT SETTING,,,,1,No Email,1,USE EVENT SETTING,USE EVENT SETTING,USE EVENT SETTING,USE EVENT SETTING,USE EVENT SETTING,USE EVENT SETTING,USE EVENT SETTING,USE EVENT SETTING,USE EVENT SETTING,USE EVENT SETTING,USE EVENT SETTING,User performing the load,false,false,,,,,false,false,false,,USE EVENT SETTING,USE EVENT SETTING,0,0,
7 Habits (MAC),7 Habits (MAC) Class,01/31/2008 00:00:00.000,01/31/2008 01:00:00.000,,9,1,The 7 Habits of Highly Effective People Class,Bldg_1_Room_102,,,,,USE EVENT SETTING,ILT Content,USE EVENT SETTING,USE EVENT SETTING,1,USE EVENT SETTING,USE EVENT SETTING,,,,1,No Email,1,USE EVENT SETTING,USE EVENT SETTING,USE EVENT SETTING,USE EVENT SETTING,USE EVENT SETTING,USE EVENT SETTING,USE EVENT SETTING,USE EVENT SETTING,USE EVENT SETTING,USE EVENT SETTING,USE EVENT SETTING,User performing the load,false,false,,,,,false,false,false,,USE EVENT SETTING,USE EVENT SETTING,0,0,
Accounting_Inventory,Accounting_Inventory Class (AGGU),01/31/2008 00:00:00.000,01/31/2008 01:00:00.000,,9,1,Inventory Count & Audit Class,Bldg_1_Room_102,,,,,USE EVENT SETTING,ILT Content,USE EVENT SETTING,USE EVENT SETTING,1,USE EVENT SETTING,USE EVENT SETTING,,,,1,No Email,1,USE EVENT SETTING,USE EVENT SETTING,USE EVENT SETTING,USE EVENT SETTING,USE EVENT SETTING,USE EVENT SETTING,USE EVENT SETTING,USE EVENT SETTING,USE EVENT SETTING,USE EVENT SETTING,USE EVENT SETTING,User performing the load,false,false,,,,,false,false,false,,USE EVENT SETTING,USE EVENT SETTING,0,0,
Adaptive Leadership (MAC),Adaptive Leadership (MAC) Class,01/31/2008 00:00:00.000,01/31/2008 01:00:00.000,,9,1,Adaptive Leadership Workshop Class,Bldg_1_Room_102,,,,,USE EVENT SETTING,ILT Content,USE EVENT SETTING,USE EVENT SETTING,1,USE EVENT SETTING,USE EVENT SETTING,,,,1,No Email,1,USE EVENT SETTING,USE EVENT SETTING,USE EVENT SETTING,USE EVENT SETTING,USE EVENT SETTING,USE EVENT SETTING,USE EVENT SETTING,USE EVENT SETTING,USE EVENT SETTING,USE EVENT SETTING,USE EVENT SETTING,User performing the load,false,false,,,,,false,false,false,,USE EVENT SETTING,USE EVENT SETTING,0,0,
Auditor Training (vendor),Auditor Training (vendor) Class,03/27/2017 12:00:00.000,03/29/2017 21:00:00.000,,9,1,Transitioning to IATF 16949 Auditor Training 24-Hr Cert Class,Bldg_1_Room_102,,,,,USE EVENT SETTING,ILT Content,USE EVENT SETTING,USE EVENT SETTING,1,USE EVENT SETTING,USE EVENT SETTING,,,,1,No Email,1,USE EVENT SETTING,USE EVENT SETTING,USE EVENT SETTING,USE EVENT SETTING,USE EVENT SETTING,USE EVENT SETTING,USE EVENT SETTING,USE EVENT SETTING,USE EVENT SETTING,USE EVENT SETTING,USE EVENT SETTING,User performing the load,false,false,,,,,false,false,false,,USE EVENT SETTING,USE EVENT SETTING,0,0,
BIOL-101-B1 (College Transcript),BIOL-101-B1 (College Transcript) Class,01/31/2008 00:00:00.000,01/31/2008 01:00:00.000,,9,1,General Biology Class,Bldg_1_Room_102,,,,,USE EVENT SETTING,ILT Content,USE EVENT SETTING,USE EVENT SETTING,1,USE EVENT SETTING,USE EVENT SETTING,,,,1,No Email,1,USE EVENT SETTING,USE EVENT SETTING,USE EVENT SETTING,USE EVENT SETTING,USE EVENT SETTING,USE EVENT SETTING,USE EVENT SETTING,USE EVENT SETTING,USE EVENT SETTING,USE EVENT SETTING,USE EVENT SETTING,User performing the load,false,false,,,,,false,false,false,,USE EVENT SETTING,USE EVENT SETTING,0,0,
CAD110 (vendor),CAD110 (vendor) Class,01/31/2008 00:00:00.000,01/31/2008 01:00:00.000,,9,1,CAD110 SolidWorks Essentials Class,Bldg_1_Room_102,,,,,USE EVENT SETTING,ILT Content,USE EVENT SETTING,USE EVENT SETTING,1,USE EVENT SETTING,USE EVENT SETTING,,,,1,No Email,1,USE EVENT SETTING,USE EVENT SETTING,USE EVENT SETTING,USE EVENT SETTING,USE EVENT SETTING,USE EVENT SETTING,USE EVENT SETTING,USE EVENT SETTING,USE EVENT SETTING,USE EVENT SETTING,USE EVENT SETTING,User performing the load,false,false,,,,,false,false,false,,USE EVENT SETTING,USE EVENT SETTING,0,0,
CAD110 Test (vendor),CAD110 Test (vendor) Class,01/31/2008 00:00:00.000,01/31/2008 01:00:00.000,,9,1,CAD110 SOLIDWORKS Essentials Competency Test Class,Bldg_1_Room_102,,,,,USE EVENT SETTING,ILT Content,USE EVENT SETTING,USE EVENT SETTING,1,USE EVENT SETTING,USE EVENT SETTING,,,,1,No Email,1,USE EVENT SETTING,USE EVENT SETTING,USE EVENT SETTING,USE EVENT SETTING,USE EVENT SETTING,USE EVENT SETTING,USE EVENT SETTING,USE EVENT SETTING,USE EVENT SETTING,USE EVENT SETTING,USE EVENT SETTING,User performing the load,false,false,,,,,false,false,false,,USE EVENT SETTING,USE EVENT SETTING,0,0,
CAD215 SOLIDWORKS Assembly Molding (vendor),CAD215 SOLIDWORKS Assembly Molding (vendor) Class,01/31/2008 00:00:00.000,01/31/2008 01:00:00.000,,9,1,CAD215 SOLIDWORKS Assembly Molding Class,Bldg_1_Room_102,,,,,USE EVENT SETTING,ILT Content,USE EVENT SETTING,USE EVENT SETTING,1,USE EVENT SETTING,USE EVENT SETTING,,,,1,No Email,1,USE EVENT SETTING,USE EVENT SETTING,USE EVENT SETTING,USE EVENT SETTING,USE EVENT SETTING,USE EVENT SETTING,USE EVENT SETTING,USE EVENT SETTING,USE EVENT SETTING,USE EVENT SETTING,USE EVENT SETTING,User performing the load,false,false,,,,,false,false,false,,USE EVENT SETTING,USE EVENT SETTING,0,0,
Certified Die Casting Technician (vendor),Certified Die Casting Technician (vendor) Class,01/31/2008 00:00:00.000,01/31/2008 01:00:00.000,,9,1,Certified Die Casting Technician Class,Bldg_1_Room_102,,,,,USE EVENT SETTING,ILT Content,USE EVENT SETTING,USE EVENT SETTING,1,USE EVENT SETTING,USE EVENT SETTING,,,,1,No Email,1,USE EVENT SETTING,USE EVENT SETTING,USE EVENT SETTING,USE EVENT SETTING,USE EVENT SETTING,USE EVENT SETTING,USE EVENT SETTING,USE EVENT SETTING,USE EVENT SETTING,USE EVENT SETTING,USE EVENT SETTING,User performing the load,false,false,,,,,false,false,false,,USE EVENT SETTING,USE EVENT SETTING,0,0,
Cognex In-Sight (vendor),Cognex In-Sight (vendor) Class,01/31/2008 00:00:00.000,01/31/2008 01:00:00.000,,9,1,Cognex In-Sight EasyBuilder & Spreadsheet Standard Class,Bldg_1_Room_102,,,,,USE EVENT SETTING,ILT Content,USE EVENT SETTING,USE EVENT SETTING,1,USE EVENT SETTING,USE EVENT SETTING,,,,1,No Email,1,USE EVENT SETTING,USE EVENT SETTING,USE EVENT SETTING,USE EVENT SETTING,USE EVENT SETTING,USE EVENT SETTING,USE EVENT SETTING,USE EVENT SETTING,USE EVENT SETTING,USE EVENT SETTING,USE EVENT SETTING,User performing the load,false,false,,,,,false,false,false,,USE EVENT SETTING,USE EVENT SETTING,0,0,
Collaborative Robotics - Meet BAXTER - RE - THINK (vendor),Collaborative Robotics - Meet BAXTER - RE - THINK (vendor) Class,01/31/2008 00:00:00.000,01/31/2008 01:00:00.000,,9,1,Collaborative Robotics - Meet BAXTER - RE - THINK ROBOTICS Class,Bldg_1_Room_102,,,,,USE EVENT SETTING,ILT Content,USE EVENT SETTING,USE EVENT SETTING,1,USE EVENT SETTING,USE EVENT SETTING,,,,1,No Email,1,USE EVENT SETTING,USE EVENT SETTING,USE EVENT SETTING,USE EVENT SETTING,USE EVENT SETTING,USE EVENT SETTING,USE EVENT SETTING,USE EVENT SETTING,USE EVENT SETTING,USE EVENT SETTING,USE EVENT SETTING,User performing the load,false,false,,,,,false,false,false,,USE EVENT SETTING,USE EVENT SETTING,0,0,
Compliance_Fire Extinguisher (Cintas),Compliance_Fire Extinguisher (Cintas) Class,01/31/2008 00:00:00.000,01/31/2008 01:00:00.000,,9,1,Live Fire Extinguisher Training (Cintas) Class,Bldg_1_Room_102,,,,,USE EVENT SETTING,ILT Content,USE EVENT SETTING,USE EVENT SETTING,1,USE EVENT SETTING,USE EVENT SETTING,,,,1,No Email,1,USE EVENT SETTING,USE EVENT SETTING,USE EVENT SETTING,USE EVENT SETTING,USE EVENT SETTING,USE EVENT SETTING,USE EVENT SETTING,USE EVENT SETTING,USE EVENT SETTING,USE EVENT SETTING,USE EVENT SETTING,User performing the load,false,false,,,,,false,false,false,,USE EVENT SETTING,USE EVENT SETTING,0,0,
Compliance_IATA Dangerous Goods Training,Compliance_IATA Dangerous Goods Training Class,01/31/2008 00:00:00.000,01/31/2008 01:00:00.000,,9,1,IATA Dangerous Goods Training Class,Bldg_1_Room_102,,,,,USE EVENT SETTING,ILT Content,USE EVENT SETTING,USE EVENT SETTING,1,USE EVENT SETTING,USE EVENT SETTING,,,,1,No Email,1,USE EVENT SETTING,USE EVENT SETTING,USE EVENT SETTING,USE EVENT SETTING,USE EVENT SETTING,USE EVENT SETTING,USE EVENT SETTING,USE EVENT SETTING,USE EVENT SETTING,USE EVENT SETTING,USE EVENT SETTING,User performing the load,false,false,,,,,false,false,false,,USE EVENT SETTING,USE EVENT SETTING,0,0,
Compliance_IMDG,Compliance_IMDG Class,01/31/2008 00:00:00.000,01/31/2008 01:00:00.000,,9,1,IMDG Dangerous Goods Training Class,Bldg_1_Room_102,,,,,USE EVENT SETTING,ILT Content,USE EVENT SETTING,USE EVENT SETTING,1,USE EVENT SETTING,USE EVENT SETTING,,,,1,No Email,1,USE EVENT SETTING,USE EVENT SETTING,USE EVENT SETTING,USE EVENT SETTING,USE EVENT SETTING,USE EVENT SETTING,USE EVENT SETTING,USE EVENT SETTING,USE EVENT SETTING,USE EVENT SETTING,USE EVENT SETTING,User performing the load,false,false,,,,,false,false,false,,USE EVENT SETTING,USE EVENT SETTING,0,0,
Compliance_Initial/Recurrent (vendor),Compliance_Initial/Recurrent (vendor) Class,01/31/2008 00:00:00.000,01/31/2008 01:00:00.000,,9,1,"Initial/Recurrent IATA, 49 CFR & IMDG Class",Bldg_1_Room_102,,,,,USE EVENT SETTING,ILT Content,USE EVENT SETTING,USE EVENT SETTING,1,USE EVENT SETTING,USE EVENT SETTING,,,,1,No Email,1,USE EVENT SETTING,USE EVENT SETTING,USE EVENT SETTING,USE EVENT SETTING,USE EVENT SETTING,USE EVENT SETTING,USE EVENT SETTING,USE EVENT SETTING,USE EVENT SETTING,USE EVENT SETTING,USE EVENT SETTING,User performing the load,false,false,,,,,false,false,false,,USE EVENT SETTING,USE EVENT SETTING,0,0,
Compliance_Intro to Chrome,Compliance_Intro to Chrome Class,01/31/2008 00:00:00.000,01/31/2008 01:00:00.000,,9,1,Intro to Chrome Class,Bldg_1_Room_102,,,,,USE EVENT SETTING,ILT Content,USE EVENT SETTING,USE EVENT SETTING,1,USE EVENT SETTING,USE EVENT SETTING,,,,1,No Email,1,USE EVENT SETTING,USE EVENT SETTING,USE EVENT SETTING,USE EVENT SETTING,USE EVENT SETTING,USE EVENT SETTING,USE EVENT SETTING,USE EVENT SETTING,USE EVENT SETTING,USE EVENT SETTING,USE EVENT SETTING,User performing the load,false,false,,,,,false,false,false,,USE EVENT SETTING,USE EVENT SETTING,0,0,
Compliance_Intro to AGG,Compliance_Intro to AGG Class,01/31/2008 00:00:00.000,01/31/2008 01:00:00.000,,9,1,Intro to AGG Class,Bldg_1_Room_102,,,,,USE EVENT SETTING,ILT Content,USE EVENT SETTING,USE EVENT SETTING,1,USE EVENT SETTING,USE EVENT SETTING,,,,1,No Email,1,USE EVENT SETTING,USE EVENT SETTING,USE EVENT SETTING,USE EVENT SETTING,USE EVENT SETTING,USE EVENT SETTING,USE EVENT SETTING,USE EVENT SETTING,USE EVENT SETTING,USE EVENT SETTING,USE EVENT SETTING,User performing the load,false,false,,,,,false,false,false,,USE EVENT SETTING,USE EVENT SETTING,0,0,
Compliance_Intro to AGG Benefits,Compliance_Intro to AGG Benefits Class,01/31/2008 00:00:00.000,01/31/2008 01:00:00.000,,9,1,Intro to AGG Benefits Class,Bldg_1_Room_102,,,,,USE EVENT SETTING,ILT Content,USE EVENT SETTING,USE EVENT SETTING,1,USE EVENT SETTING,USE EVENT SETTING,,,,1,No Email,1,USE EVENT SETTING,USE EVENT SETTING,USE EVENT SETTING,USE EVENT SETTING,USE EVENT SETTING,USE EVENT SETTING,USE EVENT SETTING,USE EVENT SETTING,USE EVENT SETTING,USE EVENT SETTING,USE EVENT SETTING,User performing the load,false,false,,,,,false,false,false,,USE EVENT SETTING,USE EVENT SETTING,0,0,
Compliance_Legal Compliance (2020),Compliance_Legal Compliance (2020)-0001,2020-12-02 21:00:00,2020-12-02 22:30:00,,9,1,Offering of Legal Compliance Training (2020),Bldg_1_Room_102,NA900569,,,,USE EVENT SETTING,ILT Content,USE EVENT SETTING,USE EVENT SETTING,1,USE EVENT SETTING,USE EVENT SETTING,0.0,38.0,5400.0,1,No Email,1,USE EVENT SETTING,USE EVENT SETTING,USE EVENT SETTING,USE EVENT SETTING,USE EVENT SETTING,USE EVENT SETTING,USE EVENT SETTING,USE EVENT SETTING,USE EVENT SETTING,USE EVENT SETTING,USE EVENT SETTING,User performing the load,false,false,,,,,false,false,false,AGG.University@dummydata.com,USE EVENT SETTING,USE EVENT SETTING,0,0,
Compliance_Legal Compliance (2020),Compliance_Legal Compliance (2020)-0002,02/13/2020 12:30:00.000,02/13/2020 14:00:00.000,,9,1,Offering of Legal Compliance Training (2020),Bldg_1_Room_102,NA900569,,,,USE EVENT SETTING,ILT Content,USE EVENT SETTING,USE EVENT SETTING,1,USE EVENT SETTING,USE EVENT SETTING,0.0,35.0,5400.0,1,No Email,1,USE EVENT SETTING,USE EVENT SETTING,USE EVENT SETTING,USE EVENT SETTING,USE EVENT SETTING,USE EVENT SETTING,USE EVENT SETTING,USE EVENT SETTING,USE EVENT SETTING,USE EVENT SETTING,USE EVENT SETTING,User performing the load,false,false,,,,,false,false,false,AGG.University@dummydata.com,USE EVENT SETTING,USE EVENT SETTING,0,0,
Compliance_Legal Compliance (2020),Compliance_Legal Compliance (2020)-0003,02/13/2020 16:00:00.000,02/13/2020 17:30:00.000,,9,1,Offering of Legal Compliance Training (2020),Bldg_1_Room_102,NA900569,,,,USE EVENT SETTING,ILT Content,USE EVENT SETTING,USE EVENT SETTING,1,USE EVENT SETTING,USE EVENT SETTING,0.0,35.0,5400.0,1,No Email,1,USE EVENT SETTING,USE EVENT SETTING,USE EVENT SETTING,USE EVENT SETTING,USE EVENT SETTING,USE EVENT SETTING,USE EVENT SETTING,USE EVENT SETTING,USE EVENT SETTING,USE EVENT SETTING,USE EVENT SETTING,User performing the load,false,false,,,,,false,false,false,AGG.University@dummydata.com,USE EVENT SETTING,USE EVENT SETTING,0,0,
Compliance_Legal Compliance (2020),Compliance_Legal Compliance (2020)-0004,02/13/2020 19:30:00.000,02/13/2020 21:00:00.000,,9,1,Offering of Legal Compliance Training (2020),Bldg_1_Room_102,NA900569,,,,USE EVENT SETTING,ILT Content,USE EVENT SETTING,USE EVENT SETTING,1,USE EVENT SETTING,USE EVENT SETTING,0.0,35.0,5400.0,1,No Email,1,USE EVENT SETTING,USE EVENT SETTING,USE EVENT SETTING,USE EVENT SETTING,USE EVENT SETTING,USE EVENT SETTING,USE EVENT SETTING,USE EVENT SETTING,USE EVENT SETTING,USE EVENT SETTING,USE EVENT SETTING,User performing the load,false,false,,,,,false,false,false,AGG.University@dummydata.com,USE EVENT SETTING,USE EVENT SETTING,0,0,
Compliance_LIVE Fire Extinguisher Training_MO,Compliance_LIVE Fire Extinguisher Training_MO-0001,02/26/2021 13:00:00.000,02/26/2021 14:15:00.000,,9,1,Offering of LIVE Fire Extinguisher Training,Bldg_1_Room_102,,,,,USE EVENT SETTING,ILT Content,USE EVENT SETTING,USE EVENT SETTING,1,USE EVENT SETTING,USE EVENT SETTING,3.0,10.0,4500.0,1,No Email,1,USE EVENT SETTING,USE EVENT SETTING,USE EVENT SETTING,USE EVENT SETTING,USE EVENT SETTING,USE EVENT SETTING,USE EVENT SETTING,USE EVENT SETTING,USE EVENT SETTING,USE EVENT SETTING,USE EVENT SETTING,User performing the load,false,false,,,,,false,false,false,AGG.University@dummydata.com,USE EVENT SETTING,USE EVENT SETTING,0,0,
Compliance_LIVE Fire Extinguisher Training_MO,Compliance_LIVE Fire Extinguisher Training_MO-0002,02/26/2021 14:30:00.000,02/26/2021 15:45:00.000,,9,1,Offering of LIVE Fire Extinguisher Training,Bldg_1_Room_102,,,,,USE EVENT SETTING,ILT Content,USE EVENT SETTING,USE EVENT SETTING,1,USE EVENT SETTING,USE EVENT SETTING,3.0,10.0,4500.0,1,No Email,1,USE EVENT SETTING,USE EVENT SETTING,USE EVENT SETTING,USE EVENT SETTING,USE EVENT SETTING,USE EVENT SETTING,USE EVENT SETTING,USE EVENT SETTING,USE EVENT SETTING,USE EVENT SETTING,USE EVENT SETTING,User performing the load,false,false,,,,,false,false,false,AGG.University@dummydata.com,USE EVENT SETTING,USE EVENT SETTING,0,0,
Compliance_LIVE Fire Extinguisher Training_MO,Compliance_LIVE Fire Extinguisher Training_MO-0003,02/26/2021 16:00:00.000,02/26/2021 17:15:00.000,,9,1,Offering of LIVE Fire Extinguisher Training,Bldg_1_Room_102,,,,,USE EVENT SETTING,ILT Content,USE EVENT SETTING,USE EVENT SETTING,1,USE EVENT SETTING,USE EVENT SETTING,3.0,10.0,4500.0,1,No Email,1,USE EVENT SETTING,USE EVENT SETTING,USE EVENT SETTING,USE EVENT SETTING,USE EVENT SETTING,USE EVENT SETTING,USE EVENT SETTING,USE EVENT SETTING,USE EVENT SETTING,USE EVENT SETTING,USE EVENT SETTING,User performing the load,false,false,,,,,false,false,false,AGG.University@dummydata.com,USE EVENT SETTING,USE EVENT SETTING,0,0,
Compliance_LIVE Fire Extinguisher Training_MO,Compliance_LIVE Fire Extinguisher Training_MO-0004,02/26/2021 17:30:00.000,02/26/2021 18:45:00.000,,9,1,Offering of LIVE Fire Extinguisher Training,Bldg_1_Room_102,,,,,USE EVENT SETTING,ILT Content,USE EVENT SETTING,USE EVENT SETTING,1,USE EVENT SETTING,USE EVENT SETTING,3.0,10.0,4500.0,1,No Email,1,USE EVENT SETTING,USE EVENT SETTING,USE EVENT SETTING,USE EVENT SETTING,USE EVENT SETTING,USE EVENT SETTING,USE EVENT SETTING,USE EVENT SETTING,USE EVENT SETTING,USE EVENT SETTING,USE EVENT SETTING,User performing the load,false,false,,,,,false,false,false,AGG.University@dummydata.com,USE EVENT SETTING,USE EVENT SETTING,0,0,
Compliance_LIVE Fire Extinguisher Training_MO,Compliance_LIVE Fire Extinguisher Training_MO-0005,02/26/2021 20:00:00.000,02/26/2021 21:15:00.000,,9,1,Offering of LIVE Fire Extinguisher Training,Bldg_1_Room_102,,,,,USE EVENT SETTING,ILT Content,USE EVENT SETTING,USE EVENT SETTING,1,USE EVENT SETTING,USE EVENT SETTING,3.0,10.0,4500.0,1,No Email,1,USE EVENT SETTING,USE EVENT SETTING,USE EVENT SETTING,USE EVENT SETTING,USE EVENT SETTING,USE EVENT SETTING,USE EVENT SETTING,USE EVENT SETTING,USE EVENT SETTING,USE EVENT SETTING,USE EVENT SETTING,User performing the load,false,false,,,,,false,false,false,AGG.University@dummydata.com,USE EVENT SETTING,USE EVENT SETTING,0,0,
Compliance_LIVE Fire Extinguisher Training_MO,Compliance_LIVE Fire Extinguisher Training_MO-0006,02/26/2021 21:30:00.000,02/26/2021 22:45:00.000,,9,1,Offering of LIVE Fire Extinguisher Training,Bldg_1_Room_102,,,,,USE EVENT SETTING,ILT Content,USE EVENT SETTING,USE EVENT SETTING,1,USE EVENT SETTING,USE EVENT SETTING,3.0,10.0,4500.0,1,No Email,1,USE EVENT SETTING,USE EVENT SETTING,USE EVENT SETTING,USE EVENT SETTING,USE EVENT SETTING,USE EVENT SETTING,USE EVENT SETTING,USE EVENT SETTING,USE EVENT SETTING,USE EVENT SETTING,USE EVENT SETTING,User performing the load,false,false,,,,,false,false,false,AGG.University@dummydata.com,USE EVENT SETTING,USE EVENT SETTING,0,0,
Compliance_LIVE Fire Extinguisher Training_MO,Compliance_LIVE Fire Extinguisher Training_MO-0007,02/22/2021 13:00:00.000,02/22/2021 14:15:00.000,,9,1,Offering of LIVE Fire Extinguisher Training,Bldg_1_Room_102,,,,,USE EVENT SETTING,ILT Content,USE EVENT SETTING,USE EVENT SETTING,1,USE EVENT SETTING,USE EVENT SETTING,3.0,10.0,4500.0,1,No Email,1,USE EVENT SETTING,USE EVENT SETTING,USE EVENT SETTING,USE EVENT SETTING,USE EVENT SETTING,USE EVENT SETTING,USE EVENT SETTING,USE EVENT SETTING,USE EVENT SETTING,USE EVENT SETTING,USE EVENT SETTING,User performing the load,false,false,,,,,false,false,false,AGG.University@dummydata.com,USE EVENT SETTING,USE EVENT SETTING,0,0,
Compliance_LIVE Fire Extinguisher Training_MO,Compliance_LIVE Fire Extinguisher Training_MO-0008,02/22/2021 14:30:00.000,02/22/2021 15:45:00.000,,9,1,Offering of LIVE Fire Extinguisher Training,Bldg_1_Room_102,,,,,USE EVENT SETTING,ILT Content,USE EVENT SETTING,USE EVENT SETTING,1,USE EVENT SETTING,USE EVENT SETTING,3.0,10.0,4500.0,1,No Email,1,USE EVENT SETTING,USE EVENT SETTING,USE EVENT SETTING,USE EVENT SETTING,USE EVENT SETTING,USE EVENT SETTING,USE EVENT SETTING,USE EVENT SETTING,USE EVENT SETTING,USE EVENT SETTING,USE EVENT SETTING,User performing the load,false,false,,,,,false,false,false,AGG.University@dummydata.com,USE EVENT SETTING,USE EVENT SETTING,0,0,
Compliance_LIVE Fire Extinguisher Training_MO,Compliance_LIVE Fire Extinguisher Training_MO-0009,02/22/2021 16:00:00.000,02/22/2021 17:15:00.000,,9,1,Offering of LIVE Fire Extinguisher Training,Bldg_1_Room_102,,,,,USE EVENT SETTING,ILT Content,USE EVENT SETTING,USE EVENT SETTING,1,USE EVENT SETTING,USE EVENT SETTING,3.0,10.0,4500.0,1,No Email,1,USE EVENT SETTING,USE EVENT SETTING,USE EVENT SETTING,USE EVENT SETTING,USE EVENT SETTING,USE EVENT SETTING,USE EVENT SETTING,USE EVENT SETTING,USE EVENT SETTING,USE EVENT SETTING,USE EVENT SETTING,User performing the load,false,false,,,,,false,false,false,AGG.University@dummydata.com,USE EVENT SETTING,USE EVENT SETTING,0,0,
Compliance_LIVE Fire Extinguisher Training_MO,Compliance_LIVE Fire Extinguisher Training_MO-0010,02/22/2021 17:30:00.000,02/22/2021 18:45:00.000,,9,1,Offering of LIVE Fire Extinguisher Training,Bldg_1_Room_102,,,,,USE EVENT SETTING,ILT Content,USE EVENT SETTING,USE EVENT SETTING,1,USE EVENT SETTING,USE EVENT SETTING,3.0,10.0,4500.0,1,No Email,1,USE EVENT SETTING,USE EVENT SETTING,USE EVENT SETTING,USE EVENT SETTING,USE EVENT SETTING,USE EVENT SETTING,USE EVENT SETTING,USE EVENT SETTING,USE EVENT SETTING,USE EVENT SETTING,USE EVENT SETTING,User performing the load,false,false,,,,,false,false,false,AGG.University@dummydata.com,USE EVENT SETTING,USE EVENT SETTING,0,0,
Compliance_LIVE Fire Extinguisher Training_MO,Compliance_LIVE Fire Extinguisher Training_MO-0011,02/22/2021 20:00:00.000,02/22/2021 21:15:00.000,,9,1,Offering of LIVE Fire Extinguisher Training,Bldg_1_Room_102,,,,,USE EVENT SETTING,ILT Content,USE EVENT SETTING,USE EVENT SETTING,1,USE EVENT SETTING,USE EVENT SETTING,3.0,10.0,4500.0,1,No Email,1,USE EVENT SETTING,USE EVENT SETTING,USE EVENT SETTING,USE EVENT SETTING,USE EVENT SETTING,USE EVENT SETTING,USE EVENT SETTING,USE EVENT SETTING,USE EVENT SETTING,USE EVENT SETTING,USE EVENT SETTING,User performing the load,false,false,,,,,false,false,false,AGG.University@dummydata.com,USE EVENT SETTING,USE EVENT SETTING,0,0,
Compliance_LIVE Fire Extinguisher Training_MO,Compliance_LIVE Fire Extinguisher Training_MO-0012,02/22/2021 21:30:00.000,02/22/2021 22:45:00.000,,9,1,Offering of LIVE Fire Extinguisher Training,Bldg_1_Room_102,,,,,USE EVENT SETTING,ILT Content,USE EVENT SETTING,USE EVENT SETTING,1,USE EVENT SETTING,USE EVENT SETTING,3.0,10.0,4500.0,1,No Email,1,USE EVENT SETTING,USE EVENT SETTING,USE EVENT SETTING,USE EVENT SETTING,USE EVENT SETTING,USE EVENT SETTING,USE EVENT SETTING,USE EVENT SETTING,USE EVENT SETTING,USE EVENT SETTING,USE EVENT SETTING,User performing the load,false,false,,,,,false,false,false,AGG.University@dummydata.com,USE EVENT SETTING,USE EVENT SETTING,0,0,
Compliance_LIVE Fire Extinguisher Training_MO,Compliance_LIVE Fire Extinguisher Training_MO-0013,04/14/2021 12:00:00.000,04/14/2021 13:15:00.000,,9,1,Offering of LIVE Fire Extinguisher Training,Bldg_1_Room_102,,,,,USE EVENT SETTING,ILT Content,USE EVENT SETTING,USE EVENT SETTING,1,USE EVENT SETTING,USE EVENT SETTING,3.0,10.0,4500.0,1,No Email,1,USE EVENT SETTING,USE EVENT SETTING,USE EVENT SETTING,USE EVENT SETTING,USE EVENT SETTING,USE EVENT SETTING,USE EVENT SETTING,USE EVENT SETTING,USE EVENT SETTING,USE EVENT SETTING,USE EVENT SETTING,User performing the load,false,false,,,,,false,false,false,AGG.University@dummydata.com,USE EVENT SETTING,USE EVENT SETTING,0,0,
Compliance_LIVE Fire Extinguisher Training_MO,Compliance_LIVE Fire Extinguisher Training_MO-0014,04/14/2021 13:30:00.000,04/14/2021 14:45:00.000,,9,1,Offering of LIVE Fire Extinguisher Training,Bldg_1_Room_102,,,,,USE EVENT SETTING,ILT Content,USE EVENT SETTING,USE EVENT SETTING,1,USE EVENT SETTING,USE EVENT SETTING,3.0,10.0,4500.0,1,No Email,1,USE EVENT SETTING,USE EVENT SETTING,USE EVENT SETTING,USE EVENT SETTING,USE EVENT SETTING,USE EVENT SETTING,USE EVENT SETTING,USE EVENT SETTING,USE EVENT SETTING,USE EVENT SETTING,USE EVENT SETTING,User performing the load,false,false,,,,,false,false,false,AGG.University@dummydata.com,USE EVENT SETTING,USE EVENT SETTING,0,0,
Compliance_LIVE Fire Extinguisher Training_MO,Compliance_LIVE Fire Extinguisher Training_MO-0015,04/14/2021 15:00:00.000,04/14/2021 16:15:00.000,,9,1,Offering of LIVE Fire Extinguisher Training,Bldg_1_Room_102,,,,,USE EVENT SETTING,ILT Content,USE EVENT SETTING,USE EVENT SETTING,1,USE EVENT SETTING,USE EVENT SETTING,3.0,10.0,4500.0,1,No Email,1,USE EVENT SETTING,USE EVENT SETTING,USE EVENT SETTING,USE EVENT SETTING,USE EVENT SETTING,USE EVENT SETTING,USE EVENT SETTING,USE EVENT SETTING,USE EVENT SETTING,USE EVENT SETTING,USE EVENT SETTING,User performing the load,false,false,,,,,false,false,false,AGG.University@dummydata.com,USE EVENT SETTING,USE EVENT SETTING,0,0,
Compliance_LIVE Fire Extinguisher Training_MO,Compliance_LIVE Fire Extinguisher Training_MO-0016,04/14/2021 16:30:00.000,04/14/2021 17:45:00.000,,9,1,Offering of LIVE Fire Extinguisher Training,Bldg_1_Room_102,,,,,USE EVENT SETTING,ILT Content,USE EVENT SETTING,USE EVENT SETTING,1,USE EVENT SETTING,USE EVENT SETTING,3.0,10.0,4500.0,1,No Email,1,USE EVENT SETTING,USE EVENT SETTING,USE EVENT SETTING,USE EVENT SETTING,USE EVENT SETTING,USE EVENT SETTING,USE EVENT SETTING,USE EVENT SETTING,USE EVENT SETTING,USE EVENT SETTING,USE EVENT SETTING,User performing the load,false,false,,,,,false,false,false,AGG.University@dummydata.com,USE EVENT SETTING,USE EVENT SETTING,0,0,
Compliance_LIVE Fire Extinguisher Training_MO,Compliance_LIVE Fire Extinguisher Training_MO-0017,04/14/2021 19:00:00.000,04/14/2021 20:15:00.000,,9,1,Offering of LIVE Fire Extinguisher Training,Bldg_1_Room_102,,,,,USE EVENT SETTING,ILT Content,USE EVENT SETTING,USE EVENT SETTING,1,USE EVENT SETTING,USE EVENT SETTING,3.0,10.0,4500.0,1,No Email,1,USE EVENT SETTING,USE EVENT SETTING,USE EVENT SETTING,USE EVENT SETTING,USE EVENT SETTING,USE EVENT SETTING,USE EVENT SETTING,USE EVENT SETTING,USE EVENT SETTING,USE EVENT SETTING,USE EVENT SETTING,User performing the load,false,false,,,,,false,false,false,AGG.University@dummydata.com,USE EVENT SETTING,USE EVENT SETTING,0,0,
Compliance_LIVE Fire Extinguisher Training_MO,Compliance_LIVE Fire Extinguisher Training_MO-0018,04/14/2021 20:30:00.000,04/14/2021 21:45:00.000,,9,1,Offering of LIVE Fire Extinguisher Training,Bldg_1_Room_102,,,,,USE EVENT SETTING,ILT Content,USE EVENT SETTING,USE EVENT SETTING,1,USE EVENT SETTING,USE EVENT SETTING,3.0,10.0,4500.0,1,No Email,1,USE EVENT SETTING,USE EVENT SETTING,USE EVENT SETTING,USE EVENT SETTING,USE EVENT SETTING,USE EVENT SETTING,USE EVENT SETTING,USE EVENT SETTING,USE EVENT SETTING,USE EVENT SETTING,USE EVENT SETTING,User performing the load,false,false,,,,,false,false,false,AGG.University@dummydata.com,USE EVENT SETTING,USE EVENT SETTING,0,0,
Compliance_LIVE Fire Extinguisher Training_MO,Compliance_LIVE Fire Extinguisher Training_MO-0019,06/16/2021 12:00:00.000,06/16/2021 13:15:00.000,,9,1,Offering of LIVE Fire Extinguisher Training,Bldg_1_Room_102,,,,,USE EVENT SETTING,ILT Content,USE EVENT SETTING,USE EVENT SETTING,1,USE EVENT SETTING,USE EVENT SETTING,3.0,10.0,4500.0,1,No Email,1,USE EVENT SETTING,USE EVENT SETTING,USE EVENT SETTING,USE EVENT SETTING,USE EVENT SETTING,USE EVENT SETTING,USE EVENT SETTING,USE EVENT SETTING,USE EVENT SETTING,USE EVENT SETTING,USE EVENT SETTING,User performing the load,false,false,,,,,false,false,false,AGG.University@dummydata.com,USE EVENT SETTING,USE EVENT SETTING,0,0,
Compliance_LIVE Fire Extinguisher Training_MO,Compliance_LIVE Fire Extinguisher Training_MO-0020,06/16/2021 13:30:00.000,06/16/2021 14:45:00.000,,9,1,Offering of LIVE Fire Extinguisher Training,Bldg_1_Room_102,,,,,USE EVENT SETTING,ILT Content,USE EVENT SETTING,USE EVENT SETTING,1,USE EVENT SETTING,USE EVENT SETTING,3.0,10.0,4500.0,1,No Email,1,USE EVENT SETTING,USE EVENT SETTING,USE EVENT SETTING,USE EVENT SETTING,USE EVENT SETTING,USE EVENT SETTING,USE EVENT SETTING,USE EVENT SETTING,USE EVENT SETTING,USE EVENT SETTING,USE EVENT SETTING,User performing the load,false,false,,,,,false,false,false,AGG.University@dummydata.com,USE EVENT SETTING,USE EVENT SETTING,0,0,
Compliance_LIVE Fire Extinguisher Training_MO,Compliance_LIVE Fire Extinguisher Training_MO-0021,06/16/2021 15:00:00.000,06/16/2021 16:15:00.000,,9,1,Offering of LIVE Fire Extinguisher Training,Bldg_1_Room_102,,,,,USE EVENT SETTING,ILT Content,USE EVENT SETTING,USE EVENT SETTING,1,USE EVENT SETTING,USE EVENT SETTING,3.0,10.0,4500.0,1,No Email,1,USE EVENT SETTING,USE EVENT SETTING,USE EVENT SETTING,USE EVENT SETTING,USE EVENT SETTING,USE EVENT SETTING,USE EVENT SETTING,USE EVENT SETTING,USE EVENT SETTING,USE EVENT SETTING,USE EVENT SETTING,User performing the load,false,false,,,,,false,false,false,AGG.University@dummydata.com,USE EVENT SETTING,USE EVENT SETTING,0,0,
Compliance_LIVE Fire Extinguisher Training_MO,Compliance_LIVE Fire Extinguisher Training_MO-0022,06/16/2021 16:30:00.000,06/16/2021 17:45:00.000,,9,1,Offering of LIVE Fire Extinguisher Training,Bldg_1_Room_102,,,,,USE EVENT SETTING,ILT Content,USE EVENT SETTING,USE EVENT SETTING,1,USE EVENT SETTING,USE EVENT SETTING,3.0,10.0,4500.0,1,No Email,1,USE EVENT SETTING,USE EVENT SETTING,USE EVENT SETTING,USE EVENT SETTING,USE EVENT SETTING,USE EVENT SETTING,USE EVENT SETTING,USE EVENT SETTING,USE EVENT SETTING,USE EVENT SETTING,USE EVENT SETTING,User performing the load,false,false,,,,,false,false,false,AGG.University@dummydata.com,USE EVENT SETTING,USE EVENT SETTING,0,0,
Compliance_LIVE Fire Extinguisher Training_MO,Compliance_LIVE Fire Extinguisher Training_MO-0023,06/16/2021 19:00:00.000,06/16/2021 20:15:00.000,,9,1,Offering of LIVE Fire Extinguisher Training,Bldg_1_Room_102,,,,,USE EVENT SETTING,ILT Content,USE EVENT SETTING,USE EVENT SETTING,1,USE EVENT SETTING,USE EVENT SETTING,3.0,10.0,4500.0,1,No Email,1,USE EVENT SETTING,USE EVENT SETTING,USE EVENT SETTING,USE EVENT SETTING,USE EVENT SETTING,USE EVENT SETTING,USE EVENT SETTING,USE EVENT SETTING,USE EVENT SETTING,USE EVENT SETTING,USE EVENT SETTING,User performing the load,false,false,,,,,false,false,false,AGG.University@dummydata.com,USE EVENT SETTING,USE EVENT SETTING,0,0,
Compliance_LIVE Fire Extinguisher Training_MO,Compliance_LIVE Fire Extinguisher Training_MO-0024,06/16/2021 20:30:00.000,06/16/2021 21:45:00.000,,9,1,Offering of LIVE Fire Extinguisher Training,Bldg_1_Room_102,,,,,USE EVENT SETTING,ILT Content,USE EVENT SETTING,USE EVENT SETTING,1,USE EVENT SETTING,USE EVENT SETTING,3.0,10.0,4500.0,1,No Email,1,USE EVENT SETTING,USE EVENT SETTING,USE EVENT SETTING,USE EVENT SETTING,USE EVENT SETTING,USE EVENT SETTING,USE EVENT SETTING,USE EVENT SETTING,USE EVENT SETTING,USE EVENT SETTING,USE EVENT SETTING,User performing the load,false,false,,,,,false,false,false,AGG.University@dummydata.com,USE EVENT SETTING,USE EVENT SETTING,0,0,
Compliance_LIVE Fire Extinguisher Training_MO,Compliance_LIVE Fire Extinguisher Training_MO-0025,06/16/2021 11:00:00.000,06/16/2021 12:00:00.000,,9,1,Offering of LIVE Fire Extinguisher Training,Bldg_1_Room_102,,,,,USE EVENT SETTING,ILT Content,USE EVENT SETTING,USE EVENT SETTING,1,USE EVENT SETTING,USE EVENT SETTING,3.0,10.0,4500.0,1,No Email,1,USE EVENT SETTING,USE EVENT SETTING,USE EVENT SETTING,USE EVENT SETTING,USE EVENT SETTING,USE EVENT SETTING,USE EVENT SETTING,USE EVENT SETTING,USE EVENT SETTING,USE EVENT SETTING,USE EVENT SETTING,User performing the load,false,false,,,,,false,false,false,AGG.University@dummydata.com,USE EVENT SETTING,USE EVENT SETTING,0,0,
Compliance_LIVE Fire Extinguisher Training_MO,Compliance_LIVE Fire Extinguisher Training_MO-0026,08/26/2021 11:00:00.000,08/26/2021 12:15:00.000,,9,1,Offering of LIVE Fire Extinguisher Training,Bldg_1_Room_102,,,,,USE EVENT SETTING,ILT Content,USE EVENT SETTING,USE EVENT SETTING,1,USE EVENT SETTING,USE EVENT SETTING,3.0,10.0,4500.0,1,No Email,1,USE EVENT SETTING,USE EVENT SETTING,USE EVENT SETTING,USE EVENT SETTING,USE EVENT SETTING,USE EVENT SETTING,USE EVENT SETTING,USE EVENT SETTING,USE EVENT SETTING,USE EVENT SETTING,USE EVENT SETTING,User performing the load,false,false,,,,,false,false,false,AGG.University@dummydata.com,USE EVENT SETTING,USE EVENT SETTING,0,0,
Compliance_LIVE Fire Extinguisher Training_MO,Compliance_LIVE Fire Extinguisher Training_MO-0027,08/26/2021 12:00:00.000,08/26/2021 13:15:00.000,,9,1,Offering of LIVE Fire Extinguisher Training,Bldg_1_Room_102,,,,,USE EVENT SETTING,ILT Content,USE EVENT SETTING,USE EVENT SETTING,1,USE EVENT SETTING,USE EVENT SETTING,3.0,10.0,4500.0,1,No Email,1,USE EVENT SETTING,USE EVENT SETTING,USE EVENT SETTING,USE EVENT SETTING,USE EVENT SETTING,USE EVENT SETTING,USE EVENT SETTING,USE EVENT SETTING,USE EVENT SETTING,USE EVENT SETTING,USE EVENT SETTING,User performing the load,false,false,,,,,false,false,false,AGG.University@dummydata.com,USE EVENT SETTING,USE EVENT SETTING,0,0,
Compliance_LIVE Fire Extinguisher Training_MO,Compliance_LIVE Fire Extinguisher Training_MO-0028,08/26/2021 13:30:00.000,08/26/2021 14:45:00.000,,9,1,Offering of LIVE Fire Extinguisher Training,Bldg_1_Room_102,,,,,USE EVENT SETTING,ILT Content,USE EVENT SETTING,USE EVENT SETTING,1,USE EVENT SETTING,USE EVENT SETTING,3.0,10.0,4500.0,1,No Email,1,USE EVENT SETTING,USE EVENT SETTING,USE EVENT SETTING,USE EVENT SETTING,USE EVENT SETTING,USE EVENT SETTING,USE EVENT SETTING,USE EVENT SETTING,USE EVENT SETTING,USE EVENT SETTING,USE EVENT SETTING,User performing the load,false,false,,,,,false,false,false,AGG.University@dummydata.com,USE EVENT SETTING,USE EVENT SETTING,0,0,
Compliance_LIVE Fire Extinguisher Training_MO,Compliance_LIVE Fire Extinguisher Training_MO-0029,08/26/2021 15:00:00.000,08/26/2021 16:15:00.000,,9,1,Offering of LIVE Fire Extinguisher Training,Bldg_1_Room_102,,,,,USE EVENT SETTING,ILT Content,USE EVENT SETTING,USE EVENT SETTING,1,USE EVENT SETTING,USE EVENT SETTING,3.0,10.0,4500.0,1,No Email,1,USE EVENT SETTING,USE EVENT SETTING,USE EVENT SETTING,USE EVENT SETTING,USE EVENT SETTING,USE EVENT SETTING,USE EVENT SETTING,USE EVENT SETTING,USE EVENT SETTING,USE EVENT SETTING,USE EVENT SETTING,User performing the load,false,false,,,,,false,false,false,AGG.University@dummydata.com,USE EVENT SETTING,USE EVENT SETTING,0,0,
Compliance_LIVE Fire Extinguisher Training_MO,Compliance_LIVE Fire Extinguisher Training_MO-0030,08/26/2021 16:30:00.000,08/26/2021 17:45:00.000,,9,1,Offering of LIVE Fire Extinguisher Training,Bldg_1_Room_102,,,,,USE EVENT SETTING,ILT Content,USE EVENT SETTING,USE EVENT SETTING,1,USE EVENT SETTING,USE EVENT SETTING,3.0,10.0,4500.0,1,No Email,1,USE EVENT SETTING,USE EVENT SETTING,USE EVENT SETTING,USE EVENT SETTING,USE EVENT SETTING,USE EVENT SETTING,USE EVENT SETTING,USE EVENT SETTING,USE EVENT SETTING,USE EVENT SETTING,USE EVENT SETTING,User performing the load,false,false,,,,,false,false,false,AGG.University@dummydata.com,USE EVENT SETTING,USE EVENT SETTING,0,0,
Compliance_LIVE Fire Extinguisher Training_MO,Compliance_LIVE Fire Extinguisher Training_MO-0031,08/26/2021 19:00:00.000,08/26/2021 20:15:00.000,,9,1,Offering of LIVE Fire Extinguisher Training,Bldg_1_Room_102,,,,,USE EVENT SETTING,ILT Content,USE EVENT SETTING,USE EVENT SETTING,1,USE EVENT SETTING,USE EVENT SETTING,3.0,10.0,4500.0,1,No Email,1,USE EVENT SETTING,USE EVENT SETTING,USE EVENT SETTING,USE EVENT SETTING,USE EVENT SETTING,USE EVENT SETTING,USE EVENT SETTING,USE EVENT SETTING,USE EVENT SETTING,USE EVENT SETTING,USE EVENT SETTING,User performing the load,false,false,,,,,false,false,false,AGG.University@dummydata.com,USE EVENT SETTING,USE EVENT SETTING,0,0,
Compliance_LIVE Fire Extinguisher Training_MO,Compliance_LIVE Fire Extinguisher Training_MO-0032,08/26/2021 20:30:00.000,08/26/2021 21:45:00.000,,9,1,Offering of LIVE Fire Extinguisher Training,Bldg_1_Room_102,,,,,USE EVENT SETTING,ILT Content,USE EVENT SETTING,USE EVENT SETTING,1,USE EVENT SETTING,USE EVENT SETTING,3.0,10.0,4500.0,1,No Email,1,USE EVENT SETTING,USE EVENT SETTING,USE EVENT SETTING,USE EVENT SETTING,USE EVENT SETTING,USE EVENT SETTING,USE EVENT SETTING,USE EVENT SETTING,USE EVENT SETTING,USE EVENT SETTING,USE EVENT SETTING,User performing the load,false,false,,,,,false,false,false,AGG.University@dummydata.com,USE EVENT SETTING,USE EVENT SETTING,0,0,
Compliance_LIVE Fire Extinguisher Training_MO,Compliance_LIVE Fire Extinguisher Training_MO-0034,10/13/2021 13:30:00.000,10/13/2021 15:30:00.000,,9,1,Offering of LIVE Fire Extinguisher Training (Safety Department will Schedule Date & Time),Bldg_1_Room_102,,,,,USE EVENT SETTING,ILT Content,USE EVENT SETTING,USE EVENT SETTING,1,USE EVENT SETTING,USE EVENT SETTING,,,,1,No Email,1,USE EVENT SETTING,USE EVENT SETTING,USE EVENT SETTING,USE EVENT SETTING,USE EVENT SETTING,USE EVENT SETTING,USE EVENT SETTING,USE EVENT SETTING,USE EVENT SETTING,USE EVENT SETTING,USE EVENT SETTING,User performing the load,false,false,,,,,false,false,false,AGG.University@dummydata.com,USE EVENT SETTING,USE EVENT SETTING,0,0,
Compliance_LIVE Fire Extinguisher Training_MO,Compliance_LIVE Fire Extinguisher Training_MO-0035,2021-10-11 13:00:00,2021-10-11 14:15:00,,9,1,Offering of LIVE Fire Extinguisher Training (Safety Department will Schedule Date & Time),Bldg_1_Room_102,,,,,USE EVENT SETTING,ILT Content,USE EVENT SETTING,USE EVENT SETTING,1,USE EVENT SETTING,USE EVENT SETTING,,10.0,4500.0,1,No Email,1,USE EVENT SETTING,USE EVENT SETTING,USE EVENT SETTING,USE EVENT SETTING,USE EVENT SETTING,USE EVENT SETTING,USE EVENT SETTING,USE EVENT SETTING,USE EVENT SETTING,USE EVENT SETTING,USE EVENT SETTING,User performing the load,false,false,,,,,false,false,false,AGG.University@dummydata.com,USE EVENT SETTING,USE EVENT SETTING,0,0,
Compliance_LIVE Fire Extinguisher Training_MO,Compliance_LIVE Fire Extinguisher Training_MO-0036,2021-10-11 14:15:00,2021-10-11 15:15:00,,9,1,Offering of LIVE Fire Extinguisher Training (Safety Department will Schedule Date & Time),Bldg_1_Room_102,,,,,USE EVENT SETTING,ILT Content,USE EVENT SETTING,USE EVENT SETTING,1,USE EVENT SETTING,USE EVENT SETTING,,10.0,3600.0,1,No Email,1,USE EVENT SETTING,USE EVENT SETTING,USE EVENT SETTING,USE EVENT SETTING,USE EVENT SETTING,USE EVENT SETTING,USE EVENT SETTING,USE EVENT SETTING,USE EVENT SETTING,USE EVENT SETTING,USE EVENT SETTING,User performing the load,false,false,,,,,false,false,false,AGG.University@dummydata.com,USE EVENT SETTING,USE EVENT SETTING,0,0,
Compliance_LIVE Fire Extinguisher Training_MO,Compliance_LIVE Fire Extinguisher Training_MO-0037,2021-10-11 15:15:00,2021-10-11 16:15:00,,9,1,Offering of LIVE Fire Extinguisher Training (Safety Department will Schedule Date & Time),Bldg_1_Room_102,,,,,USE EVENT SETTING,ILT Content,USE EVENT SETTING,USE EVENT SETTING,1,USE EVENT SETTING,USE EVENT SETTING,,10.0,3600.0,1,No Email,1,USE EVENT SETTING,USE EVENT SETTING,USE EVENT SETTING,USE EVENT SETTING,USE EVENT SETTING,USE EVENT SETTING,USE EVENT SETTING,USE EVENT SETTING,USE EVENT SETTING,USE EVENT SETTING,USE EVENT SETTING,User performing the load,false,false,,,,,false,false,false,AGG.University@dummydata.com,USE EVENT SETTING,USE EVENT SETTING,0,0,
Compliance_LIVE Fire Extinguisher Training_MO,Compliance_LIVE Fire Extinguisher Training_MO-0038,2022-01-03 12:00:00,2022-01-03 13:15:00,,9,1,Offering of LIVE Fire Extinguisher Training,Bldg_1_Room_102,,,,,USE EVENT SETTING,ILT Content,USE EVENT SETTING,USE EVENT SETTING,1,USE EVENT SETTING,USE EVENT SETTING,3.0,10.0,4500.0,1,No Email,1,USE EVENT SETTING,USE EVENT SETTING,USE EVENT SETTING,USE EVENT SETTING,USE EVENT SETTING,USE EVENT SETTING,USE EVENT SETTING,USE EVENT SETTING,USE EVENT SETTING,USE EVENT SETTING,USE EVENT SETTING,User performing the load,false,false,,,,,false,false,false,AGG.University@dummydata.com,USE EVENT SETTING,USE EVENT SETTING,0,0,
Compliance_LIVE Fire Extinguisher Training_MO,Compliance_LIVE Fire Extinguisher Training_MO-0039,2022-01-03 13:30:00,2022-01-03 14:45:00,,9,1,Offering of LIVE Fire Extinguisher Training,Bldg_1_Room_102,,,,,USE EVENT SETTING,ILT Content,USE EVENT SETTING,USE EVENT SETTING,1,USE EVENT SETTING,USE EVENT SETTING,3.0,10.0,4500.0,1,No Email,1,USE EVENT SETTING,USE EVENT SETTING,USE EVENT SETTING,USE EVENT SETTING,USE EVENT SETTING,USE EVENT SETTING,USE EVENT SETTING,USE EVENT SETTING,USE EVENT SETTING,USE EVENT SETTING,USE EVENT SETTING,User performing the load,false,false,,,,,false,false,false,AGG.University@dummydata.com,USE EVENT SETTING,USE EVENT SETTING,0,0,
Compliance_LIVE Fire Extinguisher Training_MO,Compliance_LIVE Fire Extinguisher Training_MO-0040,2022-01-03 15:00:00,2022-01-03 16:15:00,,9,1,Offering of LIVE Fire Extinguisher Training,Bldg_1_Room_102,,,,,USE EVENT SETTING,ILT Content,USE EVENT SETTING,USE EVENT SETTING,1,USE EVENT SETTING,USE EVENT SETTING,3.0,10.0,4500.0,1,No Email,1,USE EVENT SETTING,USE EVENT SETTING,USE EVENT SETTING,USE EVENT SETTING,USE EVENT SETTING,USE EVENT SETTING,USE EVENT SETTING,USE EVENT SETTING,USE EVENT SETTING,USE EVENT SETTING,USE EVENT SETTING,User performing the load,false,false,,,,,false,false,false,AGG.University@dummydata.com,USE EVENT SETTING,USE EVENT SETTING,0,0,
Compliance_LIVE Fire Extinguisher Training_MO,Compliance_LIVE Fire Extinguisher Training_MO-0041,2022-01-03 16:30:00,2022-01-03 17:45:00,,9,1,Offering of LIVE Fire Extinguisher Training,Bldg_1_Room_102,,,,,USE EVENT SETTING,ILT Content,USE EVENT SETTING,USE EVENT SETTING,1,USE EVENT SETTING,USE EVENT SETTING,3.0,10.0,4500.0,1,No Email,1,USE EVENT SETTING,USE EVENT SETTING,USE EVENT SETTING,USE EVENT SETTING,USE EVENT SETTING,USE EVENT SETTING,USE EVENT SETTING,USE EVENT SETTING,USE EVENT SETTING,USE EVENT SETTING,USE EVENT SETTING,User performing the load,false,false,,,,,false,false,false,AGG.University@dummydata.com,USE EVENT SETTING,USE EVENT SETTING,0,0,
Compliance_LIVE Fire Extinguisher Training_MO,Compliance_LIVE Fire Extinguisher Training_MO-0042,2022-01-03 18:30:00,2022-01-03 19:45:00,,9,1,Offering of LIVE Fire Extinguisher Training,Bldg_1_Room_102,,,,,USE EVENT SETTING,ILT Content,USE EVENT SETTING,USE EVENT SETTING,1,USE EVENT SETTING,USE EVENT SETTING,3.0,10.0,4500.0,1,No Email,1,USE EVENT SETTING,USE EVENT SETTING,USE EVENT SETTING,USE EVENT SETTING,USE EVENT SETTING,USE EVENT SETTING,USE EVENT SETTING,USE EVENT SETTING,USE EVENT SETTING,USE EVENT SETTING,USE EVENT SETTING,User performing the load,false,false,,,,,false,false,false,AGG.University@dummydata.com,USE EVENT SETTING,USE EVENT SETTING,0,0,
Compliance_LIVE Fire Extinguisher Training_MO,Compliance_LIVE Fire Extinguisher Training_MO-0043,2022-01-03 20:00:00,2022-01-03 21:15:00,,9,1,Offering of LIVE Fire Extinguisher Training,Bldg_1_Room_102,,,,,USE EVENT SETTING,ILT Content,USE EVENT SETTING,USE EVENT SETTING,1,USE EVENT SETTING,USE EVENT SETTING,3.0,10.0,4500.0,1,No Email,1,USE EVENT SETTING,USE EVENT SETTING,USE EVENT SETTING,USE EVENT SETTING,USE EVENT SETTING,USE EVENT SETTING,USE EVENT SETTING,USE EVENT SETTING,USE EVENT SETTING,USE EVENT SETTING,USE EVENT SETTING,User performing the load,false,false,,,,,false,false,false,AGG.University@dummydata.com,USE EVENT SETTING,USE EVENT SETTING,0,0,
Compliance_LIVE Fire Extinguisher Training_MO,Compliance_LIVE Fire Extinguisher Training_MO-0044,2022-02-03 12:00:00,2022-02-03 13:15:00,,9,1,Offering of LIVE Fire Extinguisher Training,Bldg_1_Room_102,,,,,USE EVENT SETTING,ILT Content,USE EVENT SETTING,USE EVENT SETTING,1,USE EVENT SETTING,USE EVENT SETTING,3.0,10.0,4500.0,1,No Email,1,USE EVENT SETTING,USE EVENT SETTING,USE EVENT SETTING,USE EVENT SETTING,USE EVENT SETTING,USE EVENT SETTING,USE EVENT SETTING,USE EVENT SETTING,USE EVENT SETTING,USE EVENT SETTING,USE EVENT SETTING,User performing the load,false,false,,,,,false,false,false,AGG.University@dummydata.com,USE EVENT SETTING,USE EVENT SETTING,0,0,
Compliance_LIVE Fire Extinguisher Training_MO,Compliance_LIVE Fire Extinguisher Training_MO-0045,2022-02-03 13:30:00,2022-02-03 14:45:00,,9,1,Offering of LIVE Fire Extinguisher Training,Bldg_1_Room_102,,,,,USE EVENT SETTING,ILT Content,USE EVENT SETTING,USE EVENT SETTING,1,USE EVENT SETTING,USE EVENT SETTING,3.0,10.0,4500.0,1,No Email,1,USE EVENT SETTING,USE EVENT SETTING,USE EVENT SETTING,USE EVENT SETTING,USE EVENT SETTING,USE EVENT SETTING,USE EVENT SETTING,USE EVENT SETTING,USE EVENT SETTING,USE EVENT SETTING,USE EVENT SETTING,User performing the load,false,false,,,,,false,false,false,AGG.University@dummydata.com,USE EVENT SETTING,USE EVENT SETTING,0,0,
Compliance_LIVE Fire Extinguisher Training_MO,Compliance_LIVE Fire Extinguisher Training_MO-0046,2022-02-03 15:00:00,2022-02-03 16:15:00,,9,1,Offering of LIVE Fire Extinguisher Training,Bldg_1_Room_102,,,,,USE EVENT SETTING,ILT Content,USE EVENT SETTING,USE EVENT SETTING,1,USE EVENT SETTING,USE EVENT SETTING,3.0,10.0,4500.0,1,No Email,1,USE EVENT SETTING,USE EVENT SETTING,USE EVENT SETTING,USE EVENT SETTING,USE EVENT SETTING,USE EVENT SETTING,USE EVENT SETTING,USE EVENT SETTING,USE EVENT SETTING,USE EVENT SETTING,USE EVENT SETTING,User performing the load,false,false,,,,,false,false,false,AGG.University@dummydata.com,USE EVENT SETTING,USE EVENT SETTING,0,0,
Compliance_LIVE Fire Extinguisher Training_MO,Compliance_LIVE Fire Extinguisher Training_MO-0047,2022-02-03 16:30:00,2022-02-03 17:45:00,,9,1,Offering of LIVE Fire Extinguisher Training,Bldg_1_Room_102,,,,,USE EVENT SETTING,ILT Content,USE EVENT SETTING,USE EVENT SETTING,1,USE EVENT SETTING,USE EVENT SETTING,3.0,10.0,4500.0,1,No Email,1,USE EVENT SETTING,USE EVENT SETTING,USE EVENT SETTING,USE EVENT SETTING,USE EVENT SETTING,USE EVENT SETTING,USE EVENT SETTING,USE EVENT SETTING,USE EVENT SETTING,USE EVENT SETTING,USE EVENT SETTING,User performing the load,false,false,,,,,false,false,false,AGG.University@dummydata.com,USE EVENT SETTING,USE EVENT SETTING,0,0,
Compliance_LIVE Fire Extinguisher Training_MO,Compliance_LIVE Fire Extinguisher Training_MO-0048,2022-02-03 18:30:00,2022-02-03 19:45:00,,9,1,Offering of LIVE Fire Extinguisher Training,Bldg_1_Room_102,,,,,USE EVENT SETTING,ILT Content,USE EVENT SETTING,USE EVENT SETTING,1,USE EVENT SETTING,USE EVENT SETTING,3.0,10.0,4500.0,1,No Email,1,USE EVENT SETTING,USE EVENT SETTING,USE EVENT SETTING,USE EVENT SETTING,USE EVENT SETTING,USE EVENT SETTING,USE EVENT SETTING,USE EVENT SETTING,USE EVENT SETTING,USE EVENT SETTING,USE EVENT SETTING,User performing the load,false,false,,,,,false,false,false,AGG.University@dummydata.com,USE EVENT SETTING,USE EVENT SETTING,0,0,
Compliance_LIVE Fire Extinguisher Training_MO,Compliance_LIVE Fire Extinguisher Training_MO-0049,2022-02-03 20:00:00,2022-02-03 21:15:00,,9,1,Offering of LIVE Fire Extinguisher Training,Bldg_1_Room_102,,,,,USE EVENT SETTING,ILT Content,USE EVENT SETTING,USE EVENT SETTING,1,USE EVENT SETTING,USE EVENT SETTING,3.0,10.0,4500.0,1,No Email,1,USE EVENT SETTING,USE EVENT SETTING,USE EVENT SETTING,USE EVENT SETTING,USE EVENT SETTING,USE EVENT SETTING,USE EVENT SETTING,USE EVENT SETTING,USE EVENT SETTING,USE EVENT SETTING,USE EVENT SETTING,User performing the load,false,false,,,,,false,false,false,AGG.University@dummydata.com,USE EVENT SETTING,USE EVENT SETTING,0,0,
Compliance_LIVE Fire Extinguisher Training_MO,Compliance_LIVE Fire Extinguisher Training_MO-0050,2022-05-04 11:00:00,2022-05-04 12:15:00,,9,1,Offering of LIVE Fire Extinguisher Training,Bldg_1_Room_102,,,,,USE EVENT SETTING,ILT Content,USE EVENT SETTING,USE EVENT SETTING,1,USE EVENT SETTING,USE EVENT SETTING,3.0,10.0,4500.0,1,No Email,1,USE EVENT SETTING,USE EVENT SETTING,USE EVENT SETTING,USE EVENT SETTING,USE EVENT SETTING,USE EVENT SETTING,USE EVENT SETTING,USE EVENT SETTING,USE EVENT SETTING,USE EVENT SETTING,USE EVENT SETTING,User performing the load,false,false,,,,,false,false,false,AGG.University@dummydata.com,USE EVENT SETTING,USE EVENT SETTING,0,0,
Compliance_LIVE Fire Extinguisher Training_MO,Compliance_LIVE Fire Extinguisher Training_MO-0051,2022-05-04 12:30:00,2022-05-04 13:45:00,,9,1,Offering of LIVE Fire Extinguisher Training,Bldg_1_Room_102,,,,,USE EVENT SETTING,ILT Content,USE EVENT SETTING,USE EVENT SETTING,1,USE EVENT SETTING,USE EVENT SETTING,3.0,10.0,4500.0,1,No Email,1,USE EVENT SETTING,USE EVENT SETTING,USE EVENT SETTING,USE EVENT SETTING,USE EVENT SETTING,USE EVENT SETTING,USE EVENT SETTING,USE EVENT SETTING,USE EVENT SETTING,USE EVENT SETTING,USE EVENT SETTING,User performing the load,false,false,,,,,false,false,false,AGG.University@dummydata.com,USE EVENT SETTING,USE EVENT SETTING,0,0,
Compliance_LIVE Fire Extinguisher Training_MO,Compliance_LIVE Fire Extinguisher Training_MO-0052,2022-05-04 14:00:00,2022-05-04 15:15:00,,9,1,Offering of LIVE Fire Extinguisher Training,Bldg_1_Room_102,,,,,USE EVENT SETTING,ILT Content,USE EVENT SETTING,USE EVENT SETTING,1,USE EVENT SETTING,USE EVENT SETTING,3.0,10.0,4500.0,1,No Email,1,USE EVENT SETTING,USE EVENT SETTING,USE EVENT SETTING,USE EVENT SETTING,USE EVENT SETTING,USE EVENT SETTING,USE EVENT SETTING,USE EVENT SETTING,USE EVENT SETTING,USE EVENT SETTING,USE EVENT SETTING,User performing the load,false,false,,,,,false,false,false,AGG.University@dummydata.com,USE EVENT SETTING,USE EVENT SETTING,0,0,
Compliance_LIVE Fire Extinguisher Training_MO,Compliance_LIVE Fire Extinguisher Training_MO-0053,2022-05-04 15:30:00,2022-05-04 16:45:00,,9,1,Offering of LIVE Fire Extinguisher Training,Bldg_1_Room_102,,,,,USE EVENT SETTING,ILT Content,USE EVENT SETTING,USE EVENT SETTING,1,USE EVENT SETTING,USE EVENT SETTING,3.0,10.0,4500.0,1,No Email,1,USE EVENT SETTING,USE EVENT SETTING,USE EVENT SETTING,USE EVENT SETTING,USE EVENT SETTING,USE EVENT SETTING,USE EVENT SETTING,USE EVENT SETTING,USE EVENT SETTING,USE EVENT SETTING,USE EVENT SETTING,User performing the load,false,false,,,,,false,false,false,AGG.University@dummydata.com,USE EVENT SETTING,USE EVENT SETTING,0,0,
Compliance_LIVE Fire Extinguisher Training_MO,Compliance_LIVE Fire Extinguisher Training_MO-0054,2022-05-04 17:30:00,2022-05-04 18:45:00,,9,1,Offering of LIVE Fire Extinguisher Training,Bldg_1_Room_102,,,,,USE EVENT SETTING,ILT Content,USE EVENT SETTING,USE EVENT SETTING,1,USE EVENT SETTING,USE EVENT SETTING,3.0,10.0,4500.0,1,No Email,1,USE EVENT SETTING,USE EVENT SETTING,USE EVENT SETTING,USE EVENT SETTING,USE EVENT SETTING,USE EVENT SETTING,USE EVENT SETTING,USE EVENT SETTING,USE EVENT SETTING,USE EVENT SETTING,USE EVENT SETTING,User performing the load,false,false,,,,,false,false,false,AGG.University@dummydata.com,USE EVENT SETTING,USE EVENT SETTING,0,0,
Compliance_LIVE Fire Extinguisher Training_MO,Compliance_LIVE Fire Extinguisher Training_MO-0055,2022-05-04 19:00:00,2022-05-04 20:15:00,,9,1,Offering of LIVE Fire Extinguisher Training,Bldg_1_Room_102,,,,,USE EVENT SETTING,ILT Content,USE EVENT SETTING,USE EVENT SETTING,1,USE EVENT SETTING,USE EVENT SETTING,3.0,10.0,4500.0,1,No Email,1,USE EVENT SETTING,USE EVENT SETTING,USE EVENT SETTING,USE EVENT SETTING,USE EVENT SETTING,USE EVENT SETTING,USE EVENT SETTING,USE EVENT SETTING,USE EVENT SETTING,USE EVENT SETTING,USE EVENT SETTING,User performing the load,false,false,,,,,false,false,false,AGG.University@dummydata.com,USE EVENT SETTING,USE EVENT SETTING,0,0,
Compliance_LIVE Fire Extinguisher Training_MO,Compliance_LIVE Fire Extinguisher Training_MO-0056,2022-06-04 11:00:00,2022-06-04 12:15:00,,9,1,Offering of LIVE Fire Extinguisher Training,Bldg_1_Room_102,,,,,USE EVENT SETTING,ILT Content,USE EVENT SETTING,USE EVENT SETTING,1,USE EVENT SETTING,USE EVENT SETTING,3.0,10.0,4500.0,1,No Email,1,USE EVENT SETTING,USE EVENT SETTING,USE EVENT SETTING,USE EVENT SETTING,USE EVENT SETTING,USE EVENT SETTING,USE EVENT SETTING,USE EVENT SETTING,USE EVENT SETTING,USE EVENT SETTING,USE EVENT SETTING,User performing the load,false,false,,,,,false,false,false,AGG.University@dummydata.com,USE EVENT SETTING,USE EVENT SETTING,0,0,
Compliance_LIVE Fire Extinguisher Training_MO,Compliance_LIVE Fire Extinguisher Training_MO-0057,2022-06-04 12:30:00,2022-06-04 13:45:00,,9,1,Offering of LIVE Fire Extinguisher Training,Bldg_1_Room_102,,,,,USE EVENT SETTING,ILT Content,USE EVENT SETTING,USE EVENT SETTING,1,USE EVENT SETTING,USE EVENT SETTING,3.0,10.0,4500.0,1,No Email,1,USE EVENT SETTING,USE EVENT SETTING,USE EVENT SETTING,USE EVENT SETTING,USE EVENT SETTING,USE EVENT SETTING,USE EVENT SETTING,USE EVENT SETTING,USE EVENT SETTING,USE EVENT SETTING,USE EVENT SETTING,User performing the load,false,false,,,,,false,false,false,AGG.University@dummydata.com,USE EVENT SETTING,USE EVENT SETTING,0,0,
Compliance_LIVE Fire Extinguisher Training_MO,Compliance_LIVE Fire Extinguisher Training_MO-0058,2022-06-04 14:00:00,2022-06-04 15:15:00,,9,1,Offering of LIVE Fire Extinguisher Training,Bldg_1_Room_102,,,,,USE EVENT SETTING,ILT Content,USE EVENT SETTING,USE EVENT SETTING,1,USE EVENT SETTING,USE EVENT SETTING,3.0,10.0,4500.0,1,No Email,1,USE EVENT SETTING,USE EVENT SETTING,USE EVENT SETTING,USE EVENT SETTING,USE EVENT SETTING,USE EVENT SETTING,USE EVENT SETTING,USE EVENT SETTING,USE EVENT SETTING,USE EVENT SETTING,USE EVENT SETTING,User performing the load,false,false,,,,,false,false,false,AGG.University@dummydata.com,USE EVENT SETTING,USE EVENT SETTING,0,0,
Compliance_LIVE Fire Extinguisher Training_MO,Compliance_LIVE Fire Extinguisher Training_MO-0059,2022-06-04 15:30:00,2022-06-04 16:45:00,,9,1,Offering of LIVE Fire Extinguisher Training,Bldg_1_Room_102,,,,,USE EVENT SETTING,ILT Content,USE EVENT SETTING,USE EVENT SETTING,1,USE EVENT SETTING,USE EVENT SETTING,3.0,10.0,4500.0,1,No Email,1,USE EVENT SETTING,USE EVENT SETTING,USE EVENT SETTING,USE EVENT SETTING,USE EVENT SETTING,USE EVENT SETTING,USE EVENT SETTING,USE EVENT SETTING,USE EVENT SETTING,USE EVENT SETTING,USE EVENT SETTING,User performing the load,false,false,,,,,false,false,false,AGG.University@dummydata.com,USE EVENT SETTING,USE EVENT SETTING,0,0,
Compliance_LIVE Fire Extinguisher Training_MO,Compliance_LIVE Fire Extinguisher Training_MO-0060,2022-06-04 17:30:00,2022-06-04 18:45:00,,9,1,Offering of LIVE Fire Extinguisher Training,Bldg_1_Room_102,,,,,USE EVENT SETTING,ILT Content,USE EVENT SETTING,USE EVENT SETTING,1,USE EVENT SETTING,USE EVENT SETTING,3.0,10.0,4500.0,1,No Email,1,USE EVENT SETTING,USE EVENT SETTING,USE EVENT SETTING,USE EVENT SETTING,USE EVENT SETTING,USE EVENT SETTING,USE EVENT SETTING,USE EVENT SETTING,USE EVENT SETTING,USE EVENT SETTING,USE EVENT SETTING,User performing the load,false,false,,,,,false,false,false,AGG.University@dummydata.com,USE EVENT SETTING,USE EVENT SETTING,0,0,
Compliance_LIVE Fire Extinguisher Training_MO,Compliance_LIVE Fire Extinguisher Training_MO-0061,2022-06-04 19:00:00,2022-06-04 20:15:00,,9,1,Offering of LIVE Fire Extinguisher Training,Bldg_1_Room_102,,,,,USE EVENT SETTING,ILT Content,USE EVENT SETTING,USE EVENT SETTING,1,USE EVENT SETTING,USE EVENT SETTING,3.0,10.0,4500.0,1,No Email,1,USE EVENT SETTING,USE EVENT SETTING,USE EVENT SETTING,USE EVENT SETTING,USE EVENT SETTING,USE EVENT SETTING,USE EVENT SETTING,USE EVENT SETTING,USE EVENT SETTING,USE EVENT SETTING,USE EVENT SETTING,User performing the load,false,false,,,,,false,false,false,AGG.University@dummydata.com,USE EVENT SETTING,USE EVENT SETTING,0,0,
Compliance_LIVE Fire Extinguisher Training_MO,Compliance_LIVE Fire Extinguisher Training_MO-0062,2022-05-04 20:00:00,2022-05-04 21:15:00,,9,1,Offering of LIVE Fire Extinguisher Training,Bldg_1_Room_102,,,,,USE EVENT SETTING,ILT Content,USE EVENT SETTING,USE EVENT SETTING,1,USE EVENT SETTING,USE EVENT SETTING,3.0,10.0,4500.0,1,No Email,1,USE EVENT SETTING,USE EVENT SETTING,USE EVENT SETTING,USE EVENT SETTING,USE EVENT SETTING,USE EVENT SETTING,USE EVENT SETTING,USE EVENT SETTING,USE EVENT SETTING,USE EVENT SETTING,USE EVENT SETTING,User performing the load,false,false,,,,,false,false,false,AGG.University@dummydata.com,USE EVENT SETTING,USE EVENT SETTING,0,0,
Compliance_LIVE Fire Extinguisher Training_MO,Compliance_LIVE Fire Extinguisher Training_MO-0063,06/22/2022 11:00:00.000,06/22/2022 12:15:00.000,,9,1,Offering of LIVE Fire Extinguisher Training,Bldg_1_Room_102,,,,,USE EVENT SETTING,ILT Content,USE EVENT SETTING,USE EVENT SETTING,1,USE EVENT SETTING,USE EVENT SETTING,3.0,10.0,4500.0,1,No Email,1,USE EVENT SETTING,USE EVENT SETTING,USE EVENT SETTING,USE EVENT SETTING,USE EVENT SETTING,USE EVENT SETTING,USE EVENT SETTING,USE EVENT SETTING,USE EVENT SETTING,USE EVENT SETTING,USE EVENT SETTING,User performing the load,false,false,,,,,false,false,false,AGG.University@dummydata.com,USE EVENT SETTING,USE EVENT SETTING,0,0,
Compliance_LIVE Fire Extinguisher Training_MO,Compliance_LIVE Fire Extinguisher Training_MO-0064,06/22/2022 12:30:00.000,06/22/2022 13:45:00.000,,9,1,Offering of LIVE Fire Extinguisher Training,Bldg_1_Room_102,,,,,USE EVENT SETTING,ILT Content,USE EVENT SETTING,USE EVENT SETTING,1,USE EVENT SETTING,USE EVENT SETTING,3.0,10.0,4500.0,1,No Email,1,USE EVENT SETTING,USE EVENT SETTING,USE EVENT SETTING,USE EVENT SETTING,USE EVENT SETTING,USE EVENT SETTING,USE EVENT SETTING,USE EVENT SETTING,USE EVENT SETTING,USE EVENT SETTING,USE EVENT SETTING,User performing the load,false,false,,,,,false,false,false,AGG.University@dummydata.com,USE EVENT SETTING,USE EVENT SETTING,0,0,
Compliance_LIVE Fire Extinguisher Training_MO,Compliance_LIVE Fire Extinguisher Training_MO-0065,06/23/2022 11:00:00.000,06/23/2022 12:15:00.000,,9,1,Offering of LIVE Fire Extinguisher Training,Bldg_1_Room_102,,,,,USE EVENT SETTING,ILT Content,USE EVENT SETTING,USE EVENT SETTING,1,USE EVENT SETTING,USE EVENT SETTING,3.0,10.0,4500.0,1,No Email,1,USE EVENT SETTING,USE EVENT SETTING,USE EVENT SETTING,USE EVENT SETTING,USE EVENT SETTING,USE EVENT SETTING,USE EVENT SETTING,USE EVENT SETTING,USE EVENT SETTING,USE EVENT SETTING,USE EVENT SETTING,User performing the load,false,false,,,,,false,false,false,AGG.University@dummydata.com,USE EVENT SETTING,USE EVENT SETTING,0,0,
Compliance_LIVE Fire Extinguisher Training_MO,Compliance_LIVE Fire Extinguisher Training_MO-0066,06/22/2022 14:00:00.000,06/22/2022 15:15:00.000,,9,1,Offering of LIVE Fire Extinguisher Training,Bldg_1_Room_102,,,,,USE EVENT SETTING,ILT Content,USE EVENT SETTING,USE EVENT SETTING,1,USE EVENT SETTING,USE EVENT SETTING,3.0,10.0,4500.0,1,No Email,1,USE EVENT SETTING,USE EVENT SETTING,USE EVENT SETTING,USE EVENT SETTING,USE EVENT SETTING,USE EVENT SETTING,USE EVENT SETTING,USE EVENT SETTING,USE EVENT SETTING,USE EVENT SETTING,USE EVENT SETTING,User performing the load,false,false,,,,,false,false,false,AGG.University@dummydata.com,USE EVENT SETTING,USE EVENT SETTING,0,0,
Compliance_LIVE Fire Extinguisher Training_MO,Compliance_LIVE Fire Extinguisher Training_MO-0067,06/22/2022 15:30:00.000,06/22/2022 16:45:00.000,,9,1,Offering of LIVE Fire Extinguisher Training,Bldg_1_Room_102,,,,,USE EVENT SETTING,ILT Content,USE EVENT SETTING,USE EVENT SETTING,1,USE EVENT SETTING,USE EVENT SETTING,3.0,10.0,4500.0,1,No Email,1,USE EVENT SETTING,USE EVENT SETTING,USE EVENT SETTING,USE EVENT SETTING,USE EVENT SETTING,USE EVENT SETTING,USE EVENT SETTING,USE EVENT SETTING,USE EVENT SETTING,USE EVENT SETTING,USE EVENT SETTING,User performing the load,false,false,,,,,false,false,false,AGG.University@dummydata.com,USE EVENT SETTING,USE EVENT SETTING,0,0,
Compliance_LIVE Fire Extinguisher Training_MO,Compliance_LIVE Fire Extinguisher Training_MO-0068,06/22/2022 17:30:00.000,06/22/2022 18:45:00.000,,9,1,Offering of LIVE Fire Extinguisher Training,Bldg_1_Room_102,,,,,USE EVENT SETTING,ILT Content,USE EVENT SETTING,USE EVENT SETTING,1,USE EVENT SETTING,USE EVENT SETTING,3.0,10.0,4500.0,1,No Email,1,USE EVENT SETTING,USE EVENT SETTING,USE EVENT SETTING,USE EVENT SETTING,USE EVENT SETTING,USE EVENT SETTING,USE EVENT SETTING,USE EVENT SETTING,USE EVENT SETTING,USE EVENT SETTING,USE EVENT SETTING,User performing the load,false,false,,,,,false,false,false,AGG.University@dummydata.com,USE EVENT SETTING,USE EVENT SETTING,0,0,
Compliance_LIVE Fire Extinguisher Training_MO,Compliance_LIVE Fire Extinguisher Training_MO-0069,06/22/2022 19:00:00.000,06/22/2022 20:15:00.000,,9,1,Offering of LIVE Fire Extinguisher Training,Bldg_1_Room_102,,,,,USE EVENT SETTING,ILT Content,USE EVENT SETTING,USE EVENT SETTING,1,USE EVENT SETTING,USE EVENT SETTING,3.0,10.0,4500.0,1,No Email,1,USE EVENT SETTING,USE EVENT SETTING,USE EVENT SETTING,USE EVENT SETTING,USE EVENT SETTING,USE EVENT SETTING,USE EVENT SETTING,USE EVENT SETTING,USE EVENT SETTING,USE EVENT SETTING,USE EVENT SETTING,User performing the load,false,false,,,,,false,false,false,AGG.University@dummydata.com,USE EVENT SETTING,USE EVENT SETTING,0,0,
Compliance_LIVE Fire Extinguisher Training_MO,Compliance_LIVE Fire Extinguisher Training_MO-0070,06/23/2022 12:30:00.000,06/23/2022 13:45:00.000,,9,1,Offering of LIVE Fire Extinguisher Training,Bldg_1_Room_102,,,,,USE EVENT SETTING,ILT Content,USE EVENT SETTING,USE EVENT SETTING,1,USE EVENT SETTING,USE EVENT SETTING,3.0,10.0,4500.0,1,No Email,1,USE EVENT SETTING,USE EVENT SETTING,USE EVENT SETTING,USE EVENT SETTING,USE EVENT SETTING,USE EVENT SETTING,USE EVENT SETTING,USE EVENT SETTING,USE EVENT SETTING,USE EVENT SETTING,USE EVENT SETTING,User performing the load,false,false,,,,,false,false,false,AGG.University@dummydata.com,USE EVENT SETTING,USE EVENT SETTING,0,0,
Compliance_LIVE Fire Extinguisher Training_MO,Compliance_LIVE Fire Extinguisher Training_MO-0071,06/23/2022 14:00:00.000,06/23/2022 15:15:00.000,,9,1,Offering of LIVE Fire Extinguisher Training,Bldg_1_Room_102,,,,,USE EVENT SETTING,ILT Content,USE EVENT SETTING,USE EVENT SETTING,1,USE EVENT SETTING,USE EVENT SETTING,3.0,10.0,4500.0,1,No Email,1,USE EVENT SETTING,USE EVENT SETTING,USE EVENT SETTING,USE EVENT SETTING,USE EVENT SETTING,USE EVENT SETTING,USE EVENT SETTING,USE EVENT SETTING,USE EVENT SETTING,USE EVENT SETTING,USE EVENT SETTING,User performing the load,false,false,,,,,false,false,false,AGG.University@dummydata.com,USE EVENT SETTING,USE EVENT SETTING,0,0,
Compliance_LIVE Fire Extinguisher Training_MO,Compliance_LIVE Fire Extinguisher Training_MO-0072,06/23/2022 15:30:00.000,06/23/2022 16:45:00.000,,9,1,Offering of LIVE Fire Extinguisher Training,Bldg_1_Room_102,,,,,USE EVENT SETTING,ILT Content,USE EVENT SETTING,USE EVENT SETTING,1,USE EVENT SETTING,USE EVENT SETTING,3.0,10.0,4500.0,1,No Email,1,USE EVENT SETTING,USE EVENT SETTING,USE EVENT SETTING,USE EVENT SETTING,USE EVENT SETTING,USE EVENT SETTING,USE EVENT SETTING,USE EVENT SETTING,USE EVENT SETTING,USE EVENT SETTING,USE EVENT SETTING,User performing the load,false,false,,,,,false,false,false,AGG.University@dummydata.com,USE EVENT SETTING,USE EVENT SETTING,0,0,
Compliance_LIVE Fire Extinguisher Training_MO,Compliance_LIVE Fire Extinguisher Training_MO-0073,06/23/2022 17:30:00.000,06/23/2022 18:45:00.000,,9,1,Offering of LIVE Fire Extinguisher Training,Bldg_1_Room_102,,,,,USE EVENT SETTING,ILT Content,USE EVENT SETTING,USE EVENT SETTING,1,USE EVENT SETTING,USE EVENT SETTING,3.0,10.0,4500.0,1,No Email,1,USE EVENT SETTING,USE EVENT SETTING,USE EVENT SETTING,USE EVENT SETTING,USE EVENT SETTING,USE EVENT SETTING,USE EVENT SETTING,USE EVENT SETTING,USE EVENT SETTING,USE EVENT SETTING,USE EVENT SETTING,User performing the load,false,false,,,,,false,false,false,AGG.University@dummydata.com,USE EVENT SETTING,USE EVENT SETTING,0,0,
Compliance_LIVE Fire Extinguisher Training_MO,Compliance_LIVE Fire Extinguisher Training_MO-0074,06/23/2022 19:00:00.000,06/23/2022 20:15:00.000,,9,1,Offering of LIVE Fire Extinguisher Training,Bldg_1_Room_102,,,,,USE EVENT SETTING,ILT Content,USE EVENT SETTING,USE EVENT SETTING,1,USE EVENT SETTING,USE EVENT SETTING,3.0,10.0,4500.0,1,No Email,1,USE EVENT SETTING,USE EVENT SETTING,USE EVENT SETTING,USE EVENT SETTING,USE EVENT SETTING,USE EVENT SETTING,USE EVENT SETTING,USE EVENT SETTING,USE EVENT SETTING,USE EVENT SETTING,USE EVENT SETTING,User performing the load,false,false,,,,,false,false,false,AGG.University@dummydata.com,USE EVENT SETTING,USE EVENT SETTING,0,0,
Compliance_LIVE Fire Extinguisher Training_MO,Compliance_LIVE Fire Extinguisher Training_MO-0075,06/23/2022 20:15:00.000,06/23/2022 21:30:00.000,,9,1,Offering of LIVE Fire Extinguisher Training,Bldg_1_Room_102,,,,,USE EVENT SETTING,ILT Content,USE EVENT SETTING,USE EVENT SETTING,1,USE EVENT SETTING,USE EVENT SETTING,3.0,10.0,4500.0,1,No Email,1,USE EVENT SETTING,USE EVENT SETTING,USE EVENT SETTING,USE EVENT SETTING,USE EVENT SETTING,USE EVENT SETTING,USE EVENT SETTING,USE EVENT SETTING,USE EVENT SETTING,USE EVENT SETTING,USE EVENT SETTING,User performing the load,false,false,,,,,false,false,false,AGG.University@dummydata.com,USE EVENT SETTING,USE EVENT SETTING,0,0,
Compliance_LIVE Fire Extinguisher Training_MO,Compliance_LIVE Fire Extinguisher Training_MO-0076,2022-06-07 23:00:00,2022-07-07 00:15:00,,9,1,Offering of LIVE Fire Extinguisher Training,Bldg_1_Room_102,,,,,USE EVENT SETTING,ILT Content,USE EVENT SETTING,USE EVENT SETTING,1,USE EVENT SETTING,USE EVENT SETTING,3.0,10.0,4500.0,1,No Email,1,USE EVENT SETTING,USE EVENT SETTING,USE EVENT SETTING,USE EVENT SETTING,USE EVENT SETTING,USE EVENT SETTING,USE EVENT SETTING,USE EVENT SETTING,USE EVENT SETTING,USE EVENT SETTING,USE EVENT SETTING,User performing the load,false,false,,,,,false,false,false,AGG.University@dummydata.com,USE EVENT SETTING,USE EVENT SETTING,0,0,
Compliance_LIVE Fire Extinguisher Training_MO,Compliance_LIVE Fire Extinguisher Training_MO-0077,2022-10-08 11:00:00,2022-10-08 12:15:00,,9,1,Offering of LIVE Fire Extinguisher Training,Bldg_1_Room_102,,,,,USE EVENT SETTING,ILT Content,USE EVENT SETTING,USE EVENT SETTING,1,USE EVENT SETTING,USE EVENT SETTING,3.0,10.0,4500.0,1,No Email,1,USE EVENT SETTING,USE EVENT SETTING,USE EVENT SETTING,USE EVENT SETTING,USE EVENT SETTING,USE EVENT SETTING,USE EVENT SETTING,USE EVENT SETTING,USE EVENT SETTING,USE EVENT SETTING,USE EVENT SETTING,User performing the load,false,false,,,,,false,false,false,AGG.University@dummydata.com,USE EVENT SETTING,USE EVENT SETTING,0,0,
Compliance_LIVE Fire Extinguisher Training_MO,Compliance_LIVE Fire Extinguisher Training_MO-0078,2022-10-08 12:30:00,2022-10-08 13:45:00,,9,1,Offering of LIVE Fire Extinguisher Training,Bldg_1_Room_102,,,,,USE EVENT SETTING,ILT Content,USE EVENT SETTING,USE EVENT SETTING,1,USE EVENT SETTING,USE EVENT SETTING,3.0,10.0,4500.0,1,No Email,1,USE EVENT SETTING,USE EVENT SETTING,USE EVENT SETTING,USE EVENT SETTING,USE EVENT SETTING,USE EVENT SETTING,USE EVENT SETTING,USE EVENT SETTING,USE EVENT SETTING,USE EVENT SETTING,USE EVENT SETTING,User performing the load,false,false,,,,,false,false,false,AGG.University@dummydata.com,USE EVENT SETTING,USE EVENT SETTING,0,0,
Compliance_LIVE Fire Extinguisher Training_MO,Compliance_LIVE Fire Extinguisher Training_MO-0079,2022-10-08 14:00:00,2022-10-08 15:15:00,,9,1,Offering of LIVE Fire Extinguisher Training,Bldg_1_Room_102,,,,,USE EVENT SETTING,ILT Content,USE EVENT SETTING,USE EVENT SETTING,1,USE EVENT SETTING,USE EVENT SETTING,3.0,10.0,4500.0,1,No Email,1,USE EVENT SETTING,USE EVENT SETTING,USE EVENT SETTING,USE EVENT SETTING,USE EVENT SETTING,USE EVENT SETTING,USE EVENT SETTING,USE EVENT SETTING,USE EVENT SETTING,USE EVENT SETTING,USE EVENT SETTING,User performing the load,false,false,,,,,false,false,false,AGG.University@dummydata.com,USE EVENT SETTING,USE EVENT SETTING,0,0,
Compliance_LIVE Fire Extinguisher Training_MO,Compliance_LIVE Fire Extinguisher Training_MO-0080,2022-10-08 15:30:00,2022-10-08 16:45:00,,9,1,Offering of LIVE Fire Extinguisher Training,Bldg_1_Room_102,,,,,USE EVENT SETTING,ILT Content,USE EVENT SETTING,USE EVENT SETTING,1,USE EVENT SETTING,USE EVENT SETTING,3.0,10.0,4500.0,1,No Email,1,USE EVENT SETTING,USE EVENT SETTING,USE EVENT SETTING,USE EVENT SETTING,USE EVENT SETTING,USE EVENT SETTING,USE EVENT SETTING,USE EVENT SETTING,USE EVENT SETTING,USE EVENT SETTING,USE EVENT SETTING,User performing the load,false,false,,,,,false,false,false,AGG.University@dummydata.com,USE EVENT SETTING,USE EVENT SETTING,0,0,
Compliance_LIVE Fire Extinguisher Training_MO,Compliance_LIVE Fire Extinguisher Training_MO-0081,2022-10-08 17:30:00,2022-10-08 18:45:00,,9,1,Offering of LIVE Fire Extinguisher Training,Bldg_1_Room_102,,,,,USE EVENT SETTING,ILT Content,USE EVENT SETTING,USE EVENT SETTING,1,USE EVENT SETTING,USE EVENT SETTING,3.0,10.0,4500.0,1,No Email,1,USE EVENT SETTING,USE EVENT SETTING,USE EVENT SETTING,USE EVENT SETTING,USE EVENT SETTING,USE EVENT SETTING,USE EVENT SETTING,USE EVENT SETTING,USE EVENT SETTING,USE EVENT SETTING,USE EVENT SETTING,User performing the load,false,false,,,,,false,false,false,AGG.University@dummydata.com,USE EVENT SETTING,USE EVENT SETTING,0,0,
Compliance_LIVE Fire Extinguisher Training_MO,Compliance_LIVE Fire Extinguisher Training_MO-0082,2022-10-08 19:00:00,2022-10-08 20:15:00,,9,1,Offering of LIVE Fire Extinguisher Training,Bldg_1_Room_102,,,,,USE EVENT SETTING,ILT Content,USE EVENT SETTING,USE EVENT SETTING,1,USE EVENT SETTING,USE EVENT SETTING,3.0,10.0,4500.0,1,No Email,1,USE EVENT SETTING,USE EVENT SETTING,USE EVENT SETTING,USE EVENT SETTING,USE EVENT SETTING,USE EVENT SETTING,USE EVENT SETTING,USE EVENT SETTING,USE EVENT SETTING,USE EVENT SETTING,USE EVENT SETTING,User performing the load,false,false,,,,,false,false,false,AGG.University@dummydata.com,USE EVENT SETTING,USE EVENT SETTING,0,0,
Compliance_LIVE Fire Extinguisher Training_MO,Compliance_LIVE Fire Extinguisher Training_MO-0083,2022-10-08 20:30:00,2022-10-08 21:45:00,,9,1,Offering of LIVE Fire Extinguisher Training,Bldg_1_Room_102,,,,,USE EVENT SETTING,ILT Content,USE EVENT SETTING,USE EVENT SETTING,1,USE EVENT SETTING,USE EVENT SETTING,3.0,10.0,4500.0,1,No Email,1,USE EVENT SETTING,USE EVENT SETTING,USE EVENT SETTING,USE EVENT SETTING,USE EVENT SETTING,USE EVENT SETTING,USE EVENT SETTING,USE EVENT SETTING,USE EVENT SETTING,USE EVENT SETTING,USE EVENT SETTING,User performing the load,false,false,,,,,false,false,false,AGG.University@dummydata.com,USE EVENT SETTING,USE EVENT SETTING,0,0,
Compliance_LIVE Fire Extinguisher Training_MO,Compliance_LIVE Fire Extinguisher Training_MO-0084,2022-05-10 11:00:00,2022-05-10 12:15:00,,9,1,Offering of LIVE Fire Extinguisher Training,Bldg_1_Room_102,,,,,USE EVENT SETTING,ILT Content,USE EVENT SETTING,USE EVENT SETTING,1,USE EVENT SETTING,USE EVENT SETTING,3.0,10.0,4500.0,1,No Email,1,USE EVENT SETTING,USE EVENT SETTING,USE EVENT SETTING,USE EVENT SETTING,USE EVENT SETTING,USE EVENT SETTING,USE EVENT SETTING,USE EVENT SETTING,USE EVENT SETTING,USE EVENT SETTING,USE EVENT SETTING,User performing the load,false,false,,,,,false,false,false,AGG.University@dummydata.com,USE EVENT SETTING,USE EVENT SETTING,0,0,
Compliance_LIVE Fire Extinguisher Training_MO,Compliance_LIVE Fire Extinguisher Training_MO-0085,2022-05-10 12:30:00,2022-05-10 13:45:00,,9,1,Offering of LIVE Fire Extinguisher Training,Bldg_1_Room_102,,,,,USE EVENT SETTING,ILT Content,USE EVENT SETTING,USE EVENT SETTING,1,USE EVENT SETTING,USE EVENT SETTING,3.0,10.0,4500.0,1,No Email,1,USE EVENT SETTING,USE EVENT SETTING,USE EVENT SETTING,USE EVENT SETTING,USE EVENT SETTING,USE EVENT SETTING,USE EVENT SETTING,USE EVENT SETTING,USE EVENT SETTING,USE EVENT SETTING,USE EVENT SETTING,User performing the load,false,false,,,,,false,false,false,AGG.University@dummydata.com,USE EVENT SETTING,USE EVENT SETTING,0,0,
Compliance_LIVE Fire Extinguisher Training_MO,Compliance_LIVE Fire Extinguisher Training_MO-0086,2022-05-10 14:00:00,2022-05-10 15:15:00,,9,1,Offering of LIVE Fire Extinguisher Training,Bldg_1_Room_102,,,,,USE EVENT SETTING,ILT Content,USE EVENT SETTING,USE EVENT SETTING,1,USE EVENT SETTING,USE EVENT SETTING,3.0,10.0,4500.0,1,No Email,1,USE EVENT SETTING,USE EVENT SETTING,USE EVENT SETTING,USE EVENT SETTING,USE EVENT SETTING,USE EVENT SETTING,USE EVENT SETTING,USE EVENT SETTING,USE EVENT SETTING,USE EVENT SETTING,USE EVENT SETTING,User performing the load,false,false,,,,,false,false,false,AGG.University@dummydata.com,USE EVENT SETTING,USE EVENT SETTING,0,0,
Compliance_LIVE Fire Extinguisher Training_MO,Compliance_LIVE Fire Extinguisher Training_MO-0087,2022-05-10 15:30:00,2022-05-10 16:45:00,,9,1,Offering of LIVE Fire Extinguisher Training,Bldg_1_Room_102,,,,,USE EVENT SETTING,ILT Content,USE EVENT SETTING,USE EVENT SETTING,1,USE EVENT SETTING,USE EVENT SETTING,3.0,10.0,4500.0,1,No Email,1,USE EVENT SETTING,USE EVENT SETTING,USE EVENT SETTING,USE EVENT SETTING,USE EVENT SETTING,USE EVENT SETTING,USE EVENT SETTING,USE EVENT SETTING,USE EVENT SETTING,USE EVENT SETTING,USE EVENT SETTING,User performing the load,false,false,,,,,false,false,false,AGG.University@dummydata.com,USE EVENT SETTING,USE EVENT SETTING,0,0,
Compliance_LIVE Fire Extinguisher Training_MO,Compliance_LIVE Fire Extinguisher Training_MO-0088,2022-05-10 17:30:00,2022-05-10 18:45:00,,9,1,Offering of LIVE Fire Extinguisher Training,Bldg_1_Room_102,,,,,USE EVENT SETTING,ILT Content,USE EVENT SETTING,USE EVENT SETTING,1,USE EVENT SETTING,USE EVENT SETTING,3.0,10.0,4500.0,1,No Email,1,USE EVENT SETTING,USE EVENT SETTING,USE EVENT SETTING,USE EVENT SETTING,USE EVENT SETTING,USE EVENT SETTING,USE EVENT SETTING,USE EVENT SETTING,USE EVENT SETTING,USE EVENT SETTING,USE EVENT SETTING,User performing the load,false,false,,,,,false,false,false,AGG.University@dummydata.com,USE EVENT SETTING,USE EVENT SETTING,0,0,
Compliance_LIVE Fire Extinguisher Training_MO,Compliance_LIVE Fire Extinguisher Training_MO-0089,2022-05-10 19:00:00,2022-05-10 20:15:00,,9,1,Offering of LIVE Fire Extinguisher Training,Bldg_1_Room_102,,,,,USE EVENT SETTING,ILT Content,USE EVENT SETTING,USE EVENT SETTING,1,USE EVENT SETTING,USE EVENT SETTING,3.0,10.0,4500.0,1,No Email,1,USE EVENT SETTING,USE EVENT SETTING,USE EVENT SETTING,USE EVENT SETTING,USE EVENT SETTING,USE EVENT SETTING,USE EVENT SETTING,USE EVENT SETTING,USE EVENT SETTING,USE EVENT SETTING,USE EVENT SETTING,User performing the load,false,false,,,,,false,false,false,AGG.University@dummydata.com,USE EVENT SETTING,USE EVENT SETTING,0,0,
Compliance_LIVE Fire Extinguisher Training_MO,Compliance_LIVE Fire Extinguisher Training_MO-0090,2022-05-10 20:30:00,2022-05-10 21:45:00,,9,1,Offering of LIVE Fire Extinguisher Training,Bldg_1_Room_102,,,,,USE EVENT SETTING,ILT Content,USE EVENT SETTING,USE EVENT SETTING,1,USE EVENT SETTING,USE EVENT SETTING,3.0,10.0,4500.0,1,No Email,1,USE EVENT SETTING,USE EVENT SETTING,USE EVENT SETTING,USE EVENT SETTING,USE EVENT SETTING,USE EVENT SETTING,USE EVENT SETTING,USE EVENT SETTING,USE EVENT SETTING,USE EVENT SETTING,USE EVENT SETTING,User performing the load,false,false,,,,,false,false,false,AGG.University@dummydata.com,USE EVENT SETTING,USE EVENT SETTING,0,0,
Compliance_LIVE Fire Extinguisher Training_MO,Compliance_LIVE Fire Extinguisher Training_MO-0091,2022-06-10 11:00:00,2022-06-10 12:15:00,,9,1,Offering of LIVE Fire Extinguisher Training,Bldg_1_Room_102,,,,,USE EVENT SETTING,ILT Content,USE EVENT SETTING,USE EVENT SETTING,1,USE EVENT SETTING,USE EVENT SETTING,3.0,10.0,4500.0,1,No Email,1,USE EVENT SETTING,USE EVENT SETTING,USE EVENT SETTING,USE EVENT SETTING,USE EVENT SETTING,USE EVENT SETTING,USE EVENT SETTING,USE EVENT SETTING,USE EVENT SETTING,USE EVENT SETTING,USE EVENT SETTING,User performing the load,false,false,,,,,false,false,false,AGG.University@dummydata.com,USE EVENT SETTING,USE EVENT SETTING,0,0,
Compliance_LIVE Fire Extinguisher Training_MO,Compliance_LIVE Fire Extinguisher Training_MO-0092,2022-06-10 12:30:00,2022-06-10 13:45:00,,9,1,Offering of LIVE Fire Extinguisher Training,Bldg_1_Room_102,,,,,USE EVENT SETTING,ILT Content,USE EVENT SETTING,USE EVENT SETTING,1,USE EVENT SETTING,USE EVENT SETTING,3.0,10.0,4500.0,1,No Email,1,USE EVENT SETTING,USE EVENT SETTING,USE EVENT SETTING,USE EVENT SETTING,USE EVENT SETTING,USE EVENT SETTING,USE EVENT SETTING,USE EVENT SETTING,USE EVENT SETTING,USE EVENT SETTING,USE EVENT SETTING,User performing the load,false,false,,,,,false,false,false,AGG.University@dummydata.com,USE EVENT SETTING,USE EVENT SETTING,0,0,
Compliance_LIVE Fire Extinguisher Training_MO,Compliance_LIVE Fire Extinguisher Training_MO-0093,2022-06-10 14:00:00,2022-06-10 15:15:00,,9,1,Offering of LIVE Fire Extinguisher Training,Bldg_1_Room_102,,,,,USE EVENT SETTING,ILT Content,USE EVENT SETTING,USE EVENT SETTING,1,USE EVENT SETTING,USE EVENT SETTING,3.0,10.0,4500.0,1,No Email,1,USE EVENT SETTING,USE EVENT SETTING,USE EVENT SETTING,USE EVENT SETTING,USE EVENT SETTING,USE EVENT SETTING,USE EVENT SETTING,USE EVENT SETTING,USE EVENT SETTING,USE EVENT SETTING,USE EVENT SETTING,User performing the load,false,false,,,,,false,false,false,AGG.University@dummydata.com,USE EVENT SETTING,USE EVENT SETTING,0,0,
Compliance_LIVE Fire Extinguisher Training_MO,Compliance_LIVE Fire Extinguisher Training_MO-0094,2022-06-10 15:30:00,2022-06-10 16:45:00,,9,1,Offering of LIVE Fire Extinguisher Training,Bldg_1_Room_102,,,,,USE EVENT SETTING,ILT Content,USE EVENT SETTING,USE EVENT SETTING,1,USE EVENT SETTING,USE EVENT SETTING,3.0,10.0,4500.0,1,No Email,1,USE EVENT SETTING,USE EVENT SETTING,USE EVENT SETTING,USE EVENT SETTING,USE EVENT SETTING,USE EVENT SETTING,USE EVENT SETTING,USE EVENT SETTING,USE EVENT SETTING,USE EVENT SETTING,USE EVENT SETTING,User performing the load,false,false,,,,,false,false,false,AGG.University@dummydata.com,USE EVENT SETTING,USE EVENT SETTING,0,0,
Compliance_LIVE Fire Extinguisher Training_MO,Compliance_LIVE Fire Extinguisher Training_MO-0095,2022-06-10 17:30:00,2022-06-10 18:45:00,,9,1,Offering of LIVE Fire Extinguisher Training,Bldg_1_Room_102,,,,,USE EVENT SETTING,ILT Content,USE EVENT SETTING,USE EVENT SETTING,1,USE EVENT SETTING,USE EVENT SETTING,3.0,10.0,4500.0,1,No Email,1,USE EVENT SETTING,USE EVENT SETTING,USE EVENT SETTING,USE EVENT SETTING,USE EVENT SETTING,USE EVENT SETTING,USE EVENT SETTING,USE EVENT SETTING,USE EVENT SETTING,USE EVENT SETTING,USE EVENT SETTING,User performing the load,false,false,,,,,false,false,false,AGG.University@dummydata.com,USE EVENT SETTING,USE EVENT SETTING,0,0,
Compliance_LIVE Fire Extinguisher Training_MO,Compliance_LIVE Fire Extinguisher Training_MO-0096,2022-06-10 19:00:00,2022-06-10 20:15:00,,9,1,Offering of LIVE Fire Extinguisher Training,Bldg_1_Room_102,,,,,USE EVENT SETTING,ILT Content,USE EVENT SETTING,USE EVENT SETTING,1,USE EVENT SETTING,USE EVENT SETTING,3.0,10.0,4500.0,1,No Email,1,USE EVENT SETTING,USE EVENT SETTING,USE EVENT SETTING,USE EVENT SETTING,USE EVENT SETTING,USE EVENT SETTING,USE EVENT SETTING,USE EVENT SETTING,USE EVENT SETTING,USE EVENT SETTING,USE EVENT SETTING,User performing the load,false,false,,,,,false,false,false,AGG.University@dummydata.com,USE EVENT SETTING,USE EVENT SETTING,0,0,
Compliance_LIVE Fire Extinguisher Training_MO,Compliance_LIVE Fire Extinguisher Training_MO-0097,2022-06-10 20:30:00,2022-06-10 21:45:00,,9,1,Offering of LIVE Fire Extinguisher Training,Bldg_1_Room_102,,,,,USE EVENT SETTING,ILT Content,USE EVENT SETTING,USE EVENT SETTING,1,USE EVENT SETTING,USE EVENT SETTING,3.0,10.0,4500.0,1,No Email,1,USE EVENT SETTING,USE EVENT SETTING,USE EVENT SETTING,USE EVENT SETTING,USE EVENT SETTING,USE EVENT SETTING,USE EVENT SETTING,USE EVENT SETTING,USE EVENT SETTING,USE EVENT SETTING,USE EVENT SETTING,User performing the load,false,false,,,,,false,false,false,AGG.University@dummydata.com,USE EVENT SETTING,USE EVENT SETTING,0,0,
Compliance_LIVE Fire Extinguisher Training_MO,Compliance_LIVE Fire Extinguisher Training_MO-0098,2022-10-11 12:00:00,2022-10-11 13:15:00,,9,1,Offering of LIVE Fire Extinguisher Training,Bldg_1_Room_102,,,,,USE EVENT SETTING,ILT Content,USE EVENT SETTING,USE EVENT SETTING,1,USE EVENT SETTING,USE EVENT SETTING,3.0,10.0,4500.0,1,No Email,1,USE EVENT SETTING,USE EVENT SETTING,USE EVENT SETTING,USE EVENT SETTING,USE EVENT SETTING,USE EVENT SETTING,USE EVENT SETTING,USE EVENT SETTING,USE EVENT SETTING,USE EVENT SETTING,USE EVENT SETTING,User performing the load,false,false,,,,,false,false,false,AGG.University@dummydata.com,USE EVENT SETTING,USE EVENT SETTING,0,0,
Compliance_LIVE Fire Extinguisher Training_MO,Compliance_LIVE Fire Extinguisher Training_MO-0099,2022-10-11 13:30:00,2022-10-11 14:45:00,,9,1,Offering of LIVE Fire Extinguisher Training,Bldg_1_Room_102,,,,,USE EVENT SETTING,ILT Content,USE EVENT SETTING,USE EVENT SETTING,1,USE EVENT SETTING,USE EVENT SETTING,3.0,10.0,4500.0,1,No Email,1,USE EVENT SETTING,USE EVENT SETTING,USE EVENT SETTING,USE EVENT SETTING,USE EVENT SETTING,USE EVENT SETTING,USE EVENT SETTING,USE EVENT SETTING,USE EVENT SETTING,USE EVENT SETTING,USE EVENT SETTING,User performing the load,false,false,,,,,false,false,false,AGG.University@dummydata.com,USE EVENT SETTING,USE EVENT SETTING,0,0,
Compliance_LIVE Fire Extinguisher Training_MO,Compliance_LIVE Fire Extinguisher Training_MO-0100,2022-10-11 15:00:00,2022-10-11 16:15:00,,9,1,Offering of LIVE Fire Extinguisher Training,Bldg_1_Room_102,,,,,USE EVENT SETTING,ILT Content,USE EVENT SETTING,USE EVENT SETTING,1,USE EVENT SETTING,USE EVENT SETTING,3.0,10.0,4500.0,1,No Email,1,USE EVENT SETTING,USE EVENT SETTING,USE EVENT SETTING,USE EVENT SETTING,USE EVENT SETTING,USE EVENT SETTING,USE EVENT SETTING,USE EVENT SETTING,USE EVENT SETTING,USE EVENT SETTING,USE EVENT SETTING,User performing the load,false,false,,,,,false,false,false,AGG.University@dummydata.com,USE EVENT SETTING,USE EVENT SETTING,0,0,
Compliance_LIVE Fire Extinguisher Training_MO,Compliance_LIVE Fire Extinguisher Training_MO-0101,2022-10-11 16:30:00,2022-10-11 17:45:00,,9,1,Offering of LIVE Fire Extinguisher Training,Bldg_1_Room_102,,,,,USE EVENT SETTING,ILT Content,USE EVENT SETTING,USE EVENT SETTING,1,USE EVENT SETTING,USE EVENT SETTING,3.0,10.0,4500.0,1,No Email,1,USE EVENT SETTING,USE EVENT SETTING,USE EVENT SETTING,USE EVENT SETTING,USE EVENT SETTING,USE EVENT SETTING,USE EVENT SETTING,USE EVENT SETTING,USE EVENT SETTING,USE EVENT SETTING,USE EVENT SETTING,User performing the load,false,false,,,,,false,false,false,AGG.University@dummydata.com,USE EVENT SETTING,USE EVENT SETTING,0,0,
Compliance_LIVE Fire Extinguisher Training_MO,Compliance_LIVE Fire Extinguisher Training_MO-0102,2022-10-11 18:30:00,2022-10-11 19:45:00,,9,1,Offering of LIVE Fire Extinguisher Training,Bldg_1_Room_102,,,,,USE EVENT SETTING,ILT Content,USE EVENT SETTING,USE EVENT SETTING,1,USE EVENT SETTING,USE EVENT SETTING,3.0,10.0,4500.0,1,No Email,1,USE EVENT SETTING,USE EVENT SETTING,USE EVENT SETTING,USE EVENT SETTING,USE EVENT SETTING,USE EVENT SETTING,USE EVENT SETTING,USE EVENT SETTING,USE EVENT SETTING,USE EVENT SETTING,USE EVENT SETTING,User performing the load,false,false,,,,,false,false,false,AGG.University@dummydata.com,USE EVENT SETTING,USE EVENT SETTING,0,0,
Compliance_LIVE Fire Extinguisher Training_MO,Compliance_LIVE Fire Extinguisher Training_MO-0103,2022-10-11 20:00:00,2022-10-11 21:15:00,,9,1,Offering of LIVE Fire Extinguisher Training,Bldg_1_Room_102,,,,,USE EVENT SETTING,ILT Content,USE EVENT SETTING,USE EVENT SETTING,1,USE EVENT SETTING,USE EVENT SETTING,3.0,10.0,4500.0,1,No Email,1,USE EVENT SETTING,USE EVENT SETTING,USE EVENT SETTING,USE EVENT SETTING,USE EVENT SETTING,USE EVENT SETTING,USE EVENT SETTING,USE EVENT SETTING,USE EVENT SETTING,USE EVENT SETTING,USE EVENT SETTING,User performing the load,false,false,,,,,false,false,false,AGG.University@dummydata.com,USE EVENT SETTING,USE EVENT SETTING,0,0,
Compliance_LIVE Fire Extinguisher Training_MO,Compliance_LIVE Fire Extinguisher Training_MO-0104,2022-10-11 21:30:00,2022-10-11 22:45:00,,9,1,Offering of LIVE Fire Extinguisher Training,Bldg_1_Room_102,,,,,USE EVENT SETTING,ILT Content,USE EVENT SETTING,USE EVENT SETTING,1,USE EVENT SETTING,USE EVENT SETTING,3.0,10.0,4500.0,1,No Email,1,USE EVENT SETTING,USE EVENT SETTING,USE EVENT SETTING,USE EVENT SETTING,USE EVENT SETTING,USE EVENT SETTING,USE EVENT SETTING,USE EVENT SETTING,USE EVENT SETTING,USE EVENT SETTING,USE EVENT SETTING,User performing the load,false,false,,,,,false,false,false,AGG.University@dummydata.com,USE EVENT SETTING,USE EVENT SETTING,0,0,
Compliance_LIVE Fire Extinguisher Training_MO,Compliance_LIVE Fire Extinguisher Training_MO-0105,02/21/2023 12:00:00.000,02/21/2023 13:15:00.000,,9,1,Offering of LIVE Fire Extinguisher Training,Bldg_1_Room_102,,,,,USE EVENT SETTING,ILT Content,USE EVENT SETTING,USE EVENT SETTING,1,USE EVENT SETTING,USE EVENT SETTING,3.0,10.0,4500.0,1,No Email,1,USE EVENT SETTING,USE EVENT SETTING,USE EVENT SETTING,USE EVENT SETTING,USE EVENT SETTING,USE EVENT SETTING,USE EVENT SETTING,USE EVENT SETTING,USE EVENT SETTING,USE EVENT SETTING,USE EVENT SETTING,User performing the load,false,false,,,,,false,false,false,AGG.University@dummydata.com,USE EVENT SETTING,USE EVENT SETTING,0,0,
Compliance_LIVE Fire Extinguisher Training_MO,Compliance_LIVE Fire Extinguisher Training_MO-0106,02/21/2023 13:30:00.000,02/21/2023 14:45:00.000,,9,1,Offering of LIVE Fire Extinguisher Training,Bldg_1_Room_102,,,,,USE EVENT SETTING,ILT Content,USE EVENT SETTING,USE EVENT SETTING,1,USE EVENT SETTING,USE EVENT SETTING,3.0,10.0,4500.0,1,No Email,1,USE EVENT SETTING,USE EVENT SETTING,USE EVENT SETTING,USE EVENT SETTING,USE EVENT SETTING,USE EVENT SETTING,USE EVENT SETTING,USE EVENT SETTING,USE EVENT SETTING,USE EVENT SETTING,USE EVENT SETTING,User performing the load,false,false,,,,,false,false,false,AGG.University@dummydata.com,USE EVENT SETTING,USE EVENT SETTING,0,0,
Compliance_LIVE Fire Extinguisher Training_MO,Compliance_LIVE Fire Extinguisher Training_MO-0107,02/21/2023 15:00:00.000,02/21/2023 16:15:00.000,,9,1,Offering of LIVE Fire Extinguisher Training,Bldg_1_Room_102,,,,,USE EVENT SETTING,ILT Content,USE EVENT SETTING,USE EVENT SETTING,1,USE EVENT SETTING,USE EVENT SETTING,3.0,10.0,4500.0,1,No Email,1,USE EVENT SETTING,USE EVENT SETTING,USE EVENT SETTING,USE EVENT SETTING,USE EVENT SETTING,USE EVENT SETTING,USE EVENT SETTING,USE EVENT SETTING,USE EVENT SETTING,USE EVENT SETTING,USE EVENT SETTING,User performing the load,false,false,,,,,false,false,false,AGG.University@dummydata.com,USE EVENT SETTING,USE EVENT SETTING,0,0,
Compliance_LIVE Fire Extinguisher Training_MO,Compliance_LIVE Fire Extinguisher Training_MO-0108,02/21/2023 16:30:00.000,02/21/2023 17:45:00.000,,9,1,Offering of LIVE Fire Extinguisher Training,Bldg_1_Room_102,,,,,USE EVENT SETTING,ILT Content,USE EVENT SETTING,USE EVENT SETTING,1,USE EVENT SETTING,USE EVENT SETTING,3.0,10.0,4500.0,1,No Email,1,USE EVENT SETTING,USE EVENT SETTING,USE EVENT SETTING,USE EVENT SETTING,USE EVENT SETTING,USE EVENT SETTING,USE EVENT SETTING,USE EVENT SETTING,USE EVENT SETTING,USE EVENT SETTING,USE EVENT SETTING,User performing the load,false,false,,,,,false,false,false,AGG.University@dummydata.com,USE EVENT SETTING,USE EVENT SETTING,0,0,
Compliance_LIVE Fire Extinguisher Training_MO,Compliance_LIVE Fire Extinguisher Training_MO-0109,02/21/2023 18:30:00.000,02/21/2023 19:45:00.000,,9,1,Offering of LIVE Fire Extinguisher Training,Bldg_1_Room_102,,,,,USE EVENT SETTING,ILT Content,USE EVENT SETTING,USE EVENT SETTING,1,USE EVENT SETTING,USE EVENT SETTING,3.0,10.0,4500.0,1,No Email,1,USE EVENT SETTING,USE EVENT SETTING,USE EVENT SETTING,USE EVENT SETTING,USE EVENT SETTING,USE EVENT SETTING,USE EVENT SETTING,USE EVENT SETTING,USE EVENT SETTING,USE EVENT SETTING,USE EVENT SETTING,User performing the load,false,false,,,,,false,false,false,AGG.University@dummydata.com,USE EVENT SETTING,USE EVENT SETTING,0,0,
Compliance_LIVE Fire Extinguisher Training_MO,Compliance_LIVE Fire Extinguisher Training_MO-0110,02/21/2023 20:00:00.000,02/21/2023 21:15:00.000,,9,1,Offering of LIVE Fire Extinguisher Training,Bldg_1_Room_102,,,,,USE EVENT SETTING,ILT Content,USE EVENT SETTING,USE EVENT SETTING,1,USE EVENT SETTING,USE EVENT SETTING,3.0,10.0,4500.0,1,No Email,1,USE EVENT SETTING,USE EVENT SETTING,USE EVENT SETTING,USE EVENT SETTING,USE EVENT SETTING,USE EVENT SETTING,USE EVENT SETTING,USE EVENT SETTING,USE EVENT SETTING,USE EVENT SETTING,USE EVENT SETTING,User performing the load,false,false,,,,,false,false,false,AGG.University@dummydata.com,USE EVENT SETTING,USE EVENT SETTING,0,0,
Compliance_LIVE Fire Extinguisher Training_MO,Compliance_LIVE Fire Extinguisher Training_MO-0111,02/21/2023 21:30:00.000,02/21/2023 22:45:00.000,,9,1,Offering of LIVE Fire Extinguisher Training,Bldg_1_Room_102,,,,,USE EVENT SETTING,ILT Content,USE EVENT SETTING,USE EVENT SETTING,1,USE EVENT SETTING,USE EVENT SETTING,3.0,10.0,4500.0,1,No Email,1,USE EVENT SETTING,USE EVENT SETTING,USE EVENT SETTING,USE EVENT SETTING,USE EVENT SETTING,USE EVENT SETTING,USE EVENT SETTING,USE EVENT SETTING,USE EVENT SETTING,USE EVENT SETTING,USE EVENT SETTING,User performing the load,false,false,,,,,false,false,false,AGG.University@dummydata.com,USE EVENT SETTING,USE EVENT SETTING,0,0,
Compliance_LIVE Fire Extinguisher Training_MO,Compliance_LIVE Fire Extinguisher Training_MO-0112,2023-09-03 12:00:00,2023-09-03 13:15:00,,9,1,Offering of LIVE Fire Extinguisher Training,Bldg_1_Room_102,,,,,USE EVENT SETTING,ILT Content,USE EVENT SETTING,USE EVENT SETTING,1,USE EVENT SETTING,USE EVENT SETTING,0.0,10.0,4500.0,1,No Email,1,USE EVENT SETTING,USE EVENT SETTING,USE EVENT SETTING,USE EVENT SETTING,USE EVENT SETTING,USE EVENT SETTING,USE EVENT SETTING,USE EVENT SETTING,USE EVENT SETTING,USE EVENT SETTING,USE EVENT SETTING,User performing the load,false,false,,,,,false,false,false,AGG.University@dummydata.com,USE EVENT SETTING,USE EVENT SETTING,0,0,
Compliance_LIVE Fire Extinguisher Training_MO,Compliance_LIVE Fire Extinguisher Training_MO-0113,2023-09-03 13:30:00,2023-09-03 14:45:00,,9,1,Offering of LIVE Fire Extinguisher Training,Bldg_1_Room_102,,,,,USE EVENT SETTING,ILT Content,USE EVENT SETTING,USE EVENT SETTING,1,USE EVENT SETTING,USE EVENT SETTING,0.0,10.0,4500.0,1,No Email,1,USE EVENT SETTING,USE EVENT SETTING,USE EVENT SETTING,USE EVENT SETTING,USE EVENT SETTING,USE EVENT SETTING,USE EVENT SETTING,USE EVENT SETTING,USE EVENT SETTING,USE EVENT SETTING,USE EVENT SETTING,User performing the load,false,false,,,,,false,false,false,AGG.University@dummydata.com,USE EVENT SETTING,USE EVENT SETTING,0,0,
Compliance_LIVE Fire Extinguisher Training_MO,Compliance_LIVE Fire Extinguisher Training_MO-0114,2023-09-03 21:30:00,2023-09-03 22:45:00,,9,1,Offering of LIVE Fire Extinguisher Training,Bldg_1_Room_102,,,,,USE EVENT SETTING,ILT Content,USE EVENT SETTING,USE EVENT SETTING,1,USE EVENT SETTING,USE EVENT SETTING,0.0,10.0,4500.0,1,No Email,1,USE EVENT SETTING,USE EVENT SETTING,USE EVENT SETTING,USE EVENT SETTING,USE EVENT SETTING,USE EVENT SETTING,USE EVENT SETTING,USE EVENT SETTING,USE EVENT SETTING,USE EVENT SETTING,USE EVENT SETTING,User performing the load,false,false,,,,,false,false,false,AGG.University@dummydata.com,USE EVENT SETTING,USE EVENT SETTING,0,0,
Compliance_LIVE Fire Extinguisher Training_MO,Compliance_LIVE Fire Extinguisher Training_MO-0115,2023-04-04 11:00:00,2023-04-04 12:15:00,,9,1,Offering of LIVE Fire Extinguisher Training,Bldg_1_Room_102,,,,,USE EVENT SETTING,ILT Content,USE EVENT SETTING,USE EVENT SETTING,1,USE EVENT SETTING,USE EVENT SETTING,3.0,10.0,4500.0,1,No Email,1,USE EVENT SETTING,USE EVENT SETTING,USE EVENT SETTING,USE EVENT SETTING,USE EVENT SETTING,USE EVENT SETTING,USE EVENT SETTING,USE EVENT SETTING,USE EVENT SETTING,USE EVENT SETTING,USE EVENT SETTING,User performing the load,false,false,,,,,false,false,false,AGG.University@dummydata.com,USE EVENT SETTING,USE EVENT SETTING,0,0,
Compliance_LIVE Fire Extinguisher Training_MO,Compliance_LIVE Fire Extinguisher Training_MO-0116,2023-04-04 12:30:00,2023-04-04 13:45:00,,9,1,Offering of LIVE Fire Extinguisher Training,Bldg_1_Room_102,,,,,USE EVENT SETTING,ILT Content,USE EVENT SETTING,USE EVENT SETTING,1,USE EVENT SETTING,USE EVENT SETTING,3.0,10.0,4500.0,1,No Email,1,USE EVENT SETTING,USE EVENT SETTING,USE EVENT SETTING,USE EVENT SETTING,USE EVENT SETTING,USE EVENT SETTING,USE EVENT SETTING,USE EVENT SETTING,USE EVENT SETTING,USE EVENT SETTING,USE EVENT SETTING,User performing the load,false,false,,,,,false,false,false,AGG.University@dummydata.com,USE EVENT SETTING,USE EVENT SETTING,0,0,
Compliance_LIVE Fire Extinguisher Training_MO,Compliance_LIVE Fire Extinguisher Training_MO-0117,2023-04-04 19:00:00,2023-04-04 20:15:00,,9,1,Offering of LIVE Fire Extinguisher Training,Bldg_1_Room_102,,,,,USE EVENT SETTING,ILT Content,USE EVENT SETTING,USE EVENT SETTING,1,USE EVENT SETTING,USE EVENT SETTING,3.0,10.0,4500.0,1,No Email,1,USE EVENT SETTING,USE EVENT SETTING,USE EVENT SETTING,USE EVENT SETTING,USE EVENT SETTING,USE EVENT SETTING,USE EVENT SETTING,USE EVENT SETTING,USE EVENT SETTING,USE EVENT SETTING,USE EVENT SETTING,User performing the load,false,false,,,,,false,false,false,AGG.University@dummydata.com,USE EVENT SETTING,USE EVENT SETTING,0,0,
Compliance_LIVE Fire Extinguisher Training_MO,Compliance_LIVE Fire Extinguisher Training_MO-0118,2023-04-04 20:30:00,2023-04-04 21:45:00,,9,1,Offering of LIVE Fire Extinguisher Training,Bldg_1_Room_102,,,,,USE EVENT SETTING,ILT Content,USE EVENT SETTING,USE EVENT SETTING,1,USE EVENT SETTING,USE EVENT SETTING,3.0,10.0,4500.0,1,No Email,1,USE EVENT SETTING,USE EVENT SETTING,USE EVENT SETTING,USE EVENT SETTING,USE EVENT SETTING,USE EVENT SETTING,USE EVENT SETTING,USE EVENT SETTING,USE EVENT SETTING,USE EVENT SETTING,USE EVENT SETTING,User performing the load,false,false,,,,,false,false,false,AGG.University@dummydata.com,USE EVENT SETTING,USE EVENT SETTING,0,0,
Compliance_LIVE Fire Extinguisher Training_MO,Compliance_LIVE Fire Extinguisher Training_MO-0119,2023-04-04 14:00:00,2023-04-04 15:15:00,,9,1,Offering of LIVE Fire Extinguisher Training,Bldg_1_Room_102,,,,,USE EVENT SETTING,ILT Content,USE EVENT SETTING,USE EVENT SETTING,1,USE EVENT SETTING,USE EVENT SETTING,3.0,10.0,4500.0,1,No Email,1,USE EVENT SETTING,USE EVENT SETTING,USE EVENT SETTING,USE EVENT SETTING,USE EVENT SETTING,USE EVENT SETTING,USE EVENT SETTING,USE EVENT SETTING,USE EVENT SETTING,USE EVENT SETTING,USE EVENT SETTING,User performing the load,false,false,,,,,false,false,false,AGG.University@dummydata.com,USE EVENT SETTING,USE EVENT SETTING,0,0,
Compliance_LIVE Fire Extinguisher Training_MO,Compliance_LIVE Fire Extinguisher Training_MO-0121,2023-03-04 13:00:00,2023-03-04 14:15:00,,9,1,AGGNAI Offering of LIVE Fire Extinguisher Training,Bldg_1_Room_102,,,,,USE EVENT SETTING,ILT Content,USE EVENT SETTING,USE EVENT SETTING,1,USE EVENT SETTING,USE EVENT SETTING,3.0,10.0,4500.0,1,No Email,1,USE EVENT SETTING,USE EVENT SETTING,USE EVENT SETTING,USE EVENT SETTING,USE EVENT SETTING,USE EVENT SETTING,USE EVENT SETTING,USE EVENT SETTING,USE EVENT SETTING,USE EVENT SETTING,USE EVENT SETTING,User performing the load,false,false,,,,,false,false,false,AGG.University@dummydata.com,USE EVENT SETTING,USE EVENT SETTING,0,0,
Compliance_LIVE Fire Extinguisher Training_MO,Compliance_LIVE Fire Extinguisher Training_MO-0122,07/25/2023 11:00:00.000,07/25/2023 12:15:00.000,,9,1,Offering of LIVE Fire Extinguisher Training (Safety Department will Schedule Date & Time),Bldg_1_Room_102,,,,,USE EVENT SETTING,ILT Content,USE EVENT SETTING,USE EVENT SETTING,1,USE EVENT SETTING,USE EVENT SETTING,,,,1,No Email,1,USE EVENT SETTING,USE EVENT SETTING,USE EVENT SETTING,USE EVENT SETTING,USE EVENT SETTING,USE EVENT SETTING,USE EVENT SETTING,USE EVENT SETTING,USE EVENT SETTING,USE EVENT SETTING,USE EVENT SETTING,User performing the load,false,false,,,,,false,false,false,AGG.University@dummydata.com,USE EVENT SETTING,USE EVENT SETTING,0,0,
Compliance_LIVE Fire Extinguisher Training_MO,Compliance_LIVE Fire Extinguisher Training_MS-0001,03/31/2023 13:00:00.000,03/31/2023 14:15:00.000,,9,1,AGGMS Offering of LIVE Fire Extinguisher Training,Bldg_1_Room_102,,,,,USE EVENT SETTING,ILT Content,USE EVENT SETTING,USE EVENT SETTING,1,USE EVENT SETTING,USE EVENT SETTING,3.0,10.0,4500.0,1,No Email,1,USE EVENT SETTING,USE EVENT SETTING,USE EVENT SETTING,USE EVENT SETTING,USE EVENT SETTING,USE EVENT SETTING,USE EVENT SETTING,USE EVENT SETTING,USE EVENT SETTING,USE EVENT SETTING,USE EVENT SETTING,User performing the load,false,false,,,,,false,false,false,AGG.University@dummydata.com,USE EVENT SETTING,USE EVENT SETTING,0,0,
Compliance_Propane Fill Certification,Compliance_Propane Fill Certification-0002,2018-11-12 13:00:00,2018-11-12 17:00:00,,9,1,Offering of Propane Fill Certification,Bldg_1_Room_102,,,,,USE EVENT SETTING,ILT Content,USE EVENT SETTING,USE EVENT SETTING,1,USE EVENT SETTING,USE EVENT SETTING,10.0,25.0,10800.0,1,No Email,1,USE EVENT SETTING,USE EVENT SETTING,USE EVENT SETTING,USE EVENT SETTING,USE EVENT SETTING,USE EVENT SETTING,USE EVENT SETTING,USE EVENT SETTING,USE EVENT SETTING,USE EVENT SETTING,USE EVENT SETTING,User performing the load,false,false,,,,,false,false,false,AGG.University@dummydata.com,USE EVENT SETTING,USE EVENT SETTING,0,0,
Compliance_Propane Fill Certification,Compliance_Propane Fill Certification-0003,12/13/2018 13:00:00.000,12/13/2018 17:00:00.000,,9,1,Offering of Propane Fill Certification,Bldg_1_Room_102,,,,,USE EVENT SETTING,ILT Content,USE EVENT SETTING,USE EVENT SETTING,1,USE EVENT SETTING,USE EVENT SETTING,10.0,25.0,10800.0,1,No Email,1,USE EVENT SETTING,USE EVENT SETTING,USE EVENT SETTING,USE EVENT SETTING,USE EVENT SETTING,USE EVENT SETTING,USE EVENT SETTING,USE EVENT SETTING,USE EVENT SETTING,USE EVENT SETTING,USE EVENT SETTING,User performing the load,false,false,,,,,false,false,false,AGG.University@dummydata.com,USE EVENT SETTING,USE EVENT SETTING,0,0,
Compliance_Propane Fill Certification,Compliance_Propane Fill Certification-0004,01/16/2019 20:00:00.000,01/17/2019 00:00:00.000,,9,1,Offering of Propane Fill Certification,Bldg_1_Room_102,,,,,USE EVENT SETTING,ILT Content,USE EVENT SETTING,USE EVENT SETTING,1,USE EVENT SETTING,USE EVENT SETTING,10.0,25.0,10800.0,1,No Email,1,USE EVENT SETTING,USE EVENT SETTING,USE EVENT SETTING,USE EVENT SETTING,USE EVENT SETTING,USE EVENT SETTING,USE EVENT SETTING,USE EVENT SETTING,USE EVENT SETTING,USE EVENT SETTING,USE EVENT SETTING,User performing the load,false,false,,,,,false,false,false,AGG.University@dummydata.com,USE EVENT SETTING,USE EVENT SETTING,0,0,
Compliance_Propane Fill Certification,Compliance_Propane Fill Certification-0005,01/17/2019 20:00:00.000,01/18/2019 00:00:00.000,,9,1,Offering of Propane Fill Certification,Bldg_1_Room_102,,,,,USE EVENT SETTING,ILT Content,USE EVENT SETTING,USE EVENT SETTING,1,USE EVENT SETTING,USE EVENT SETTING,10.0,25.0,10800.0,1,No Email,1,USE EVENT SETTING,USE EVENT SETTING,USE EVENT SETTING,USE EVENT SETTING,USE EVENT SETTING,USE EVENT SETTING,USE EVENT SETTING,USE EVENT SETTING,USE EVENT SETTING,USE EVENT SETTING,USE EVENT SETTING,User performing the load,false,false,,,,,false,false,false,AGG.University@dummydata.com,USE EVENT SETTING,USE EVENT SETTING,0,0,
Compliance_Propane Fill Certification,Compliance_Propane Fill Certification-0006,2019-12-02 11:00:00,2019-12-02 15:00:00,,9,1,Offering of Propane Fill Certification,Bldg_1_Room_102,,,,,USE EVENT SETTING,ILT Content,USE EVENT SETTING,USE EVENT SETTING,1,USE EVENT SETTING,USE EVENT SETTING,10.0,25.0,10800.0,1,No Email,1,USE EVENT SETTING,USE EVENT SETTING,USE EVENT SETTING,USE EVENT SETTING,USE EVENT SETTING,USE EVENT SETTING,USE EVENT SETTING,USE EVENT SETTING,USE EVENT SETTING,USE EVENT SETTING,USE EVENT SETTING,User performing the load,false,false,,,,,false,false,false,AGG.University@dummydata.com,USE EVENT SETTING,USE EVENT SETTING,0,0,
Compliance_Propane Fill Certification,Compliance_Propane Fill Certification-0007,2019-06-03 13:00:00,2019-06-03 17:00:00,,9,1,Offering of Propane Fill Certification,Bldg_1_Room_102,,,,,USE EVENT SETTING,ILT Content,USE EVENT SETTING,USE EVENT SETTING,1,USE EVENT SETTING,USE EVENT SETTING,10.0,25.0,10800.0,1,No Email,1,USE EVENT SETTING,USE EVENT SETTING,USE EVENT SETTING,USE EVENT SETTING,USE EVENT SETTING,USE EVENT SETTING,USE EVENT SETTING,USE EVENT SETTING,USE EVENT SETTING,USE EVENT SETTING,USE EVENT SETTING,User performing the load,false,false,,,,,false,false,false,AGG.University@dummydata.com,USE EVENT SETTING,USE EVENT SETTING,0,0,
Compliance_Propane Fill Certification,Compliance_Propane Fill Certification-0008,2019-02-07 12:00:00,2019-02-07 16:00:00,,9,1,Offering of Propane Fill Certification,Bldg_1_Room_102,,,,,USE EVENT SETTING,ILT Content,USE EVENT SETTING,USE EVENT SETTING,1,USE EVENT SETTING,USE EVENT SETTING,6.0,25.0,14400.0,1,No Email,1,USE EVENT SETTING,USE EVENT SETTING,USE EVENT SETTING,USE EVENT SETTING,USE EVENT SETTING,USE EVENT SETTING,USE EVENT SETTING,USE EVENT SETTING,USE EVENT SETTING,USE EVENT SETTING,USE EVENT SETTING,User performing the load,false,false,,,,,false,false,false,AGG.University@dummydata.com,USE EVENT SETTING,USE EVENT SETTING,0,0,
Compliance_Propane Fill Certification,Compliance_Propane Fill Certification-0009,09/13/2019 12:00:00.000,09/13/2019 16:00:00.000,,9,1,Offering of Propane Fill Certification,Bldg_1_Room_102,,,,,USE EVENT SETTING,ILT Content,USE EVENT SETTING,USE EVENT SETTING,1,USE EVENT SETTING,USE EVENT SETTING,6.0,25.0,14400.0,1,No Email,1,USE EVENT SETTING,USE EVENT SETTING,USE EVENT SETTING,USE EVENT SETTING,USE EVENT SETTING,USE EVENT SETTING,USE EVENT SETTING,USE EVENT SETTING,USE EVENT SETTING,USE EVENT SETTING,USE EVENT SETTING,User performing the load,false,false,,,,,false,false,false,AGG.University@dummydata.com,USE EVENT SETTING,USE EVENT SETTING,0,0,
Compliance_Propane Fill Certification,Compliance_Propane Fill Certification-0010,2019-10-12 20:00:00,2019-11-12 00:00:00,,9,1,Offering of Propane Fill Certification,Bldg_1_Room_102,,,,,USE EVENT SETTING,ILT Content,USE EVENT SETTING,USE EVENT SETTING,1,USE EVENT SETTING,USE EVENT SETTING,6.0,25.0,14400.0,1,No Email,1,USE EVENT SETTING,USE EVENT SETTING,USE EVENT SETTING,USE EVENT SETTING,USE EVENT SETTING,USE EVENT SETTING,USE EVENT SETTING,USE EVENT SETTING,USE EVENT SETTING,USE EVENT SETTING,USE EVENT SETTING,User performing the load,false,false,,,,,false,false,false,AGG.University@dummydata.com,USE EVENT SETTING,USE EVENT SETTING,0,0,
Compliance_Propane Fill Certification,Compliance_Propane Fill Certification-0011,03/26/2020 12:00:00.000,03/26/2020 16:00:00.000,,9,1,Offering of Propane Fill Certification (CANCELLED),Bldg_1_Room_102,,,,,USE EVENT SETTING,ILT Content,USE EVENT SETTING,USE EVENT SETTING,1,USE EVENT SETTING,USE EVENT SETTING,6.0,25.0,14400.0,1,No Email,1,USE EVENT SETTING,USE EVENT SETTING,USE EVENT SETTING,USE EVENT SETTING,USE EVENT SETTING,USE EVENT SETTING,USE EVENT SETTING,USE EVENT SETTING,USE EVENT SETTING,USE EVENT SETTING,USE EVENT SETTING,User performing the load,false,false,,,,,false,false,false,AGG.University@dummydata.com,USE EVENT SETTING,USE EVENT SETTING,0,0,
Compliance_Propane Fill Certification,Compliance_Propane Fill Certification-0012,2020-11-11 13:00:00,2020-11-11 17:00:00,,9,1,Offering of Propane Fill Certification,Bldg_1_Room_102,,,,,USE EVENT SETTING,ILT Content,USE EVENT SETTING,USE EVENT SETTING,1,USE EVENT SETTING,USE EVENT SETTING,5.0,12.0,14400.0,1,No Email,1,USE EVENT SETTING,USE EVENT SETTING,USE EVENT SETTING,USE EVENT SETTING,USE EVENT SETTING,USE EVENT SETTING,USE EVENT SETTING,USE EVENT SETTING,USE EVENT SETTING,USE EVENT SETTING,USE EVENT SETTING,User performing the load,false,false,,,,,false,false,false,AGG.University@dummydata.com,USE EVENT SETTING,USE EVENT SETTING,0,0,
Compliance_Propane Fill Certification,Compliance_Propane Fill Certification-0013,2022-09-02 12:00:00,2022-09-02 16:00:00,,9,1,Offering of Propane Fill Certification (Canceled),Bldg_1_Room_102,,,,,USE EVENT SETTING,ILT Content,USE EVENT SETTING,USE EVENT SETTING,1,USE EVENT SETTING,USE EVENT SETTING,,12.0,14400.0,1,No Email,1,USE EVENT SETTING,USE EVENT SETTING,USE EVENT SETTING,USE EVENT SETTING,USE EVENT SETTING,USE EVENT SETTING,USE EVENT SETTING,USE EVENT SETTING,USE EVENT SETTING,USE EVENT SETTING,USE EVENT SETTING,User performing the load,false,false,,,,,false,false,false,AGG.University@dummydata.com,USE EVENT SETTING,USE EVENT SETTING,0,0,
Compliance_Propane Fill Certification,Compliance_Propane Fill Certification-0014,02/23/2022 12:00:00.000,02/23/2022 16:00:00.000,,9,1,Offering of Propane Fill Certification,Bldg_1_Room_102,,,,,USE EVENT SETTING,ILT Content,USE EVENT SETTING,USE EVENT SETTING,1,USE EVENT SETTING,USE EVENT SETTING,,12.0,,1,No Email,1,USE EVENT SETTING,USE EVENT SETTING,USE EVENT SETTING,USE EVENT SETTING,USE EVENT SETTING,USE EVENT SETTING,USE EVENT SETTING,USE EVENT SETTING,USE EVENT SETTING,USE EVENT SETTING,USE EVENT SETTING,User performing the load,false,false,,,,,false,false,false,AGG.University@dummydata.com,USE EVENT SETTING,USE EVENT SETTING,0,0,
Compliance_AGG Legal Compliance Training (ILT),Compliance_AGG Legal Compliance Training (ILT)-0001,04/29/2024 18:00:00.000,04/29/2024 19:00:00.000,,9,1,Offering of AGG Legal Compliance Training (ILT),Bldg_1_Room_102,angelaadmin,,,,USE EVENT SETTING,ILT Content,USE EVENT SETTING,USE EVENT SETTING,1,USE EVENT SETTING,USE EVENT SETTING,,,,1,No Email,1,USE EVENT SETTING,USE EVENT SETTING,USE EVENT SETTING,USE EVENT SETTING,USE EVENT SETTING,USE EVENT SETTING,USE EVENT SETTING,USE EVENT SETTING,USE EVENT SETTING,USE EVENT SETTING,USE EVENT SETTING,User performing the load,false,false,,,,,false,false,false,AGG.University@dummydata.com,USE EVENT SETTING,USE EVENT SETTING,0,0,
Compliance_AGG Legal Compliance Training (ILT),Compliance_AGG Legal Compliance Training (ILT)-0001,04/29/2024 18:00:00.000,04/29/2024 19:00:00.000,,9,1,Offering of AGG Legal Compliance Training (ILT),Bldg_1_Room_102,jenadmin,,,,USE EVENT SETTING,ILT Content,USE EVENT SETTING,USE EVENT SETTING,1,USE EVENT SETTING,USE EVENT SETTING,,,,1,No Email,1,USE EVENT SETTING,USE EVENT SETTING,USE EVENT SETTING,USE EVENT SETTING,USE EVENT SETTING,USE EVENT SETTING,USE EVENT SETTING,USE EVENT SETTING,USE EVENT SETTING,USE EVENT SETTING,USE EVENT SETTING,User performing the load,false,false,,,,,false,false,false,AGG.University@dummydata.com,USE EVENT SETTING,USE EVENT SETTING,0,0,
Compliance_AGG Legal Compliance Training (ILT),Compliance_AGG Legal Compliance Training (ILT)-0001,04/29/2024 18:00:00.000,04/29/2024 19:00:00.000,,9,1,Offering of AGG Legal Compliance Training (ILT),Bldg_1_Room_102,tyleradmin,,,,USE EVENT SETTING,ILT Content,USE EVENT SETTING,USE EVENT SETTING,1,USE EVENT SETTING,USE EVENT SETTING,,,,1,No Email,1,USE EVENT SETTING,USE EVENT SETTING,USE EVENT SETTING,USE EVENT SETTING,USE EVENT SETTING,USE EVENT SETTING,USE EVENT SETTING,USE EVENT SETTING,USE EVENT SETTING,USE EVENT SETTING,USE EVENT SETTING,User performing the load,false,false,,,,,false,false,false,AGG.University@dummydata.com,USE EVENT SETTING,USE EVENT SETTING,0,0,
"Computer & Software_Access 2010, Part 1","Computer & Software_Access 2010, Part 1 Class",01/31/2008 00:00:00.000,01/31/2008 01:00:00.000,,9,1,Microsoft Access 2010 Part 1 Class,Bldg_1_Room_102,,,,,USE EVENT SETTING,ILT Content,USE EVENT SETTING,USE EVENT SETTING,1,USE EVENT SETTING,USE EVENT SETTING,,,,1,No Email,1,USE EVENT SETTING,USE EVENT SETTING,USE EVENT SETTING,USE EVENT SETTING,USE EVENT SETTING,USE EVENT SETTING,USE EVENT SETTING,USE EVENT SETTING,USE EVENT SETTING,USE EVENT SETTING,USE EVENT SETTING,User performing the load,false,false,,,,,false,false,false,,USE EVENT SETTING,USE EVENT SETTING,0,0,
"Computer & Software_Access 2010, Part 2","Computer & Software_Access 2010, Part 2 Class",01/31/2008 00:00:00.000,01/31/2008 01:00:00.000,,9,1,Microsoft Access 2010 Part 2 Class,Bldg_1_Room_102,,,,,USE EVENT SETTING,ILT Content,USE EVENT SETTING,USE EVENT SETTING,1,USE EVENT SETTING,USE EVENT SETTING,,,,1,No Email,1,USE EVENT SETTING,USE EVENT SETTING,USE EVENT SETTING,USE EVENT SETTING,USE EVENT SETTING,USE EVENT SETTING,USE EVENT SETTING,USE EVENT SETTING,USE EVENT SETTING,USE EVENT SETTING,USE EVENT SETTING,User performing the load,false,false,,,,,false,false,false,,USE EVENT SETTING,USE EVENT SETTING,0,0,
Computer & Software_aPriori (vendor),Computer & Software_aPriori (vendor) Class,01/31/2008 00:00:00.000,01/31/2008 01:00:00.000,,9,1,aPriori Class,Bldg_1_Room_102,,,,,USE EVENT SETTING,ILT Content,USE EVENT SETTING,USE EVENT SETTING,1,USE EVENT SETTING,USE EVENT SETTING,,,,1,No Email,1,USE EVENT SETTING,USE EVENT SETTING,USE EVENT SETTING,USE EVENT SETTING,USE EVENT SETTING,USE EVENT SETTING,USE EVENT SETTING,USE EVENT SETTING,USE EVENT SETTING,USE EVENT SETTING,USE EVENT SETTING,User performing the load,false,false,,,,,false,false,false,,USE EVENT SETTING,USE EVENT SETTING,0,0,
Computer & Software_Excel (Chart & Graphs) (vendor),Computer & Software_Excel (Chart & Graphs) (vendor) Class,01/31/2008 00:00:00.000,01/31/2008 01:00:00.000,,9,1,Excel - Charts & Graphs Class,Bldg_1_Room_102,,,,,USE EVENT SETTING,ILT Content,USE EVENT SETTING,USE EVENT SETTING,1,USE EVENT SETTING,USE EVENT SETTING,,,,1,No Email,1,USE EVENT SETTING,USE EVENT SETTING,USE EVENT SETTING,USE EVENT SETTING,USE EVENT SETTING,USE EVENT SETTING,USE EVENT SETTING,USE EVENT SETTING,USE EVENT SETTING,USE EVENT SETTING,USE EVENT SETTING,User performing the load,false,false,,,,,false,false,false,,USE EVENT SETTING,USE EVENT SETTING,0,0,
Computer & Software_Excel Basics (vendor),Computer & Software_Excel Basics (vendor) Class,01/31/2008 00:00:00.000,01/31/2008 01:00:00.000,,9,1,Microsoft Excel Basics Class,Bldg_1_Room_102,,,,,USE EVENT SETTING,ILT Content,USE EVENT SETTING,USE EVENT SETTING,1,USE EVENT SETTING,USE EVENT SETTING,,,,1,No Email,1,USE EVENT SETTING,USE EVENT SETTING,USE EVENT SETTING,USE EVENT SETTING,USE EVENT SETTING,USE EVENT SETTING,USE EVENT SETTING,USE EVENT SETTING,USE EVENT SETTING,USE EVENT SETTING,USE EVENT SETTING,User performing the load,false,false,,,,,false,false,false,,USE EVENT SETTING,USE EVENT SETTING,0,0,
Computer & Software_Excel Formatting (vendor),Computer & Software_Excel Formatting (vendor) Class,01/31/2008 00:00:00.000,01/31/2008 01:00:00.000,,9,1,Microsoft Excel Formatting Class,Bldg_1_Room_102,,,,,USE EVENT SETTING,ILT Content,USE EVENT SETTING,USE EVENT SETTING,1,USE EVENT SETTING,USE EVENT SETTING,,,,1,No Email,1,USE EVENT SETTING,USE EVENT SETTING,USE EVENT SETTING,USE EVENT SETTING,USE EVENT SETTING,USE EVENT SETTING,USE EVENT SETTING,USE EVENT SETTING,USE EVENT SETTING,USE EVENT SETTING,USE EVENT SETTING,User performing the load,false,false,,,,,false,false,false,,USE EVENT SETTING,USE EVENT SETTING,0,0,
Computer & Software_Excel Formulas (vendor),Computer & Software_Excel Formulas (vendor) Class,01/31/2008 00:00:00.000,01/31/2008 01:00:00.000,,9,1,Microsoft Excel Formulas Class,Bldg_1_Room_102,,,,,USE EVENT SETTING,ILT Content,USE EVENT SETTING,USE EVENT SETTING,1,USE EVENT SETTING,USE EVENT SETTING,,,,1,No Email,1,USE EVENT SETTING,USE EVENT SETTING,USE EVENT SETTING,USE EVENT SETTING,USE EVENT SETTING,USE EVENT SETTING,USE EVENT SETTING,USE EVENT SETTING,USE EVENT SETTING,USE EVENT SETTING,USE EVENT SETTING,User performing the load,false,false,,,,,false,false,false,,USE EVENT SETTING,USE EVENT SETTING,0,0,
Computer & Software_Excel Graphing (vendor),Computer & Software_Excel Graphing (vendor) Class,01/31/2008 00:00:00.000,01/31/2008 01:00:00.000,,9,1,Microsoft Excel Graphing Class,Bldg_1_Room_102,,,,,USE EVENT SETTING,ILT Content,USE EVENT SETTING,USE EVENT SETTING,1,USE EVENT SETTING,USE EVENT SETTING,,,,1,No Email,1,USE EVENT SETTING,USE EVENT SETTING,USE EVENT SETTING,USE EVENT SETTING,USE EVENT SETTING,USE EVENT SETTING,USE EVENT SETTING,USE EVENT SETTING,USE EVENT SETTING,USE EVENT SETTING,USE EVENT SETTING,User performing the load,false,false,,,,,false,false,false,,USE EVENT SETTING,USE EVENT SETTING,0,0,
Computer & Software_JDE,Computer & Software_JDE Class,01/31/2008 00:00:00.000,01/31/2008 01:00:00.000,,9,1,JDE Class,Bldg_1_Room_102,,,,,USE EVENT SETTING,ILT Content,USE EVENT SETTING,USE EVENT SETTING,1,USE EVENT SETTING,USE EVENT SETTING,,,,1,No Email,1,USE EVENT SETTING,USE EVENT SETTING,USE EVENT SETTING,USE EVENT SETTING,USE EVENT SETTING,USE EVENT SETTING,USE EVENT SETTING,USE EVENT SETTING,USE EVENT SETTING,USE EVENT SETTING,USE EVENT SETTING,User performing the load,false,false,,,,,false,false,false,,USE EVENT SETTING,USE EVENT SETTING,0,0,
Computer & Software_Microsoft Outlook,Computer & Software_Microsoft Outlook Class,01/31/2008 00:00:00.000,01/31/2008 01:00:00.000,,9,1,Microsoft Outlook Class,Bldg_1_Room_102,,,,,USE EVENT SETTING,ILT Content,USE EVENT SETTING,USE EVENT SETTING,1,USE EVENT SETTING,USE EVENT SETTING,,,,1,No Email,1,USE EVENT SETTING,USE EVENT SETTING,USE EVENT SETTING,USE EVENT SETTING,USE EVENT SETTING,USE EVENT SETTING,USE EVENT SETTING,USE EVENT SETTING,USE EVENT SETTING,USE EVENT SETTING,USE EVENT SETTING,User performing the load,false,false,,,,,false,false,false,,USE EVENT SETTING,USE EVENT SETTING,0,0,
"Computer & Software_Project 2010, Level 1 (vendor)","Computer & Software_Project 2010, Level 1 (vendor) Class",01/31/2008 00:00:00.000,01/31/2008 01:00:00.000,,9,1,Microsoft Project 2010 Level 1 Class,Bldg_1_Room_102,,,,,USE EVENT SETTING,ILT Content,USE EVENT SETTING,USE EVENT SETTING,1,USE EVENT SETTING,USE EVENT SETTING,,,,1,No Email,1,USE EVENT SETTING,USE EVENT SETTING,USE EVENT SETTING,USE EVENT SETTING,USE EVENT SETTING,USE EVENT SETTING,USE EVENT SETTING,USE EVENT SETTING,USE EVENT SETTING,USE EVENT SETTING,USE EVENT SETTING,User performing the load,false,false,,,,,false,false,false,,USE EVENT SETTING,USE EVENT SETTING,0,0,
"Computer & Software_Project 2010, Level 2 (vendor)","Computer & Software_Project 2010, Level 2 (vendor) Class",01/31/2008 00:00:00.000,01/31/2008 01:00:00.000,,9,1,Microsoft Project 2010 Level 2 Class,Bldg_1_Room_102,,,,,USE EVENT SETTING,ILT Content,USE EVENT SETTING,USE EVENT SETTING,1,USE EVENT SETTING,USE EVENT SETTING,,,,1,No Email,1,USE EVENT SETTING,USE EVENT SETTING,USE EVENT SETTING,USE EVENT SETTING,USE EVENT SETTING,USE EVENT SETTING,USE EVENT SETTING,USE EVENT SETTING,USE EVENT SETTING,USE EVENT SETTING,USE EVENT SETTING,User performing the load,false,false,,,,,false,false,false,,USE EVENT SETTING,USE EVENT SETTING,0,0,
Computer & Software_Shop Floor Data Entry,Computer & Software_Shop Floor Data Entry Class,01/31/2008 00:00:00.000,01/31/2008 01:00:00.000,,9,1,Shop Floor Data Entry Class,Bldg_1_Room_102,,,,,USE EVENT SETTING,ILT Content,USE EVENT SETTING,USE EVENT SETTING,1,USE EVENT SETTING,USE EVENT SETTING,,,,1,No Email,1,USE EVENT SETTING,USE EVENT SETTING,USE EVENT SETTING,USE EVENT SETTING,USE EVENT SETTING,USE EVENT SETTING,USE EVENT SETTING,USE EVENT SETTING,USE EVENT SETTING,USE EVENT SETTING,USE EVENT SETTING,User performing the load,false,false,,,,,false,false,false,,USE EVENT SETTING,USE EVENT SETTING,0,0,
Computer Skills_Excel Basic,Computer_Excel Basic-0001,11/26/2018 13:30:00.000,11/30/2018 15:30:00.000,,9,1,Offering of Excel Basic 10-Hour Certification,Bldg_1_Room_102,,,,,USE EVENT SETTING,ILT Content,USE EVENT SETTING,USE EVENT SETTING,1,USE EVENT SETTING,USE EVENT SETTING,6.0,15.0,36000.0,1,No Email,1,USE EVENT SETTING,USE EVENT SETTING,USE EVENT SETTING,USE EVENT SETTING,USE EVENT SETTING,USE EVENT SETTING,USE EVENT SETTING,USE EVENT SETTING,USE EVENT SETTING,USE EVENT SETTING,USE EVENT SETTING,User performing the load,false,false,,,,,false,false,false,AGG.University@dummydata.com,USE EVENT SETTING,USE EVENT SETTING,0,0,
Computer Skills_Excel Basic,Computer_Excel Basic-0001,11/26/2018 13:30:00.000,01/14/2019 22:00:00.000,,9,1,TEST Offering of Excel Basic 10-Hour Certification,Bldg_1_Room_102,,,,,USE EVENT SETTING,ILT Content,USE EVENT SETTING,USE EVENT SETTING,1,USE EVENT SETTING,USE EVENT SETTING,,15.0,36000.0,1,No Email,1,USE EVENT SETTING,USE EVENT SETTING,USE EVENT SETTING,USE EVENT SETTING,USE EVENT SETTING,USE EVENT SETTING,USE EVENT SETTING,USE EVENT SETTING,USE EVENT SETTING,USE EVENT SETTING,USE EVENT SETTING,User performing the load,false,false,,,,,false,false,false,AGG.University@dummydata.com,USE EVENT SETTING,USE EVENT SETTING,0,0,
Computer Skills_Excel Basic,Computer_Excel Basic-0010,03/18/2019 00:30:00.000,03/22/2019 02:30:00.000,,9,1,Offering of Excel Basic 10-Hour Certification,Bldg_1_Room_102,,,,,USE EVENT SETTING,ILT Content,USE EVENT SETTING,USE EVENT SETTING,1,USE EVENT SETTING,USE EVENT SETTING,6.0,15.0,36000.0,1,No Email,1,USE EVENT SETTING,USE EVENT SETTING,USE EVENT SETTING,USE EVENT SETTING,USE EVENT SETTING,USE EVENT SETTING,USE EVENT SETTING,USE EVENT SETTING,USE EVENT SETTING,USE EVENT SETTING,USE EVENT SETTING,User performing the load,false,false,,,,,false,false,false,AGG.University@dummydata.com,USE EVENT SETTING,USE EVENT SETTING,0,0,
Computer Skills_Excel Basic,Computer_Excel Basic-0011,2019-04-02 20:00:00,2019-08-02 22:00:00,,9,1,Offering of Excel Basic 10-Hour Certification,Bldg_1_Room_102,,,,,USE EVENT SETTING,ILT Content,USE EVENT SETTING,USE EVENT SETTING,1,USE EVENT SETTING,USE EVENT SETTING,6.0,15.0,36000.0,1,No Email,1,USE EVENT SETTING,USE EVENT SETTING,USE EVENT SETTING,USE EVENT SETTING,USE EVENT SETTING,USE EVENT SETTING,USE EVENT SETTING,USE EVENT SETTING,USE EVENT SETTING,USE EVENT SETTING,USE EVENT SETTING,User performing the load,false,false,,,,,false,false,false,AGG.University@dummydata.com,USE EVENT SETTING,USE EVENT SETTING,0,0,
Computer Skills_Excel Intermediate,Computer & Software_Excel Intermediate-0001,03/25/2019 12:30:00.000,03/29/2019 14:30:00.000,,9,1,Offering of Excel Intermediate 10-Hour Certification,Bldg_1_Room_102,,,,,USE EVENT SETTING,ILT Content,USE EVENT SETTING,USE EVENT SETTING,1,USE EVENT SETTING,USE EVENT SETTING,6.0,15.0,36000.0,1,No Email,1,USE EVENT SETTING,USE EVENT SETTING,USE EVENT SETTING,USE EVENT SETTING,USE EVENT SETTING,USE EVENT SETTING,USE EVENT SETTING,USE EVENT SETTING,USE EVENT SETTING,USE EVENT SETTING,USE EVENT SETTING,User performing the load,false,false,,,,,false,false,false,AGG.University@toyoda.gosei.com,USE EVENT SETTING,USE EVENT SETTING,0,0,
Computer Skills_Excel Intermediate,Computer & Software_Excel Intermediate-0002,2019-01-04 00:30:00,2019-05-04 02:30:00,,9,1,Offering of Excel Intermediate 10-Hour Certification,Bldg_1_Room_102,,,,,USE EVENT SETTING,ILT Content,USE EVENT SETTING,USE EVENT SETTING,1,USE EVENT SETTING,USE EVENT SETTING,6.0,15.0,36000.0,1,No Email,1,USE EVENT SETTING,USE EVENT SETTING,USE EVENT SETTING,USE EVENT SETTING,USE EVENT SETTING,USE EVENT SETTING,USE EVENT SETTING,USE EVENT SETTING,USE EVENT SETTING,USE EVENT SETTING,USE EVENT SETTING,User performing the load,false,false,,,,,false,false,false,AGG.University@toyoda.gosei.com,USE EVENT SETTING,USE EVENT SETTING,0,0,
Computer Skills_Excel Intermediate,Computer & Software_Excel Intermediate-0003,2019-11-02 20:00:00,02/15/2019 22:00:00.000,,9,1,Offering of Excel Intermediate 10-Hour Certification,Bldg_1_Room_102,,,,,USE EVENT SETTING,ILT Content,USE EVENT SETTING,USE EVENT SETTING,1,USE EVENT SETTING,USE EVENT SETTING,6.0,15.0,36000.0,1,No Email,1,USE EVENT SETTING,USE EVENT SETTING,USE EVENT SETTING,USE EVENT SETTING,USE EVENT SETTING,USE EVENT SETTING,USE EVENT SETTING,USE EVENT SETTING,USE EVENT SETTING,USE EVENT SETTING,USE EVENT SETTING,User performing the load,false,false,,,,,false,false,false,AGG.University@toyoda.gosei.com,USE EVENT SETTING,USE EVENT SETTING,0,0,
Computer Skills_Excel Intermediate,Computer & Software_Excel Intermediate-0004,04/29/2019 12:30:00.000,2019-03-05 14:30:00,,9,1,Offering of Excel Intermediate 10-Hour Certification,Bldg_1_Room_102,,,,,USE EVENT SETTING,ILT Content,USE EVENT SETTING,USE EVENT SETTING,1,USE EVENT SETTING,USE EVENT SETTING,6.0,10.0,36000.0,1,No Email,1,USE EVENT SETTING,USE EVENT SETTING,USE EVENT SETTING,USE EVENT SETTING,USE EVENT SETTING,USE EVENT SETTING,USE EVENT SETTING,USE EVENT SETTING,USE EVENT SETTING,USE EVENT SETTING,USE EVENT SETTING,User performing the load,false,false,,,,,false,false,false,AGG.University@toyoda.gosei.com,USE EVENT SETTING,USE EVENT SETTING,0,0,
Computer_ Filehold Leadership Core (AGGU),Computer_ Filehold Leadership Core (AGGU) Class,01/31/2008 00:00:00.000,01/31/2008 01:00:00.000,,9,1,FileHold - Level II Class,Bldg_1_Room_102,,,,,USE EVENT SETTING,ILT Content,USE EVENT SETTING,USE EVENT SETTING,1,USE EVENT SETTING,USE EVENT SETTING,,,,1,No Email,1,USE EVENT SETTING,USE EVENT SETTING,USE EVENT SETTING,USE EVENT SETTING,USE EVENT SETTING,USE EVENT SETTING,USE EVENT SETTING,USE EVENT SETTING,USE EVENT SETTING,USE EVENT SETTING,USE EVENT SETTING,User performing the load,false,false,,,,,false,false,false,,USE EVENT SETTING,USE EVENT SETTING,0,0,
Computer_ADP (eTime dept tracking),Computer_ADP (eTime dept tracking) Class,01/31/2008 00:00:00.000,01/31/2008 01:00:00.000,,9,1,ADP (eTime dept tracking) Class,Bldg_1_Room_102,,,,,USE EVENT SETTING,ILT Content,USE EVENT SETTING,USE EVENT SETTING,1,USE EVENT SETTING,USE EVENT SETTING,,,,1,No Email,1,USE EVENT SETTING,USE EVENT SETTING,USE EVENT SETTING,USE EVENT SETTING,USE EVENT SETTING,USE EVENT SETTING,USE EVENT SETTING,USE EVENT SETTING,USE EVENT SETTING,USE EVENT SETTING,USE EVENT SETTING,User performing the load,false,false,,,,,false,false,false,,USE EVENT SETTING,USE EVENT SETTING,0,0,
Computer_FileHold,Computer_FileHold Class,01/31/2008 00:00:00.000,01/31/2008 01:00:00.000,,9,1,FileHold Class,Bldg_1_Room_102,,,,,USE EVENT SETTING,ILT Content,USE EVENT SETTING,USE EVENT SETTING,1,USE EVENT SETTING,USE EVENT SETTING,,,,1,No Email,1,USE EVENT SETTING,USE EVENT SETTING,USE EVENT SETTING,USE EVENT SETTING,USE EVENT SETTING,USE EVENT SETTING,USE EVENT SETTING,USE EVENT SETTING,USE EVENT SETTING,USE EVENT SETTING,USE EVENT SETTING,User performing the load,false,false,,,,,false,false,false,,USE EVENT SETTING,USE EVENT SETTING,0,0,
Construction Technology (vendor),Construction Technology (vendor) Class,01/31/2008 00:00:00.000,01/31/2008 01:00:00.000,,9,1,1000 Hours Training Construction Technology Class,Bldg_1_Room_102,,,,,USE EVENT SETTING,ILT Content,USE EVENT SETTING,USE EVENT SETTING,1,USE EVENT SETTING,USE EVENT SETTING,,,,1,No Email,1,USE EVENT SETTING,USE EVENT SETTING,USE EVENT SETTING,USE EVENT SETTING,USE EVENT SETTING,USE EVENT SETTING,USE EVENT SETTING,USE EVENT SETTING,USE EVENT SETTING,USE EVENT SETTING,USE EVENT SETTING,User performing the load,false,false,,,,,false,false,false,,USE EVENT SETTING,USE EVENT SETTING,0,0,
Core_Ashram (AGGU),Core_Ashram (AGGU) Class,01/31/2008 00:00:00.000,01/31/2008 01:00:00.000,,9,1,Ashram Training Class,Bldg_1_Room_102,,,,,USE EVENT SETTING,ILT Content,USE EVENT SETTING,USE EVENT SETTING,1,USE EVENT SETTING,USE EVENT SETTING,,,,1,No Email,1,USE EVENT SETTING,USE EVENT SETTING,USE EVENT SETTING,USE EVENT SETTING,USE EVENT SETTING,USE EVENT SETTING,USE EVENT SETTING,USE EVENT SETTING,USE EVENT SETTING,USE EVENT SETTING,USE EVENT SETTING,User performing the load,false,false,,,,,false,false,false,,USE EVENT SETTING,USE EVENT SETTING,0,0,
Dimensional Repeatability (vendor),Dimensional Repeatability (vendor) Class,01/31/2008 00:00:00.000,01/31/2008 01:00:00.000,,9,1,Dimensional Repeatability Class,Bldg_1_Room_102,,,,,USE EVENT SETTING,ILT Content,USE EVENT SETTING,USE EVENT SETTING,1,USE EVENT SETTING,USE EVENT SETTING,,,,1,No Email,1,USE EVENT SETTING,USE EVENT SETTING,USE EVENT SETTING,USE EVENT SETTING,USE EVENT SETTING,USE EVENT SETTING,USE EVENT SETTING,USE EVENT SETTING,USE EVENT SETTING,USE EVENT SETTING,USE EVENT SETTING,User performing the load,false,false,,,,,false,false,false,,USE EVENT SETTING,USE EVENT SETTING,0,0,
EE1600 (College Transcript),EE1600 (College Transcript) Class,01/31/2008 00:00:00.000,01/31/2008 01:00:00.000,,9,1,Practical Electronics II Class,Bldg_1_Room_102,,,,,USE EVENT SETTING,ILT Content,USE EVENT SETTING,USE EVENT SETTING,1,USE EVENT SETTING,USE EVENT SETTING,,,,1,No Email,1,USE EVENT SETTING,USE EVENT SETTING,USE EVENT SETTING,USE EVENT SETTING,USE EVENT SETTING,USE EVENT SETTING,USE EVENT SETTING,USE EVENT SETTING,USE EVENT SETTING,USE EVENT SETTING,USE EVENT SETTING,User performing the load,false,false,,,,,false,false,false,,USE EVENT SETTING,USE EVENT SETTING,0,0,
EEE 1500 (College Transcript),EEE 1500 (College Transcript) Class,01/31/2008 00:00:00.000,01/31/2008 01:00:00.000,,9,1,Basic Electronics Class,Bldg_1_Room_102,,,,,USE EVENT SETTING,ILT Content,USE EVENT SETTING,USE EVENT SETTING,1,USE EVENT SETTING,USE EVENT SETTING,,,,1,No Email,1,USE EVENT SETTING,USE EVENT SETTING,USE EVENT SETTING,USE EVENT SETTING,USE EVENT SETTING,USE EVENT SETTING,USE EVENT SETTING,USE EVENT SETTING,USE EVENT SETTING,USE EVENT SETTING,USE EVENT SETTING,User performing the load,false,false,,,,,false,false,false,,USE EVENT SETTING,USE EVENT SETTING,0,0,
EEE 1550 (College Transcript),EEE 1550 (College Transcript) Class,01/31/2008 00:00:00.000,01/31/2008 01:00:00.000,,9,1,Electrical Systems Class,Bldg_1_Room_102,,,,,USE EVENT SETTING,ILT Content,USE EVENT SETTING,USE EVENT SETTING,1,USE EVENT SETTING,USE EVENT SETTING,,,,1,No Email,1,USE EVENT SETTING,USE EVENT SETTING,USE EVENT SETTING,USE EVENT SETTING,USE EVENT SETTING,USE EVENT SETTING,USE EVENT SETTING,USE EVENT SETTING,USE EVENT SETTING,USE EVENT SETTING,USE EVENT SETTING,User performing the load,false,false,,,,,false,false,false,,USE EVENT SETTING,USE EVENT SETTING,0,0,
EEE 1580 (College Transcript),EEE 1580 (College Transcript) Class,01/31/2008 00:00:00.000,01/31/2008 01:00:00.000,,9,1,Practical Electronics I Class,Bldg_1_Room_102,,,,,USE EVENT SETTING,ILT Content,USE EVENT SETTING,USE EVENT SETTING,1,USE EVENT SETTING,USE EVENT SETTING,,,,1,No Email,1,USE EVENT SETTING,USE EVENT SETTING,USE EVENT SETTING,USE EVENT SETTING,USE EVENT SETTING,USE EVENT SETTING,USE EVENT SETTING,USE EVENT SETTING,USE EVENT SETTING,USE EVENT SETTING,USE EVENT SETTING,User performing the load,false,false,,,,,false,false,false,,USE EVENT SETTING,USE EVENT SETTING,0,0,
EEE 2000 (College Transcript),EEE 2000 (College Transcript) Class,01/31/2008 00:00:00.000,01/31/2008 01:00:00.000,,9,1,Solid State Electronics Class,Bldg_1_Room_102,,,,,USE EVENT SETTING,ILT Content,USE EVENT SETTING,USE EVENT SETTING,1,USE EVENT SETTING,USE EVENT SETTING,,,,1,No Email,1,USE EVENT SETTING,USE EVENT SETTING,USE EVENT SETTING,USE EVENT SETTING,USE EVENT SETTING,USE EVENT SETTING,USE EVENT SETTING,USE EVENT SETTING,USE EVENT SETTING,USE EVENT SETTING,USE EVENT SETTING,User performing the load,false,false,,,,,false,false,false,,USE EVENT SETTING,USE EVENT SETTING,0,0,
EEE1710 (College Transcripts),EEE1710 (College Transcripts) Class,01/31/2008 00:00:00.000,01/31/2008 01:00:00.000,,9,1,National Electrical Code Class,Bldg_1_Room_102,,,,,USE EVENT SETTING,ILT Content,USE EVENT SETTING,USE EVENT SETTING,1,USE EVENT SETTING,USE EVENT SETTING,,,,1,No Email,1,USE EVENT SETTING,USE EVENT SETTING,USE EVENT SETTING,USE EVENT SETTING,USE EVENT SETTING,USE EVENT SETTING,USE EVENT SETTING,USE EVENT SETTING,USE EVENT SETTING,USE EVENT SETTING,USE EVENT SETTING,User performing the load,false,false,,,,,false,false,false,,USE EVENT SETTING,USE EVENT SETTING,0,0,
EMT (vendor),EMT (vendor) Class,01/31/2008 00:00:00.000,01/31/2008 01:00:00.000,,9,1,Emergency Medical Technician Class,Bldg_1_Room_102,,,,,USE EVENT SETTING,ILT Content,USE EVENT SETTING,USE EVENT SETTING,1,USE EVENT SETTING,USE EVENT SETTING,,,,1,No Email,1,USE EVENT SETTING,USE EVENT SETTING,USE EVENT SETTING,USE EVENT SETTING,USE EVENT SETTING,USE EVENT SETTING,USE EVENT SETTING,USE EVENT SETTING,USE EVENT SETTING,USE EVENT SETTING,USE EVENT SETTING,User performing the load,false,false,,,,,false,false,false,,USE EVENT SETTING,USE EVENT SETTING,0,0,
Essentials & Coaching (MAC),Essentials & Coaching (MAC) Class,01/31/2008 00:00:00.000,01/31/2008 01:00:00.000,,9,1,"Essentials of Leadership, Coaching for Success, Coaching for Improvement, Managing Performance Problems, and Resolving Conflict Class",Bldg_1_Room_102,,,,,USE EVENT SETTING,ILT Content,USE EVENT SETTING,USE EVENT SETTING,1,USE EVENT SETTING,USE EVENT SETTING,,,,1,No Email,1,USE EVENT SETTING,USE EVENT SETTING,USE EVENT SETTING,USE EVENT SETTING,USE EVENT SETTING,USE EVENT SETTING,USE EVENT SETTING,USE EVENT SETTING,USE EVENT SETTING,USE EVENT SETTING,USE EVENT SETTING,User performing the load,false,false,,,,,false,false,false,,USE EVENT SETTING,USE EVENT SETTING,0,0,
Fanuc (vendor),Fanuc (vendor) Class,01/31/2008 00:00:00.000,01/31/2008 01:00:00.000,,9,1,SpotTool Operation and Programming with Servo Gun Class,Bldg_1_Room_102,,,,,USE EVENT SETTING,ILT Content,USE EVENT SETTING,USE EVENT SETTING,1,USE EVENT SETTING,USE EVENT SETTING,,,,1,No Email,1,USE EVENT SETTING,USE EVENT SETTING,USE EVENT SETTING,USE EVENT SETTING,USE EVENT SETTING,USE EVENT SETTING,USE EVENT SETTING,USE EVENT SETTING,USE EVENT SETTING,USE EVENT SETTING,USE EVENT SETTING,User performing the load,false,false,,,,,false,false,false,,USE EVENT SETTING,USE EVENT SETTING,0,0,
GNST-100-B70DL (College Transcript),GNST-100-B70DL (College Transcript) Class,01/31/2008 00:00:00.000,01/31/2008 01:00:00.000,,9,1,Foundations Student Class,Bldg_1_Room_102,,,,,USE EVENT SETTING,ILT Content,USE EVENT SETTING,USE EVENT SETTING,1,USE EVENT SETTING,USE EVENT SETTING,,,,1,No Email,1,USE EVENT SETTING,USE EVENT SETTING,USE EVENT SETTING,USE EVENT SETTING,USE EVENT SETTING,USE EVENT SETTING,USE EVENT SETTING,USE EVENT SETTING,USE EVENT SETTING,USE EVENT SETTING,USE EVENT SETTING,User performing the load,false,false,,,,,false,false,false,,USE EVENT SETTING,USE EVENT SETTING,0,0,
guest_computer skills_basic,guest_computer skills_basic-0001,2020-05-06 13:35:00,2020-05-06 15:35:00,,9,1,Offering of Excel Basic 10 Hour Certification (GUEST),Bldg_1_Room_102,,,,,USE EVENT SETTING,ILT Content,USE EVENT SETTING,USE EVENT SETTING,1,USE EVENT SETTING,USE EVENT SETTING,,10.0,7200.0,1,No Email,1,USE EVENT SETTING,USE EVENT SETTING,USE EVENT SETTING,USE EVENT SETTING,USE EVENT SETTING,USE EVENT SETTING,USE EVENT SETTING,USE EVENT SETTING,USE EVENT SETTING,USE EVENT SETTING,USE EVENT SETTING,User performing the load,false,false,,,,,false,false,false,,USE EVENT SETTING,USE EVENT SETTING,0,0,
Haz Waste Personnel (vendor),Haz Waste Personnel (vendor) Class,01/31/2008 00:00:00.000,01/31/2008 01:00:00.000,,9,1,Hazardous Waste Personnel and Emergency Response Training Class,Bldg_1_Room_102,,,,,USE EVENT SETTING,ILT Content,USE EVENT SETTING,USE EVENT SETTING,1,USE EVENT SETTING,USE EVENT SETTING,,,,1,No Email,1,USE EVENT SETTING,USE EVENT SETTING,USE EVENT SETTING,USE EVENT SETTING,USE EVENT SETTING,USE EVENT SETTING,USE EVENT SETTING,USE EVENT SETTING,USE EVENT SETTING,USE EVENT SETTING,USE EVENT SETTING,User performing the load,false,false,,,,,false,false,false,,USE EVENT SETTING,USE EVENT SETTING,0,0,
HAZMAT 40 (vendor),HAZMAT 40 (vendor) Class,01/31/2008 00:00:00.000,01/31/2008 01:00:00.000,,9,1,HAZMAT 40 (1st Environmental Information Systems) Class,Bldg_1_Room_102,,,,,USE EVENT SETTING,ILT Content,USE EVENT SETTING,USE EVENT SETTING,1,USE EVENT SETTING,USE EVENT SETTING,,,,1,No Email,1,USE EVENT SETTING,USE EVENT SETTING,USE EVENT SETTING,USE EVENT SETTING,USE EVENT SETTING,USE EVENT SETTING,USE EVENT SETTING,USE EVENT SETTING,USE EVENT SETTING,USE EVENT SETTING,USE EVENT SETTING,User performing the load,false,false,,,,,false,false,false,,USE EVENT SETTING,USE EVENT SETTING,0,0,
Health & Well-Being_Health Perspectives (AGGU),Health & Well-Being_Health Perspectives (AGGU) Class,01/31/2008 00:00:00.000,01/31/2008 01:00:00.000,,9,1,Health Perspectives & Your Fitness Class,Bldg_1_Room_102,,,,,USE EVENT SETTING,ILT Content,USE EVENT SETTING,USE EVENT SETTING,1,USE EVENT SETTING,USE EVENT SETTING,,,,1,No Email,1,USE EVENT SETTING,USE EVENT SETTING,USE EVENT SETTING,USE EVENT SETTING,USE EVENT SETTING,USE EVENT SETTING,USE EVENT SETTING,USE EVENT SETTING,USE EVENT SETTING,USE EVENT SETTING,USE EVENT SETTING,User performing the load,false,false,,,,,false,false,false,,USE EVENT SETTING,USE EVENT SETTING,0,0,
How the Steel Market Works Training (vendor),How the Steel Market Works Training (vendor) Class,01/31/2008 00:00:00.000,01/31/2008 01:00:00.000,,9,1,How the Steel Market Works Training Class,Bldg_1_Room_102,,,,,USE EVENT SETTING,ILT Content,USE EVENT SETTING,USE EVENT SETTING,1,USE EVENT SETTING,USE EVENT SETTING,,,,1,No Email,1,USE EVENT SETTING,USE EVENT SETTING,USE EVENT SETTING,USE EVENT SETTING,USE EVENT SETTING,USE EVENT SETTING,USE EVENT SETTING,USE EVENT SETTING,USE EVENT SETTING,USE EVENT SETTING,USE EVENT SETTING,User performing the load,false,false,,,,,false,false,false,,USE EVENT SETTING,USE EVENT SETTING,0,0,
Influential Leadership Workshop (MAC),Influential Leadership Workshop (MAC) Class,01/31/2008 00:00:00.000,01/31/2008 01:00:00.000,,9,1,Influential Leadership Workshop Class,Bldg_1_Room_102,,,,,USE EVENT SETTING,ILT Content,USE EVENT SETTING,USE EVENT SETTING,1,USE EVENT SETTING,USE EVENT SETTING,,,,1,No Email,1,USE EVENT SETTING,USE EVENT SETTING,USE EVENT SETTING,USE EVENT SETTING,USE EVENT SETTING,USE EVENT SETTING,USE EVENT SETTING,USE EVENT SETTING,USE EVENT SETTING,USE EVENT SETTING,USE EVENT SETTING,User performing the load,false,false,,,,,false,false,false,,USE EVENT SETTING,USE EVENT SETTING,0,0,
Injection_Injection Molding - Manf Technology (AGG: Tyler Watson),Injection_Injection Molding - Manf Technology (AGG: Tyler Watson) Class,01/31/2008 00:00:00.000,01/31/2008 01:00:00.000,,9,1,Injection Molding - Manufacturing Technology Class,Bldg_2_Room_207,,,,,USE EVENT SETTING,ILT Content,USE EVENT SETTING,USE EVENT SETTING,1,USE EVENT SETTING,USE EVENT SETTING,,,,1,No Email,1,USE EVENT SETTING,USE EVENT SETTING,USE EVENT SETTING,USE EVENT SETTING,USE EVENT SETTING,USE EVENT SETTING,USE EVENT SETTING,USE EVENT SETTING,USE EVENT SETTING,USE EVENT SETTING,USE EVENT SETTING,User performing the load,false,false,,,,,false,false,false,,USE EVENT SETTING,USE EVENT SETTING,0,0,
J2P0310 (vendor),J2P0310 (vendor) Class,01/31/2008 00:00:00.000,01/31/2008 01:00:00.000,,9,1,Handling Tool Operation and Programming Class,Bldg_2_Room_207,,,,,USE EVENT SETTING,ILT Content,USE EVENT SETTING,USE EVENT SETTING,1,USE EVENT SETTING,USE EVENT SETTING,,,,1,No Email,1,USE EVENT SETTING,USE EVENT SETTING,USE EVENT SETTING,USE EVENT SETTING,USE EVENT SETTING,USE EVENT SETTING,USE EVENT SETTING,USE EVENT SETTING,USE EVENT SETTING,USE EVENT SETTING,USE EVENT SETTING,User performing the load,false,false,,,,,false,false,false,,USE EVENT SETTING,USE EVENT SETTING,0,0,
Leadership Core: Excel (AGGU),Leadership Core: Excel (AGGU) Class,01/31/2008 00:00:00.000,01/31/2008 01:00:00.000,,9,1,Excel - Leadership Core Class,Bldg_2_Room_207,,,,,USE EVENT SETTING,ILT Content,USE EVENT SETTING,USE EVENT SETTING,1,USE EVENT SETTING,USE EVENT SETTING,,,,1,No Email,1,USE EVENT SETTING,USE EVENT SETTING,USE EVENT SETTING,USE EVENT SETTING,USE EVENT SETTING,USE EVENT SETTING,USE EVENT SETTING,USE EVENT SETTING,USE EVENT SETTING,USE EVENT SETTING,USE EVENT SETTING,User performing the load,false,false,,,,,false,false,false,,USE EVENT SETTING,USE EVENT SETTING,0,0,
Leadership Core: Outlook 2010 (AGGU),Leadership Core: Outlook 2010 (AGGU) Class,01/31/2008 00:00:00.000,01/31/2008 01:00:00.000,,9,1,Change Your Outlook on Outlook 2010 (session 2) Class,Bldg_2_Room_207,,,,,USE EVENT SETTING,ILT Content,USE EVENT SETTING,USE EVENT SETTING,1,USE EVENT SETTING,USE EVENT SETTING,,,,1,No Email,1,USE EVENT SETTING,USE EVENT SETTING,USE EVENT SETTING,USE EVENT SETTING,USE EVENT SETTING,USE EVENT SETTING,USE EVENT SETTING,USE EVENT SETTING,USE EVENT SETTING,USE EVENT SETTING,USE EVENT SETTING,User performing the load,false,false,,,,,false,false,false,,USE EVENT SETTING,USE EVENT SETTING,0,0,
Leadership Core: Praise (AGGU),Leadership Core: Praise (AGGU) Class,01/31/2008 00:00:00.000,01/31/2008 01:00:00.000,,9,1,Why Praise Can BackfireAnd How to Do it Right - Leadership Core Class,Bldg_2_Room_207,,,,,USE EVENT SETTING,ILT Content,USE EVENT SETTING,USE EVENT SETTING,1,USE EVENT SETTING,USE EVENT SETTING,,,,1,No Email,1,USE EVENT SETTING,USE EVENT SETTING,USE EVENT SETTING,USE EVENT SETTING,USE EVENT SETTING,USE EVENT SETTING,USE EVENT SETTING,USE EVENT SETTING,USE EVENT SETTING,USE EVENT SETTING,USE EVENT SETTING,User performing the load,false,false,,,,,false,false,false,,USE EVENT SETTING,USE EVENT SETTING,0,0,
Leadership: AGG Policies (AGGU),Leadership: AGG Policies (AGGU) Class,01/31/2008 00:00:00.000,01/31/2008 01:00:00.000,,9,1,Understanding AGG Policies: What Would You Do? - Leadership Core Class,Bldg_2_Room_207,,,,,USE EVENT SETTING,ILT Content,USE EVENT SETTING,USE EVENT SETTING,1,USE EVENT SETTING,USE EVENT SETTING,,,,1,No Email,1,USE EVENT SETTING,USE EVENT SETTING,USE EVENT SETTING,USE EVENT SETTING,USE EVENT SETTING,USE EVENT SETTING,USE EVENT SETTING,USE EVENT SETTING,USE EVENT SETTING,USE EVENT SETTING,USE EVENT SETTING,User performing the load,false,false,,,,,false,false,false,,USE EVENT SETTING,USE EVENT SETTING,0,0,
Leadership_ 5S+1Y I (AGGU),Leadership_AGGU 5S+1Y I (AGGU) Class,01/31/2008 00:00:00.000,01/31/2008 01:00:00.000,,9,1,5S+1Y I Class,Bldg_2_Room_207,,,,,USE EVENT SETTING,ILT Content,USE EVENT SETTING,USE EVENT SETTING,1,USE EVENT SETTING,USE EVENT SETTING,,,,1,No Email,1,USE EVENT SETTING,USE EVENT SETTING,USE EVENT SETTING,USE EVENT SETTING,USE EVENT SETTING,USE EVENT SETTING,USE EVENT SETTING,USE EVENT SETTING,USE EVENT SETTING,USE EVENT SETTING,USE EVENT SETTING,User performing the load,false,false,,,,,false,false,false,,USE EVENT SETTING,USE EVENT SETTING,0,0,
Leadership_4 Imperatives (MAC),Leadership_4 Imperatives (MAC) Class,01/31/2008 00:00:00.000,01/31/2008 01:00:00.000,,9,1,The Four Imperatives of Great Leaders Workshop Class,Bldg_2_Room_207,,,,,USE EVENT SETTING,ILT Content,USE EVENT SETTING,USE EVENT SETTING,1,USE EVENT SETTING,USE EVENT SETTING,,,,1,No Email,1,USE EVENT SETTING,USE EVENT SETTING,USE EVENT SETTING,USE EVENT SETTING,USE EVENT SETTING,USE EVENT SETTING,USE EVENT SETTING,USE EVENT SETTING,USE EVENT SETTING,USE EVENT SETTING,USE EVENT SETTING,User performing the load,false,false,,,,,false,false,false,,USE EVENT SETTING,USE EVENT SETTING,0,0,
Leadership_Delegating (MAC),Leadership_Delegating (MAC) Class,01/31/2008 00:00:00.000,01/31/2008 01:00:00.000,,9,1,Delegating with Purpose Class,Bldg_2_Room_207,,,,,USE EVENT SETTING,ILT Content,USE EVENT SETTING,USE EVENT SETTING,1,USE EVENT SETTING,USE EVENT SETTING,,,,1,No Email,1,USE EVENT SETTING,USE EVENT SETTING,USE EVENT SETTING,USE EVENT SETTING,USE EVENT SETTING,USE EVENT SETTING,USE EVENT SETTING,USE EVENT SETTING,USE EVENT SETTING,USE EVENT SETTING,USE EVENT SETTING,User performing the load,false,false,,,,,false,false,false,,USE EVENT SETTING,USE EVENT SETTING,0,0,
Leadership_DISC-LC (AGGU),Leadership_DISC-LC (AGGU) Class,01/31/2008 00:00:00.000,01/31/2008 01:00:00.000,,9,1,DISC Class,Bldg_2_Room_207,,,,,USE EVENT SETTING,ILT Content,USE EVENT SETTING,USE EVENT SETTING,1,USE EVENT SETTING,USE EVENT SETTING,,,,1,No Email,1,USE EVENT SETTING,USE EVENT SETTING,USE EVENT SETTING,USE EVENT SETTING,USE EVENT SETTING,USE EVENT SETTING,USE EVENT SETTING,USE EVENT SETTING,USE EVENT SETTING,USE EVENT SETTING,USE EVENT SETTING,User performing the load,false,false,,,,,false,false,false,,USE EVENT SETTING,USE EVENT SETTING,0,0,
Leadership_Driving Change (MAC),Leadership_Driving Change (MAC) Class,01/31/2008 00:00:00.000,01/31/2008 01:00:00.000,,9,1,Driving Change Class,Bldg_2_Room_207,,,,,USE EVENT SETTING,ILT Content,USE EVENT SETTING,USE EVENT SETTING,1,USE EVENT SETTING,USE EVENT SETTING,,,,1,No Email,1,USE EVENT SETTING,USE EVENT SETTING,USE EVENT SETTING,USE EVENT SETTING,USE EVENT SETTING,USE EVENT SETTING,USE EVENT SETTING,USE EVENT SETTING,USE EVENT SETTING,USE EVENT SETTING,USE EVENT SETTING,User performing the load,false,false,,,,,false,false,false,,USE EVENT SETTING,USE EVENT SETTING,0,0,
Leadership_Effective Communication -LC (AGGU),Leadership_Effective Communication -LC (AGGU) Class,01/31/2008 00:00:00.000,01/31/2008 01:00:00.000,,9,1,Effective Communication Class,Bldg_2_Room_207,,,,,USE EVENT SETTING,ILT Content,USE EVENT SETTING,USE EVENT SETTING,1,USE EVENT SETTING,USE EVENT SETTING,,,,1,No Email,1,USE EVENT SETTING,USE EVENT SETTING,USE EVENT SETTING,USE EVENT SETTING,USE EVENT SETTING,USE EVENT SETTING,USE EVENT SETTING,USE EVENT SETTING,USE EVENT SETTING,USE EVENT SETTING,USE EVENT SETTING,User performing the load,false,false,,,,,false,false,false,,USE EVENT SETTING,USE EVENT SETTING,0,0,
Leadership_Emotional Intelligence Training,Leadership_Emotional Intelligence Training-0001,10/23/2019 12:00:00.000,10/24/2019 16:00:00.000,,9,1,Offering of Emotional Intelligence Training,Bldg_2_Room_207,,,,,USE EVENT SETTING,ILT Content,USE EVENT SETTING,USE EVENT SETTING,1,USE EVENT SETTING,USE EVENT SETTING,,20.0,,1,No Email,1,USE EVENT SETTING,USE EVENT SETTING,USE EVENT SETTING,USE EVENT SETTING,USE EVENT SETTING,USE EVENT SETTING,USE EVENT SETTING,USE EVENT SETTING,USE EVENT SETTING,USE EVENT SETTING,USE EVENT SETTING,User performing the load,false,false,,,,,false,false,false,AGG.University@dummydata.com,USE EVENT SETTING,USE EVENT SETTING,0,0,
Leadership_Emotional Intelligence Training,Leadership_Emotional Intelligence Training-0002,10/23/2019 18:00:00.000,10/24/2019 22:00:00.000,,9,1,Offering of Emotional Intelligence Training,Bldg_2_Room_207,,,,,USE EVENT SETTING,ILT Content,USE EVENT SETTING,USE EVENT SETTING,1,USE EVENT SETTING,USE EVENT SETTING,,20.0,,1,No Email,1,USE EVENT SETTING,USE EVENT SETTING,USE EVENT SETTING,USE EVENT SETTING,USE EVENT SETTING,USE EVENT SETTING,USE EVENT SETTING,USE EVENT SETTING,USE EVENT SETTING,USE EVENT SETTING,USE EVENT SETTING,User performing the load,false,false,,,,,false,false,false,AGG.University@dummydata.com,USE EVENT SETTING,USE EVENT SETTING,0,0,
Leadership_Kanban I (AGGU),Leadership_Kanban I (AGGU) Class,01/31/2008 00:00:00.000,01/31/2008 01:00:00.000,,9,1,Kanban I Class,Bldg_2_Room_207,,,,,USE EVENT SETTING,ILT Content,USE EVENT SETTING,USE EVENT SETTING,1,USE EVENT SETTING,USE EVENT SETTING,,,,1,No Email,1,USE EVENT SETTING,USE EVENT SETTING,USE EVENT SETTING,USE EVENT SETTING,USE EVENT SETTING,USE EVENT SETTING,USE EVENT SETTING,USE EVENT SETTING,USE EVENT SETTING,USE EVENT SETTING,USE EVENT SETTING,User performing the load,false,false,,,,,false,false,false,,USE EVENT SETTING,USE EVENT SETTING,0,0,
Leadership_LMS Training for Managers,Leadership_LMS Training-0001,05/28/2019 20:00:00.000,05/28/2019 21:00:00.000,,9,1,Offering of LMS Training,Bldg_2_Room_207,87571,,,,USE EVENT SETTING,ILT Content,USE EVENT SETTING,USE EVENT SETTING,1,USE EVENT SETTING,USE EVENT SETTING,6.0,18.0,3600.0,1,No Email,1,USE EVENT SETTING,USE EVENT SETTING,USE EVENT SETTING,USE EVENT SETTING,USE EVENT SETTING,USE EVENT SETTING,USE EVENT SETTING,USE EVENT SETTING,USE EVENT SETTING,USE EVENT SETTING,USE EVENT SETTING,User performing the load,false,false,,,,,false,false,false,AGG.University@dummydata.com,USE EVENT SETTING,USE EVENT SETTING,0,0,
Leadership_LMS Training for Managers,Leadership_LMS Training-0002,05/29/2019 15:00:00.000,05/29/2019 16:00:00.000,,9,1,Offering of LMS Training,Bldg_2_Room_207,87571,,,,USE EVENT SETTING,ILT Content,USE EVENT SETTING,USE EVENT SETTING,1,USE EVENT SETTING,USE EVENT SETTING,6.0,18.0,3600.0,1,No Email,1,USE EVENT SETTING,USE EVENT SETTING,USE EVENT SETTING,USE EVENT SETTING,USE EVENT SETTING,USE EVENT SETTING,USE EVENT SETTING,USE EVENT SETTING,USE EVENT SETTING,USE EVENT SETTING,USE EVENT SETTING,User performing the load,false,false,,,,,false,false,false,AGG.University@dummydata.com,USE EVENT SETTING,USE EVENT SETTING,0,0,
Leadership_LMS Training for Managers,Leadership_LMS Training-0003,05/29/2019 19:00:00.000,05/29/2019 20:00:00.000,,9,1,Offering of LMS Training,Bldg_2_Room_207,87571,,,,USE EVENT SETTING,ILT Content,USE EVENT SETTING,USE EVENT SETTING,1,USE EVENT SETTING,USE EVENT SETTING,6.0,18.0,3600.0,1,No Email,1,USE EVENT SETTING,USE EVENT SETTING,USE EVENT SETTING,USE EVENT SETTING,USE EVENT SETTING,USE EVENT SETTING,USE EVENT SETTING,USE EVENT SETTING,USE EVENT SETTING,USE EVENT SETTING,USE EVENT SETTING,User performing the load,false,false,,,,,false,false,false,AGG.University@dummydata.com,USE EVENT SETTING,USE EVENT SETTING,0,0,
Leadership_LMS Training for Managers,Leadership_LMS Training-0004,05/30/2019 21:00:00.000,05/30/2019 22:00:00.000,,9,1,Offering of LMS Training,Bldg_2_Room_207,87571,,,,USE EVENT SETTING,ILT Content,USE EVENT SETTING,USE EVENT SETTING,1,USE EVENT SETTING,USE EVENT SETTING,6.0,18.0,3600.0,1,No Email,1,USE EVENT SETTING,USE EVENT SETTING,USE EVENT SETTING,USE EVENT SETTING,USE EVENT SETTING,USE EVENT SETTING,USE EVENT SETTING,USE EVENT SETTING,USE EVENT SETTING,USE EVENT SETTING,USE EVENT SETTING,User performing the load,false,false,,,,,false,false,false,AGG.University@dummydata.com,USE EVENT SETTING,USE EVENT SETTING,0,0,
Leadership_LMS Training for Managers,Leadership_LMS Training-0005,05/31/2019 12:00:00.000,05/31/2019 13:00:00.000,,9,1,Offering of LMS Training,Bldg_2_Room_207,87571,,,,USE EVENT SETTING,ILT Content,USE EVENT SETTING,USE EVENT SETTING,1,USE EVENT SETTING,USE EVENT SETTING,6.0,18.0,3600.0,1,No Email,1,USE EVENT SETTING,USE EVENT SETTING,USE EVENT SETTING,USE EVENT SETTING,USE EVENT SETTING,USE EVENT SETTING,USE EVENT SETTING,USE EVENT SETTING,USE EVENT SETTING,USE EVENT SETTING,USE EVENT SETTING,User performing the load,false,false,,,,,false,false,false,AGG.University@dummydata.com,USE EVENT SETTING,USE EVENT SETTING,0,0,
Leadership_LMS Training for Managers,Leadership_LMS Training-0006,05/31/2019 18:00:00.000,05/31/2019 19:00:00.000,,9,1,Offering of LMS Training,Bldg_2_Room_207,87571,,,,USE EVENT SETTING,ILT Content,USE EVENT SETTING,USE EVENT SETTING,1,USE EVENT SETTING,USE EVENT SETTING,6.0,18.0,3600.0,1,No Email,1,USE EVENT SETTING,USE EVENT SETTING,USE EVENT SETTING,USE EVENT SETTING,USE EVENT SETTING,USE EVENT SETTING,USE EVENT SETTING,USE EVENT SETTING,USE EVENT SETTING,USE EVENT SETTING,USE EVENT SETTING,User performing the load,false,false,,,,,false,false,false,AGG.University@dummydata.com,USE EVENT SETTING,USE EVENT SETTING,0,0,
Leadership_LMS Training for Managers,Leadership_LMS Training-0007,2019-05-06 20:00:00,2019-05-06 21:00:00,,9,1,Offering of LMS Training,Bldg_2_Room_207,87571,,,,USE EVENT SETTING,ILT Content,USE EVENT SETTING,USE EVENT SETTING,1,USE EVENT SETTING,USE EVENT SETTING,6.0,18.0,3600.0,1,No Email,1,USE EVENT SETTING,USE EVENT SETTING,USE EVENT SETTING,USE EVENT SETTING,USE EVENT SETTING,USE EVENT SETTING,USE EVENT SETTING,USE EVENT SETTING,USE EVENT SETTING,USE EVENT SETTING,USE EVENT SETTING,User performing the load,false,false,,,,,false,false,false,AGG.University@dummydata.com,USE EVENT SETTING,USE EVENT SETTING,0,0,
Leadership_LMS Training for Managers,Leadership_LMS Training-0008,2019-06-06 16:00:00,2019-06-06 17:00:00,,9,1,Offering of LMS Training,Bldg_2_Room_207,87571,,,,USE EVENT SETTING,ILT Content,USE EVENT SETTING,USE EVENT SETTING,1,USE EVENT SETTING,USE EVENT SETTING,6.0,18.0,3600.0,1,No Email,1,USE EVENT SETTING,USE EVENT SETTING,USE EVENT SETTING,USE EVENT SETTING,USE EVENT SETTING,USE EVENT SETTING,USE EVENT SETTING,USE EVENT SETTING,USE EVENT SETTING,USE EVENT SETTING,USE EVENT SETTING,User performing the load,false,false,,,,,false,false,false,AGG.University@dummydata.com,USE EVENT SETTING,USE EVENT SETTING,0,0,
Leadership_LMS Training for Managers,Leadership_LMS Training-0009,2019-07-06 14:00:00,2019-07-06 15:00:00,,9,1,Offering of LMS Training,Bldg_2_Room_207,87571,,,,USE EVENT SETTING,ILT Content,USE EVENT SETTING,USE EVENT SETTING,1,USE EVENT SETTING,USE EVENT SETTING,6.0,18.0,3600.0,1,No Email,1,USE EVENT SETTING,USE EVENT SETTING,USE EVENT SETTING,USE EVENT SETTING,USE EVENT SETTING,USE EVENT SETTING,USE EVENT SETTING,USE EVENT SETTING,USE EVENT SETTING,USE EVENT SETTING,USE EVENT SETTING,User performing the load,false,false,,,,,false,false,false,AGG.University@dummydata.com,USE EVENT SETTING,USE EVENT SETTING,0,0,
Leadership_LMS Training for Managers,Leadership_LMS Training-0010,2019-10-06 19:00:00,2019-10-06 20:00:00,,9,1,Offering of LMS Training,Bldg_2_Room_207,87571,,,,USE EVENT SETTING,ILT Content,USE EVENT SETTING,USE EVENT SETTING,1,USE EVENT SETTING,USE EVENT SETTING,6.0,18.0,3600.0,1,No Email,1,USE EVENT SETTING,USE EVENT SETTING,USE EVENT SETTING,USE EVENT SETTING,USE EVENT SETTING,USE EVENT SETTING,USE EVENT SETTING,USE EVENT SETTING,USE EVENT SETTING,USE EVENT SETTING,USE EVENT SETTING,User performing the load,false,false,,,,,false,false,false,AGG.University@dummydata.com,USE EVENT SETTING,USE EVENT SETTING,0,0,
Leadership_LMS Training for Managers,Leadership_LMS Training-0011,2019-11-06 15:00:00,2019-11-06 16:00:00,,9,1,Offering of LMS Training,Bldg_2_Room_207,87571,,,,USE EVENT SETTING,ILT Content,USE EVENT SETTING,USE EVENT SETTING,1,USE EVENT SETTING,USE EVENT SETTING,6.0,18.0,3600.0,1,No Email,1,USE EVENT SETTING,USE EVENT SETTING,USE EVENT SETTING,USE EVENT SETTING,USE EVENT SETTING,USE EVENT SETTING,USE EVENT SETTING,USE EVENT SETTING,USE EVENT SETTING,USE EVENT SETTING,USE EVENT SETTING,User performing the load,false,false,,,,,false,false,false,AGG.University@dummydata.com,USE EVENT SETTING,USE EVENT SETTING,0,0,
Leadership_LMS Training for Managers,Leadership_LMS Training-0012,2019-11-06 21:00:00,2019-11-06 22:00:00,,9,1,Offering of LMS Training,Bldg_2_Room_207,87571,,,,USE EVENT SETTING,ILT Content,USE EVENT SETTING,USE EVENT SETTING,1,USE EVENT SETTING,USE EVENT SETTING,6.0,18.0,3600.0,1,No Email,1,USE EVENT SETTING,USE EVENT SETTING,USE EVENT SETTING,USE EVENT SETTING,USE EVENT SETTING,USE EVENT SETTING,USE EVENT SETTING,USE EVENT SETTING,USE EVENT SETTING,USE EVENT SETTING,USE EVENT SETTING,User performing the load,false,false,,,,,false,false,false,AGG.University@dummydata.com,USE EVENT SETTING,USE EVENT SETTING,0,0,
Leadership_LMS Training for Managers,Leadership_LMS Training-0014,06/13/2019 12:00:00.000,06/13/2019 13:00:00.000,,9,1,Offering of LMS Training,Bldg_2_Room_207,87571,,,,USE EVENT SETTING,ILT Content,USE EVENT SETTING,USE EVENT SETTING,1,USE EVENT SETTING,USE EVENT SETTING,6.0,18.0,3600.0,1,No Email,1,USE EVENT SETTING,USE EVENT SETTING,USE EVENT SETTING,USE EVENT SETTING,USE EVENT SETTING,USE EVENT SETTING,USE EVENT SETTING,USE EVENT SETTING,USE EVENT SETTING,USE EVENT SETTING,USE EVENT SETTING,User performing the load,false,false,,,,,false,false,false,AGG.University@dummydata.com,USE EVENT SETTING,USE EVENT SETTING,0,0,
Leadership_LMS Training for Managers,Leadership_LMS Training-0015,06/20/2019 16:00:00.000,06/20/2019 17:00:00.000,,9,1,Offering of LMS Training,Bldg_2_Room_207,87571,,,,USE EVENT SETTING,ILT Content,USE EVENT SETTING,USE EVENT SETTING,1,USE EVENT SETTING,USE EVENT SETTING,6.0,18.0,3600.0,1,No Email,1,USE EVENT SETTING,USE EVENT SETTING,USE EVENT SETTING,USE EVENT SETTING,USE EVENT SETTING,USE EVENT SETTING,USE EVENT SETTING,USE EVENT SETTING,USE EVENT SETTING,USE EVENT SETTING,USE EVENT SETTING,User performing the load,false,false,,,,,false,false,false,AGG.University@dummydata.com,USE EVENT SETTING,USE EVENT SETTING,0,0,
Leadership_LMS Training for Managers,Leadership_LMS Training-0016,06/20/2019 21:00:00.000,06/20/2019 22:00:00.000,,9,1,Offering of LMS Training,Bldg_2_Room_207,87571,,,,USE EVENT SETTING,ILT Content,USE EVENT SETTING,USE EVENT SETTING,1,USE EVENT SETTING,USE EVENT SETTING,6.0,18.0,3600.0,1,No Email,1,USE EVENT SETTING,USE EVENT SETTING,USE EVENT SETTING,USE EVENT SETTING,USE EVENT SETTING,USE EVENT SETTING,USE EVENT SETTING,USE EVENT SETTING,USE EVENT SETTING,USE EVENT SETTING,USE EVENT SETTING,User performing the load,false,false,,,,,false,false,false,AGG.University@dummydata.com,USE EVENT SETTING,USE EVENT SETTING,0,0,
Leadership_LMS Training for Managers,Leadership_LMS Training-0017,06/21/2019 14:00:00.000,06/21/2019 15:00:00.000,,9,1,Offering of LMS Training,Bldg_2_Room_207,87571,,,,USE EVENT SETTING,ILT Content,USE EVENT SETTING,USE EVENT SETTING,1,USE EVENT SETTING,USE EVENT SETTING,6.0,18.0,3600.0,1,No Email,1,USE EVENT SETTING,USE EVENT SETTING,USE EVENT SETTING,USE EVENT SETTING,USE EVENT SETTING,USE EVENT SETTING,USE EVENT SETTING,USE EVENT SETTING,USE EVENT SETTING,USE EVENT SETTING,USE EVENT SETTING,User performing the load,false,false,,,,,false,false,false,AGG.University@dummydata.com,USE EVENT SETTING,USE EVENT SETTING,0,0,
Leadership_LMS Training for Managers,Leadership_LMS Training-0018,06/24/2019 16:00:00.000,06/24/2019 17:00:00.000,,9,1,Offering of LMS Training,Bldg_2_Room_207,87571,,,,USE EVENT SETTING,ILT Content,USE EVENT SETTING,USE EVENT SETTING,1,USE EVENT SETTING,USE EVENT SETTING,6.0,18.0,3600.0,1,No Email,1,USE EVENT SETTING,USE EVENT SETTING,USE EVENT SETTING,USE EVENT SETTING,USE EVENT SETTING,USE EVENT SETTING,USE EVENT SETTING,USE EVENT SETTING,USE EVENT SETTING,USE EVENT SETTING,USE EVENT SETTING,User performing the load,false,false,,,,,false,false,false,AGG.University@dummydata.com,USE EVENT SETTING,USE EVENT SETTING,0,0,
Leadership_LMS Training for Managers,Leadership_LMS Training-0019,06/25/2019 15:00:00.000,06/25/2019 16:00:00.000,,9,1,Offering of LMS Training,Bldg_2_Room_207,87571,,,,USE EVENT SETTING,ILT Content,USE EVENT SETTING,USE EVENT SETTING,1,USE EVENT SETTING,USE EVENT SETTING,6.0,18.0,3600.0,1,No Email,1,USE EVENT SETTING,USE EVENT SETTING,USE EVENT SETTING,USE EVENT SETTING,USE EVENT SETTING,USE EVENT SETTING,USE EVENT SETTING,USE EVENT SETTING,USE EVENT SETTING,USE EVENT SETTING,USE EVENT SETTING,User performing the load,false,false,,,,,false,false,false,AGG.University@dummydata.com,USE EVENT SETTING,USE EVENT SETTING,0,0,
Leadership_LMS Training for Managers,Leadership_LMS Training-0020,06/26/2019 19:00:00.000,06/26/2019 20:00:00.000,,9,1,Offering of LMS Training,Bldg_2_Room_207,87571,,,,USE EVENT SETTING,ILT Content,USE EVENT SETTING,USE EVENT SETTING,1,USE EVENT SETTING,USE EVENT SETTING,6.0,18.0,3600.0,1,No Email,1,USE EVENT SETTING,USE EVENT SETTING,USE EVENT SETTING,USE EVENT SETTING,USE EVENT SETTING,USE EVENT SETTING,USE EVENT SETTING,USE EVENT SETTING,USE EVENT SETTING,USE EVENT SETTING,USE EVENT SETTING,User performing the load,false,false,,,,,false,false,false,AGG.University@dummydata.com,USE EVENT SETTING,USE EVENT SETTING,0,0,
Leadership_LMS Training for Managers,Leadership_LMS Training-0021,2019-09-07 19:00:00,2019-09-07 20:00:00,,9,1,Offering of LMS Training,Bldg_2_Room_207,87571,,,,USE EVENT SETTING,ILT Content,USE EVENT SETTING,USE EVENT SETTING,1,USE EVENT SETTING,USE EVENT SETTING,6.0,18.0,3600.0,1,No Email,1,USE EVENT SETTING,USE EVENT SETTING,USE EVENT SETTING,USE EVENT SETTING,USE EVENT SETTING,USE EVENT SETTING,USE EVENT SETTING,USE EVENT SETTING,USE EVENT SETTING,USE EVENT SETTING,USE EVENT SETTING,User performing the load,false,false,,,,,false,false,false,AGG.University@dummydata.com,USE EVENT SETTING,USE EVENT SETTING,0,0,
Leadership_LMS Training for Managers,Leadership_LMS Training-0022,2019-10-07 21:00:00,2019-10-07 22:00:00,,9,1,Offering of LMS Training,Bldg_2_Room_207,87571,,,,USE EVENT SETTING,ILT Content,USE EVENT SETTING,USE EVENT SETTING,1,USE EVENT SETTING,USE EVENT SETTING,6.0,18.0,3600.0,1,No Email,1,USE EVENT SETTING,USE EVENT SETTING,USE EVENT SETTING,USE EVENT SETTING,USE EVENT SETTING,USE EVENT SETTING,USE EVENT SETTING,USE EVENT SETTING,USE EVENT SETTING,USE EVENT SETTING,USE EVENT SETTING,User performing the load,false,false,,,,,false,false,false,AGG.University@dummydata.com,USE EVENT SETTING,USE EVENT SETTING,0,0,
Leadership_LMS Training for Managers,Leadership_LMS Training-0023,2019-11-07 12:00:00,2019-11-07 13:00:00,,9,1,Offering of LMS Training,Bldg_2_Room_207,87571,,,,USE EVENT SETTING,ILT Content,USE EVENT SETTING,USE EVENT SETTING,1,USE EVENT SETTING,USE EVENT SETTING,6.0,18.0,3600.0,1,No Email,1,USE EVENT SETTING,USE EVENT SETTING,USE EVENT SETTING,USE EVENT SETTING,USE EVENT SETTING,USE EVENT SETTING,USE EVENT SETTING,USE EVENT SETTING,USE EVENT SETTING,USE EVENT SETTING,USE EVENT SETTING,User performing the load,false,false,,,,,false,false,false,AGG.University@dummydata.com,USE EVENT SETTING,USE EVENT SETTING,0,0,
Leadership_LMS Training for Managers,Leadership_LMS Training-0024,2019-11-07 15:00:00,2019-11-07 16:00:00,,9,1,Offering of LMS Training,Bldg_2_Room_207,87571,,,,USE EVENT SETTING,ILT Content,USE EVENT SETTING,USE EVENT SETTING,1,USE EVENT SETTING,USE EVENT SETTING,6.0,18.0,3600.0,1,No Email,1,USE EVENT SETTING,USE EVENT SETTING,USE EVENT SETTING,USE EVENT SETTING,USE EVENT SETTING,USE EVENT SETTING,USE EVENT SETTING,USE EVENT SETTING,USE EVENT SETTING,USE EVENT SETTING,USE EVENT SETTING,User performing the load,false,false,,,,,false,false,false,AGG.University@dummydata.com,USE EVENT SETTING,USE EVENT SETTING,0,0,
Leadership_LMS Training for Managers,Leadership_LMS Training-0025,2019-09-07 16:00:00,2019-09-07 17:00:00,,9,1,Offering of LMS Training,Bldg_2_Room_207,87571,,,,USE EVENT SETTING,ILT Content,USE EVENT SETTING,USE EVENT SETTING,1,USE EVENT SETTING,USE EVENT SETTING,6.0,18.0,3600.0,1,No Email,1,USE EVENT SETTING,USE EVENT SETTING,USE EVENT SETTING,USE EVENT SETTING,USE EVENT SETTING,USE EVENT SETTING,USE EVENT SETTING,USE EVENT SETTING,USE EVENT SETTING,USE EVENT SETTING,USE EVENT SETTING,User performing the load,false,false,,,,,false,false,false,AGG.University@dummydata.com,USE EVENT SETTING,USE EVENT SETTING,0,0,
Leadership_LMS Training for Managers,Leadership_LMS Training-0029,07/18/2019 15:00:00.000,07/18/2019 16:00:00.000,,9,1,Offering of LMS Training,Bldg_2_Room_207,87571,,,,USE EVENT SETTING,ILT Content,USE EVENT SETTING,USE EVENT SETTING,1,USE EVENT SETTING,USE EVENT SETTING,6.0,18.0,3600.0,1,No Email,1,USE EVENT SETTING,USE EVENT SETTING,USE EVENT SETTING,USE EVENT SETTING,USE EVENT SETTING,USE EVENT SETTING,USE EVENT SETTING,USE EVENT SETTING,USE EVENT SETTING,USE EVENT SETTING,USE EVENT SETTING,User performing the load,false,false,,,,,false,false,false,AGG.University@dummydata.com,USE EVENT SETTING,USE EVENT SETTING,0,0,
Leadership_LMS Training for Managers,Leadership_LMS Training-0030,07/19/2019 15:00:00.000,07/19/2019 16:00:00.000,,9,1,Offering of LMS Training,Bldg_2_Room_207,87571,,,,USE EVENT SETTING,ILT Content,USE EVENT SETTING,USE EVENT SETTING,1,USE EVENT SETTING,USE EVENT SETTING,6.0,18.0,3600.0,1,No Email,1,USE EVENT SETTING,USE EVENT SETTING,USE EVENT SETTING,USE EVENT SETTING,USE EVENT SETTING,USE EVENT SETTING,USE EVENT SETTING,USE EVENT SETTING,USE EVENT SETTING,USE EVENT SETTING,USE EVENT SETTING,User performing the load,false,false,,,,,false,false,false,AGG.University@dummydata.com,USE EVENT SETTING,USE EVENT SETTING,0,0,
Leadership_LMS Training for Managers,Leadership_LMS Training-0031,07/24/2019 12:00:00.000,07/24/2019 13:00:00.000,,9,1,Offering of LMS Training,Bldg_2_Room_207,87571,,,,USE EVENT SETTING,ILT Content,USE EVENT SETTING,USE EVENT SETTING,1,USE EVENT SETTING,USE EVENT SETTING,6.0,18.0,3600.0,1,No Email,1,USE EVENT SETTING,USE EVENT SETTING,USE EVENT SETTING,USE EVENT SETTING,USE EVENT SETTING,USE EVENT SETTING,USE EVENT SETTING,USE EVENT SETTING,USE EVENT SETTING,USE EVENT SETTING,USE EVENT SETTING,User performing the load,false,false,,,,,false,false,false,AGG.University@dummydata.com,USE EVENT SETTING,USE EVENT SETTING,0,0,
Leadership_LMS Training for Managers,Leadership_LMS Training-0032,07/25/2019 21:00:00.000,07/25/2019 22:00:00.000,,9,1,Offering of LMS Training,Bldg_2_Room_207,87571,,,,USE EVENT SETTING,ILT Content,USE EVENT SETTING,USE EVENT SETTING,1,USE EVENT SETTING,USE EVENT SETTING,6.0,18.0,3600.0,1,No Email,1,USE EVENT SETTING,USE EVENT SETTING,USE EVENT SETTING,USE EVENT SETTING,USE EVENT SETTING,USE EVENT SETTING,USE EVENT SETTING,USE EVENT SETTING,USE EVENT SETTING,USE EVENT SETTING,USE EVENT SETTING,User performing the load,false,false,,,,,false,false,false,AGG.University@dummydata.com,USE EVENT SETTING,USE EVENT SETTING,0,0,
Leadership_LMS Training for Managers,Leadership_LMS Training-0033,07/26/2019 14:00:00.000,07/26/2019 15:00:00.000,,9,1,Offering of LMS Training,Bldg_2_Room_207,87571,,,,USE EVENT SETTING,ILT Content,USE EVENT SETTING,USE EVENT SETTING,1,USE EVENT SETTING,USE EVENT SETTING,6.0,18.0,3600.0,1,No Email,1,USE EVENT SETTING,USE EVENT SETTING,USE EVENT SETTING,USE EVENT SETTING,USE EVENT SETTING,USE EVENT SETTING,USE EVENT SETTING,USE EVENT SETTING,USE EVENT SETTING,USE EVENT SETTING,USE EVENT SETTING,User performing the load,false,false,,,,,false,false,false,AGG.University@dummydata.com,USE EVENT SETTING,USE EVENT SETTING,0,0,
Leadership_LMS Training for Managers,Leadership_LMS Training-0034,2019-01-08 21:00:00,2019-01-08 22:00:00,,9,1,Offering of LMS Training,Bldg_2_Room_207,87571,,,,USE EVENT SETTING,ILT Content,USE EVENT SETTING,USE EVENT SETTING,1,USE EVENT SETTING,USE EVENT SETTING,6.0,18.0,3600.0,1,No Email,1,USE EVENT SETTING,USE EVENT SETTING,USE EVENT SETTING,USE EVENT SETTING,USE EVENT SETTING,USE EVENT SETTING,USE EVENT SETTING,USE EVENT SETTING,USE EVENT SETTING,USE EVENT SETTING,USE EVENT SETTING,User performing the load,false,false,,,,,false,false,false,AGG.University@dummydata.com,USE EVENT SETTING,USE EVENT SETTING,0,0,
Leadership_LMS Training for Managers,Leadership_LMS Training-0035,2019-02-08 00:00:00,2019-02-08 01:00:00,,9,1,Offering of LMS Training,Bldg_2_Room_207,87571,,,,USE EVENT SETTING,ILT Content,USE EVENT SETTING,USE EVENT SETTING,1,USE EVENT SETTING,USE EVENT SETTING,6.0,18.0,3600.0,1,No Email,1,USE EVENT SETTING,USE EVENT SETTING,USE EVENT SETTING,USE EVENT SETTING,USE EVENT SETTING,USE EVENT SETTING,USE EVENT SETTING,USE EVENT SETTING,USE EVENT SETTING,USE EVENT SETTING,USE EVENT SETTING,User performing the load,false,false,,,,,false,false,false,AGG.University@dummydata.com,USE EVENT SETTING,USE EVENT SETTING,0,0,
Leadership_LMS Training for Managers,Leadership_LMS Training-0036,2019-05-08 21:00:00,2019-05-08 22:00:00,,9,1,Offering of LMS Training for Managers,Bldg_2_Room_207,87571,,,,USE EVENT SETTING,ILT Content,USE EVENT SETTING,USE EVENT SETTING,1,USE EVENT SETTING,USE EVENT SETTING,6.0,18.0,3600.0,1,No Email,1,USE EVENT SETTING,USE EVENT SETTING,USE EVENT SETTING,USE EVENT SETTING,USE EVENT SETTING,USE EVENT SETTING,USE EVENT SETTING,USE EVENT SETTING,USE EVENT SETTING,USE EVENT SETTING,USE EVENT SETTING,User performing the load,false,false,,,,,false,false,false,AGG.University@dummydata.com,USE EVENT SETTING,USE EVENT SETTING,0,0,
Leadership_LMS Training for Managers,Leadership_LMS Training-0037,09/20/2019 12:00:00.000,09/20/2019 13:00:00.000,,9,1,Offering of LMS Training for Managers,Bldg_2_Room_207,87571,,,,USE EVENT SETTING,ILT Content,USE EVENT SETTING,USE EVENT SETTING,1,USE EVENT SETTING,USE EVENT SETTING,6.0,18.0,3600.0,1,No Email,1,USE EVENT SETTING,USE EVENT SETTING,USE EVENT SETTING,USE EVENT SETTING,USE EVENT SETTING,USE EVENT SETTING,USE EVENT SETTING,USE EVENT SETTING,USE EVENT SETTING,USE EVENT SETTING,USE EVENT SETTING,User performing the load,false,false,,,,,false,false,false,AGG.University@dummydata.com,USE EVENT SETTING,USE EVENT SETTING,0,0,
Leadership_LMS Training for Managers,Leadership_LMS Training-0038,09/20/2019 12:00:00.000,09/20/2019 13:00:00.000,,9,1,Copy (1) of Offering of LMS Training,Bldg_2_Room_207,87571,,,,USE EVENT SETTING,ILT Content,USE EVENT SETTING,USE EVENT SETTING,1,USE EVENT SETTING,USE EVENT SETTING,6.0,18.0,3600.0,1,No Email,1,USE EVENT SETTING,USE EVENT SETTING,USE EVENT SETTING,USE EVENT SETTING,USE EVENT SETTING,USE EVENT SETTING,USE EVENT SETTING,USE EVENT SETTING,USE EVENT SETTING,USE EVENT SETTING,USE EVENT SETTING,User performing the load,false,false,,,,,false,false,false,AGG.University@dummydata.com,USE EVENT SETTING,USE EVENT SETTING,0,0,
Leadership_Middle Management Training (MMT),Leadership_Middle Management Training (MMT)-0001,2019-09-09 13:00:00,2019-11-09 22:00:00,,9,1,Offering of Middle Management Training (MMT),Bldg_2_Room_207,,,,,USE EVENT SETTING,ILT Content,USE EVENT SETTING,USE EVENT SETTING,1,USE EVENT SETTING,USE EVENT SETTING,,25.0,72000.0,1,No Email,1,USE EVENT SETTING,USE EVENT SETTING,USE EVENT SETTING,USE EVENT SETTING,USE EVENT SETTING,USE EVENT SETTING,USE EVENT SETTING,USE EVENT SETTING,USE EVENT SETTING,USE EVENT SETTING,USE EVENT SETTING,User performing the load,false,false,,,,,false,false,false,AGG.University@dummydata.com,USE EVENT SETTING,USE EVENT SETTING,0,0,
Leadership_ProManager (vendor),Leadership_ProManager (vendor) Class,01/31/2008 00:00:00.000,01/31/2008 01:00:00.000,,9,1,ProManager Leadership Development Class,Bldg_2_Room_207,,,,,USE EVENT SETTING,ILT Content,USE EVENT SETTING,USE EVENT SETTING,1,USE EVENT SETTING,USE EVENT SETTING,,,,1,No Email,1,USE EVENT SETTING,USE EVENT SETTING,USE EVENT SETTING,USE EVENT SETTING,USE EVENT SETTING,USE EVENT SETTING,USE EVENT SETTING,USE EVENT SETTING,USE EVENT SETTING,USE EVENT SETTING,USE EVENT SETTING,User performing the load,false,false,,,,,false,false,false,,USE EVENT SETTING,USE EVENT SETTING,0,0,
Leadership_SCP,Leadership_SCP (Round 01),2016-07-11 14:00:00,2016-02-12 18:00:00,,9,1,Offering of Supervisor Certification Program,Bldg_2_Room_207,,,,,USE EVENT SETTING,ILT Content,USE EVENT SETTING,USE EVENT SETTING,1,USE EVENT SETTING,USE EVENT SETTING,4.0,8.0,,1,No Email,1,USE EVENT SETTING,USE EVENT SETTING,USE EVENT SETTING,USE EVENT SETTING,USE EVENT SETTING,USE EVENT SETTING,USE EVENT SETTING,USE EVENT SETTING,USE EVENT SETTING,USE EVENT SETTING,USE EVENT SETTING,User performing the load,false,false,,,,,false,false,false,AGG.University@dummydata.com,USE EVENT SETTING,USE EVENT SETTING,0,0,
Leadership_SCP,Leadership_SCP (Round 02),01/23/2017 14:00:00.000,02/17/2017 18:00:00.000,,9,1,Offering of Supervisor Certification Program,Bldg_2_Room_207,,,,,USE EVENT SETTING,ILT Content,USE EVENT SETTING,USE EVENT SETTING,1,USE EVENT SETTING,USE EVENT SETTING,4.0,8.0,,1,No Email,1,USE EVENT SETTING,USE EVENT SETTING,USE EVENT SETTING,USE EVENT SETTING,USE EVENT SETTING,USE EVENT SETTING,USE EVENT SETTING,USE EVENT SETTING,USE EVENT SETTING,USE EVENT SETTING,USE EVENT SETTING,User performing the load,false,false,,,,,false,false,false,AGG.University@dummydata.com,USE EVENT SETTING,USE EVENT SETTING,0,0,
Leadership_SCP,Leadership_SCP (Round 03),03/13/2017 13:00:00.000,2017-07-04 17:00:00,,9,1,Offering of Supervisor Certification Program,Bldg_2_Room_207,,,,,USE EVENT SETTING,ILT Content,USE EVENT SETTING,USE EVENT SETTING,1,USE EVENT SETTING,USE EVENT SETTING,4.0,8.0,,1,No Email,1,USE EVENT SETTING,USE EVENT SETTING,USE EVENT SETTING,USE EVENT SETTING,USE EVENT SETTING,USE EVENT SETTING,USE EVENT SETTING,USE EVENT SETTING,USE EVENT SETTING,USE EVENT SETTING,USE EVENT SETTING,User performing the load,false,false,,,,,false,false,false,AGG.University@dummydata.com,USE EVENT SETTING,USE EVENT SETTING,0,0,
Leadership_SCP,Leadership_SCP (Round 04),04/24/2017 13:00:00.000,05/19/2017 17:00:00.000,,9,1,Offering of Supervisor Certification Program,Bldg_2_Room_207,,,,,USE EVENT SETTING,ILT Content,USE EVENT SETTING,USE EVENT SETTING,1,USE EVENT SETTING,USE EVENT SETTING,4.0,8.0,,1,No Email,1,USE EVENT SETTING,USE EVENT SETTING,USE EVENT SETTING,USE EVENT SETTING,USE EVENT SETTING,USE EVENT SETTING,USE EVENT SETTING,USE EVENT SETTING,USE EVENT SETTING,USE EVENT SETTING,USE EVENT SETTING,User performing the load,false,false,,,,,false,false,false,AGG.University@dummydata.com,USE EVENT SETTING,USE EVENT SETTING,0,0,
Leadership_SCP,Leadership_SCP (Round 05),2017-05-06 13:00:00,06/30/2017 17:00:00.000,,9,1,Offering of Supervisor Certification Program,Bldg_2_Room_207,,,,,USE EVENT SETTING,ILT Content,USE EVENT SETTING,USE EVENT SETTING,1,USE EVENT SETTING,USE EVENT SETTING,4.0,8.0,,1,No Email,1,USE EVENT SETTING,USE EVENT SETTING,USE EVENT SETTING,USE EVENT SETTING,USE EVENT SETTING,USE EVENT SETTING,USE EVENT SETTING,USE EVENT SETTING,USE EVENT SETTING,USE EVENT SETTING,USE EVENT SETTING,User performing the load,false,false,,,,,false,false,false,AGG.University@dummydata.com,USE EVENT SETTING,USE EVENT SETTING,0,0,
Leadership_SCP,Leadership_SCP (Round 06),07/24/2017 13:00:00.000,08/18/2017 17:00:00.000,,9,1,Offering of Supervisor Certification Program,Bldg_2_Room_207,,,,,USE EVENT SETTING,ILT Content,USE EVENT SETTING,USE EVENT SETTING,1,USE EVENT SETTING,USE EVENT SETTING,4.0,8.0,,1,No Email,1,USE EVENT SETTING,USE EVENT SETTING,USE EVENT SETTING,USE EVENT SETTING,USE EVENT SETTING,USE EVENT SETTING,USE EVENT SETTING,USE EVENT SETTING,USE EVENT SETTING,USE EVENT SETTING,USE EVENT SETTING,User performing the load,false,false,,,,,false,false,false,AGG.University@dummydata.com,USE EVENT SETTING,USE EVENT SETTING,0,0,
Leadership_SCP,Leadership_SCP (Round 07),2017-11-09 13:00:00,2017-06-10 17:00:00,,9,1,Offering of Supervisor Certification Program,Bldg_2_Room_207,,,,,USE EVENT SETTING,ILT Content,USE EVENT SETTING,USE EVENT SETTING,1,USE EVENT SETTING,USE EVENT SETTING,4.0,8.0,,1,No Email,1,USE EVENT SETTING,USE EVENT SETTING,USE EVENT SETTING,USE EVENT SETTING,USE EVENT SETTING,USE EVENT SETTING,USE EVENT SETTING,USE EVENT SETTING,USE EVENT SETTING,USE EVENT SETTING,USE EVENT SETTING,User performing the load,false,false,,,,,false,false,false,AGG.University@dummydata.com,USE EVENT SETTING,USE EVENT SETTING,0,0,
Leadership_SCP,Leadership_SCP (Round 08),10/23/2017 13:00:00.000,11/17/2017 18:00:00.000,,9,1,Offering of Supervisor Certification Program,Bldg_2_Room_207,,,,,USE EVENT SETTING,ILT Content,USE EVENT SETTING,USE EVENT SETTING,1,USE EVENT SETTING,USE EVENT SETTING,4.0,8.0,,1,No Email,1,USE EVENT SETTING,USE EVENT SETTING,USE EVENT SETTING,USE EVENT SETTING,USE EVENT SETTING,USE EVENT SETTING,USE EVENT SETTING,USE EVENT SETTING,USE EVENT SETTING,USE EVENT SETTING,USE EVENT SETTING,User performing the load,false,false,,,,,false,false,false,AGG.University@dummydata.com,USE EVENT SETTING,USE EVENT SETTING,0,0,
Leadership_SCP,Leadership_SCP (Round 09),2018-05-02 14:00:00,2018-02-03 18:00:00,,9,1,Offering of Supervisor Certification Program,Bldg_2_Room_207,,,,,USE EVENT SETTING,ILT Content,USE EVENT SETTING,USE EVENT SETTING,1,USE EVENT SETTING,USE EVENT SETTING,4.0,8.0,,1,No Email,1,USE EVENT SETTING,USE EVENT SETTING,USE EVENT SETTING,USE EVENT SETTING,USE EVENT SETTING,USE EVENT SETTING,USE EVENT SETTING,USE EVENT SETTING,USE EVENT SETTING,USE EVENT SETTING,USE EVENT SETTING,User performing the load,false,false,,,,,false,false,false,AGG.University@dummydata.com,USE EVENT SETTING,USE EVENT SETTING,0,0,
Leadership_SCP,Leadership_SCP (Round 10),05/14/2018 13:00:00.000,2018-08-06 17:00:00,,9,1,Offering of Supervisor Certification Program,Bldg_2_Room_207,,,,,USE EVENT SETTING,ILT Content,USE EVENT SETTING,USE EVENT SETTING,1,USE EVENT SETTING,USE EVENT SETTING,4.0,8.0,,1,No Email,1,USE EVENT SETTING,USE EVENT SETTING,USE EVENT SETTING,USE EVENT SETTING,USE EVENT SETTING,USE EVENT SETTING,USE EVENT SETTING,USE EVENT SETTING,USE EVENT SETTING,USE EVENT SETTING,USE EVENT SETTING,User performing the load,false,false,,,,,false,false,false,AGG.University@dummydata.com,USE EVENT SETTING,USE EVENT SETTING,0,0,
Leadership_SCP,Leadership_SCP (Round 11),2018-06-08 13:00:00,08/31/2018 17:00:00.000,,9,1,Offering of Supervisor Certification Program,Bldg_2_Room_207,,,,,USE EVENT SETTING,ILT Content,USE EVENT SETTING,USE EVENT SETTING,1,USE EVENT SETTING,USE EVENT SETTING,4.0,8.0,,1,No Email,1,USE EVENT SETTING,USE EVENT SETTING,USE EVENT SETTING,USE EVENT SETTING,USE EVENT SETTING,USE EVENT SETTING,USE EVENT SETTING,USE EVENT SETTING,USE EVENT SETTING,USE EVENT SETTING,USE EVENT SETTING,User performing the load,false,false,,,,,false,false,false,AGG.University@dummydata.com,USE EVENT SETTING,USE EVENT SETTING,0,0,
Leadership_SCP,Leadership_SCP (Round 12),09/17/2018 13:00:00.000,2018-12-10 17:00:00,,9,1,Offering of Supervisor Certification Program,Bldg_2_Room_207,,,,,USE EVENT SETTING,ILT Content,USE EVENT SETTING,USE EVENT SETTING,1,USE EVENT SETTING,USE EVENT SETTING,4.0,8.0,,1,No Email,1,USE EVENT SETTING,USE EVENT SETTING,USE EVENT SETTING,USE EVENT SETTING,USE EVENT SETTING,USE EVENT SETTING,USE EVENT SETTING,USE EVENT SETTING,USE EVENT SETTING,USE EVENT SETTING,USE EVENT SETTING,User performing the load,false,false,,,,,false,false,false,AGG.University@dummydata.com,USE EVENT SETTING,USE EVENT SETTING,0,0,
Leadership_SCP,Leadership_SCP (Round 13),10/22/2018 13:00:00.000,11/16/2018 18:00:00.000,,9,1,Offering of Supervisor Certification Program,Bldg_2_Room_207,,,,,USE EVENT SETTING,ILT Content,USE EVENT SETTING,USE EVENT SETTING,1,USE EVENT SETTING,USE EVENT SETTING,4.0,8.0,,1,No Email,1,USE EVENT SETTING,USE EVENT SETTING,USE EVENT SETTING,USE EVENT SETTING,USE EVENT SETTING,USE EVENT SETTING,USE EVENT SETTING,USE EVENT SETTING,USE EVENT SETTING,USE EVENT SETTING,USE EVENT SETTING,User performing the load,false,false,,,,,false,false,false,AGG.University@dummydata.com,USE EVENT SETTING,USE EVENT SETTING,0,0,
Leadership_SCP,Leadership_SCP (Round 14),2019-04-02 14:00:00,2019-01-03 18:00:00,,9,1,Offering of Supervisor Certification Program,Bldg_2_Room_207,,,,,USE EVENT SETTING,ILT Content,USE EVENT SETTING,USE EVENT SETTING,1,USE EVENT SETTING,USE EVENT SETTING,4.0,8.0,,1,No Email,1,USE EVENT SETTING,USE EVENT SETTING,USE EVENT SETTING,USE EVENT SETTING,USE EVENT SETTING,USE EVENT SETTING,USE EVENT SETTING,USE EVENT SETTING,USE EVENT SETTING,USE EVENT SETTING,USE EVENT SETTING,User performing the load,false,false,,,,,false,false,false,AGG.University@dummydata.com,USE EVENT SETTING,USE EVENT SETTING,0,0,
Leadership_SCP,Leadership_SCP (Round 15),2019-01-04 13:00:00,04/26/2019 17:00:00.000,,9,1,Offering of Supervisor Certification Program,Bldg_2_Room_207,,,,,USE EVENT SETTING,ILT Content,USE EVENT SETTING,USE EVENT SETTING,1,USE EVENT SETTING,USE EVENT SETTING,4.0,10.0,,1,No Email,1,USE EVENT SETTING,USE EVENT SETTING,USE EVENT SETTING,USE EVENT SETTING,USE EVENT SETTING,USE EVENT SETTING,USE EVENT SETTING,USE EVENT SETTING,USE EVENT SETTING,USE EVENT SETTING,USE EVENT SETTING,User performing the load,false,false,,,,,false,false,false,AGG.University@dummydata.com,USE EVENT SETTING,USE EVENT SETTING,0,0,
Leadership_SCP,Leadership_SCP (Round 16),07/29/2019 13:00:00.000,08/23/2019 17:00:00.000,,9,1,Offering of Supervisor Certification Program,Bldg_2_Room_207,,,,,USE EVENT SETTING,ILT Content,USE EVENT SETTING,USE EVENT SETTING,1,USE EVENT SETTING,USE EVENT SETTING,4.0,8.0,,1,No Email,1,USE EVENT SETTING,USE EVENT SETTING,USE EVENT SETTING,USE EVENT SETTING,USE EVENT SETTING,USE EVENT SETTING,USE EVENT SETTING,USE EVENT SETTING,USE EVENT SETTING,USE EVENT SETTING,USE EVENT SETTING,User performing the load,false,false,,,,,false,false,false,AGG.University@dummydata.com,USE EVENT SETTING,USE EVENT SETTING,0,0,
Leadership_SCP,Leadership_SCP (Round 17),09/16/2019 13:00:00.000,2019-11-10 17:00:00,,9,1,Offering of Supervisor Certification Program,Bldg_2_Room_207,,,,,USE EVENT SETTING,ILT Content,USE EVENT SETTING,USE EVENT SETTING,1,USE EVENT SETTING,USE EVENT SETTING,4.0,8.0,,1,No Email,1,USE EVENT SETTING,USE EVENT SETTING,USE EVENT SETTING,USE EVENT SETTING,USE EVENT SETTING,USE EVENT SETTING,USE EVENT SETTING,USE EVENT SETTING,USE EVENT SETTING,USE EVENT SETTING,USE EVENT SETTING,User performing the load,false,false,,,,,false,false,false,AGG.University@dummydata.com,USE EVENT SETTING,USE EVENT SETTING,0,0,
Leadership_SCP,Leadership_SCP (Round 18),10/28/2019 13:00:00.000,11/22/2019 18:00:00.000,,9,1,Offering of Supervisor Certification Program,Bldg_2_Room_207,,,,,USE EVENT SETTING,ILT Content,USE EVENT SETTING,USE EVENT SETTING,1,USE EVENT SETTING,USE EVENT SETTING,4.0,6.0,,1,No Email,1,USE EVENT SETTING,USE EVENT SETTING,USE EVENT SETTING,USE EVENT SETTING,USE EVENT SETTING,USE EVENT SETTING,USE EVENT SETTING,USE EVENT SETTING,USE EVENT SETTING,USE EVENT SETTING,USE EVENT SETTING,User performing the load,false,false,,,,,false,false,false,AGG.University@dummydata.com,USE EVENT SETTING,USE EVENT SETTING,0,0,
Leadership_SCP,Leadership_SCP (Round 19),01/13/2020 14:00:00.000,2020-07-02 18:00:00,,9,1,Offering of Supervisor Certification Program,Bldg_2_Room_207,,,,,USE EVENT SETTING,ILT Content,USE EVENT SETTING,USE EVENT SETTING,1,USE EVENT SETTING,USE EVENT SETTING,4.0,8.0,,1,No Email,1,USE EVENT SETTING,USE EVENT SETTING,USE EVENT SETTING,USE EVENT SETTING,USE EVENT SETTING,USE EVENT SETTING,USE EVENT SETTING,USE EVENT SETTING,USE EVENT SETTING,USE EVENT SETTING,USE EVENT SETTING,User performing the load,false,false,,,,,false,false,false,AGG.University@dummydata.com,USE EVENT SETTING,USE EVENT SETTING,0,0,
Leadership_SCP,Leadership_SCP (Round 20),2020-09-03 13:00:00,2020-03-04 17:00:00,,9,1,Offering of Supervisor Certification Program,Bldg_2_Room_207,,,,,USE EVENT SETTING,ILT Content,USE EVENT SETTING,USE EVENT SETTING,1,USE EVENT SETTING,USE EVENT SETTING,4.0,8.0,,1,No Email,1,USE EVENT SETTING,USE EVENT SETTING,USE EVENT SETTING,USE EVENT SETTING,USE EVENT SETTING,USE EVENT SETTING,USE EVENT SETTING,USE EVENT SETTING,USE EVENT SETTING,USE EVENT SETTING,USE EVENT SETTING,User performing the load,false,false,,,,,false,false,false,AGG.University@dummydata.com,USE EVENT SETTING,USE EVENT SETTING,0,0,
Leadership_SCP,Leadership_SCP (Round 21),04/20/2020 13:00:00.000,05/15/2020 17:00:00.000,,9,1,Offering of Supervisor Certification Program,Bldg_2_Room_207,,,,,USE EVENT SETTING,ILT Content,USE EVENT SETTING,USE EVENT SETTING,1,USE EVENT SETTING,USE EVENT SETTING,4.0,8.0,,1,No Email,1,USE EVENT SETTING,USE EVENT SETTING,USE EVENT SETTING,USE EVENT SETTING,USE EVENT SETTING,USE EVENT SETTING,USE EVENT SETTING,USE EVENT SETTING,USE EVENT SETTING,USE EVENT SETTING,USE EVENT SETTING,User performing the load,false,false,,,,,false,false,false,AGG.University@dummydata.com,USE EVENT SETTING,USE EVENT SETTING,0,0,
Leadership_SCP,Leadership_SCP (Round 22),2020-01-06 13:00:00,06/26/2020 17:00:00.000,,9,1,Offering of Supervisor Certification Program,Bldg_2_Room_207,,,,,USE EVENT SETTING,ILT Content,USE EVENT SETTING,USE EVENT SETTING,1,USE EVENT SETTING,USE EVENT SETTING,4.0,8.0,,1,No Email,1,USE EVENT SETTING,USE EVENT SETTING,USE EVENT SETTING,USE EVENT SETTING,USE EVENT SETTING,USE EVENT SETTING,USE EVENT SETTING,USE EVENT SETTING,USE EVENT SETTING,USE EVENT SETTING,USE EVENT SETTING,User performing the load,false,false,,,,,false,false,false,AGG.University@dummydata.com,USE EVENT SETTING,USE EVENT SETTING,0,0,
Leadership_SCP,Leadership_SCP (Round 23),2020-03-08 13:00:00,08/28/2020 17:00:00.000,,9,1,Offering of Supervisor Certification Program,Bldg_2_Room_207,,,,,USE EVENT SETTING,ILT Content,USE EVENT SETTING,USE EVENT SETTING,1,USE EVENT SETTING,USE EVENT SETTING,4.0,8.0,,1,No Email,1,USE EVENT SETTING,USE EVENT SETTING,USE EVENT SETTING,USE EVENT SETTING,USE EVENT SETTING,USE EVENT SETTING,USE EVENT SETTING,USE EVENT SETTING,USE EVENT SETTING,USE EVENT SETTING,USE EVENT SETTING,User performing the load,false,false,,,,,false,false,false,AGG.University@dummydata.com,USE EVENT SETTING,USE EVENT SETTING,0,0,
Leadership_SCP,Leadership_SCP (Round 24),09/14/2020 13:00:00.000,2020-09-10 17:00:00,,9,1,Offering of Supervisor Certification Program,Bldg_2_Room_207,,,,,USE EVENT SETTING,ILT Content,USE EVENT SETTING,USE EVENT SETTING,1,USE EVENT SETTING,USE EVENT SETTING,4.0,8.0,,1,No Email,1,USE EVENT SETTING,USE EVENT SETTING,USE EVENT SETTING,USE EVENT SETTING,USE EVENT SETTING,USE EVENT SETTING,USE EVENT SETTING,USE EVENT SETTING,USE EVENT SETTING,USE EVENT SETTING,USE EVENT SETTING,User performing the load,false,false,,,,,false,false,false,AGG.University@dummydata.com,USE EVENT SETTING,USE EVENT SETTING,0,0,
Leadership_SCP,Leadership_SCP (Round 25),10/26/2020 13:00:00.000,11/20/2020 18:00:00.000,,9,1,Offering of Supervisor Certification Program,Bldg_2_Room_207,,,,,USE EVENT SETTING,ILT Content,USE EVENT SETTING,USE EVENT SETTING,1,USE EVENT SETTING,USE EVENT SETTING,4.0,8.0,,1,No Email,1,USE EVENT SETTING,USE EVENT SETTING,USE EVENT SETTING,USE EVENT SETTING,USE EVENT SETTING,USE EVENT SETTING,USE EVENT SETTING,USE EVENT SETTING,USE EVENT SETTING,USE EVENT SETTING,USE EVENT SETTING,User performing the load,false,false,,,,,false,false,false,AGG.University@dummydata.com,USE EVENT SETTING,USE EVENT SETTING,0,0,
Leadership_SCP final presentation (ILT Course),leadership_scp final presentation (Group 18),2020-06-02 14:30:00,2020-06-02 16:30:00,,9,1,Offering of Supervisor Certification Program Final Presentation,Bldg_2_Room_207,,,,,USE EVENT SETTING,ILT Content,USE EVENT SETTING,USE EVENT SETTING,1,USE EVENT SETTING,USE EVENT SETTING,,,900.0,1,No Email,1,USE EVENT SETTING,USE EVENT SETTING,USE EVENT SETTING,USE EVENT SETTING,USE EVENT SETTING,USE EVENT SETTING,USE EVENT SETTING,USE EVENT SETTING,USE EVENT SETTING,USE EVENT SETTING,USE EVENT SETTING,User performing the load,false,false,,,,,false,false,false,AGG.University@dummydata.com,USE EVENT SETTING,USE EVENT SETTING,0,0,
Leadership_SCP final presentation (ILT Course),leadership_scp final presentation (Group 19) (ILT Course)-0002,2020-05-03 14:30:00,2020-05-03 16:00:00,,9,1,Offering of Supervisor Certification Program Final Presentation,Bldg_2_Room_207,,,,,USE EVENT SETTING,ILT Content,USE EVENT SETTING,USE EVENT SETTING,1,USE EVENT SETTING,USE EVENT SETTING,,,,1,No Email,1,USE EVENT SETTING,USE EVENT SETTING,USE EVENT SETTING,USE EVENT SETTING,USE EVENT SETTING,USE EVENT SETTING,USE EVENT SETTING,USE EVENT SETTING,USE EVENT SETTING,USE EVENT SETTING,USE EVENT SETTING,User performing the load,false,false,,,,,false,false,false,AGG.University@dummydata.com,USE EVENT SETTING,USE EVENT SETTING,0,0,
Leadership_SCP final presentation (ILT Course),leadership_scp final presentation (Group 19) (ILT Course)-0003,2020-04-03 14:30:00,2020-04-03 16:30:00,,9,1,Offering of Supervisor Certification Program Final Presentation,Bldg_2_Room_207,,,,,USE EVENT SETTING,ILT Content,USE EVENT SETTING,USE EVENT SETTING,1,USE EVENT SETTING,USE EVENT SETTING,,,,1,No Email,1,USE EVENT SETTING,USE EVENT SETTING,USE EVENT SETTING,USE EVENT SETTING,USE EVENT SETTING,USE EVENT SETTING,USE EVENT SETTING,USE EVENT SETTING,USE EVENT SETTING,USE EVENT SETTING,USE EVENT SETTING,User performing the load,false,false,,,,,false,false,false,AGG.University@dummydata.com,USE EVENT SETTING,USE EVENT SETTING,0,0,
Leadership_SCP Leadership & Goals_ARCHIVE,Leadership_SCP Leadership & Goals-0001,01/27/2020 14:00:00.000,01/31/2020 23:00:00.000,,9,1,Offering of Supervisor Certification Program Weekly (Leadership & Goals),Bldg_2_Room_207,,,,,USE EVENT SETTING,ILT Content,USE EVENT SETTING,USE EVENT SETTING,1,USE EVENT SETTING,USE EVENT SETTING,,,144000.0,1,No Email,1,USE EVENT SETTING,USE EVENT SETTING,USE EVENT SETTING,USE EVENT SETTING,USE EVENT SETTING,USE EVENT SETTING,USE EVENT SETTING,USE EVENT SETTING,USE EVENT SETTING,USE EVENT SETTING,USE EVENT SETTING,User performing the load,false,false,,,,,false,false,false,AGG.University@dummydata.com,USE EVENT SETTING,USE EVENT SETTING,0,0,
Leadership_SCP Quality & Problem Solving_ARCHIVE,Leadership_SCP Quality & Problem Solving-0001,10/21/2019 13:00:00.000,10/25/2019 22:00:00.000,,9,1,Offering of Supervisor Certification Program Weekly (Quality & Problem Solving),Bldg_2_Room_207,,,,,USE EVENT SETTING,ILT Content,USE EVENT SETTING,USE EVENT SETTING,1,USE EVENT SETTING,USE EVENT SETTING,,,144000.0,1,No Email,1,USE EVENT SETTING,USE EVENT SETTING,USE EVENT SETTING,USE EVENT SETTING,USE EVENT SETTING,USE EVENT SETTING,USE EVENT SETTING,USE EVENT SETTING,USE EVENT SETTING,USE EVENT SETTING,USE EVENT SETTING,User performing the load,false,false,,,,,false,false,false,AGG.University@dummydata.com,USE EVENT SETTING,USE EVENT SETTING,0,0,
Leadership_SCP Quality & Problem Solving_ARCHIVE,Leadership_SCP Quality & Problem Solving-0002,2019-04-11 14:00:00,2019-08-11 23:00:00,,9,1,Offering of Supervisor Certification Program Weekly (Quality & Problem Solving),Bldg_2_Room_207,,,,,USE EVENT SETTING,ILT Content,USE EVENT SETTING,USE EVENT SETTING,1,USE EVENT SETTING,USE EVENT SETTING,,,144000.0,1,No Email,1,USE EVENT SETTING,USE EVENT SETTING,USE EVENT SETTING,USE EVENT SETTING,USE EVENT SETTING,USE EVENT SETTING,USE EVENT SETTING,USE EVENT SETTING,USE EVENT SETTING,USE EVENT SETTING,USE EVENT SETTING,User performing the load,false,false,,,,,false,false,false,AGG.University@dummydata.com,USE EVENT SETTING,USE EVENT SETTING,0,0,
Leadership_SCP Standard Work & Training_ARCHIVE,Leadership_SCP Standard Work & Training-0001,2019-02-12 14:00:00,2019-06-12 23:00:00,,9,1,Offering of Supervisor Certification Program Weekly (Standard Work & Training),Bldg_2_Room_207,,,,,USE EVENT SETTING,ILT Content,USE EVENT SETTING,USE EVENT SETTING,1,USE EVENT SETTING,USE EVENT SETTING,,,144000.0,1,No Email,1,USE EVENT SETTING,USE EVENT SETTING,USE EVENT SETTING,USE EVENT SETTING,USE EVENT SETTING,USE EVENT SETTING,USE EVENT SETTING,USE EVENT SETTING,USE EVENT SETTING,USE EVENT SETTING,USE EVENT SETTING,User performing the load,false,false,,,,,false,false,false,AGG.University@dummydata.com,USE EVENT SETTING,USE EVENT SETTING,0,0,
Leadership_SCP Standard Work & Training_ARCHIVE,Leadership_SCP Standard Work & Training-0002,09/30/2019 13:00:00.000,2019-04-10 22:00:00,,9,1,Offering of Supervisor Certification Program Weekly (Standard Work & Training),Bldg_2_Room_207,,,,,USE EVENT SETTING,ILT Content,USE EVENT SETTING,USE EVENT SETTING,1,USE EVENT SETTING,USE EVENT SETTING,,,144000.0,1,No Email,1,USE EVENT SETTING,USE EVENT SETTING,USE EVENT SETTING,USE EVENT SETTING,USE EVENT SETTING,USE EVENT SETTING,USE EVENT SETTING,USE EVENT SETTING,USE EVENT SETTING,USE EVENT SETTING,USE EVENT SETTING,User performing the load,false,false,,,,,false,false,false,AGG.University@dummydata.com,USE EVENT SETTING,USE EVENT SETTING,0,0,
Leadership_SCP TPS & Safety (weekly),Leadership_SCP TPS & Safety-0001,2019-09-09 13:00:00,09/13/2019 22:00:00.000,,9,1,Offering of Supervisor Certification Program Weekly (TPS & Safety),Bldg_2_Room_207,,,,,USE EVENT SETTING,ILT Content,USE EVENT SETTING,USE EVENT SETTING,1,USE EVENT SETTING,USE EVENT SETTING,,,144000.0,1,No Email,1,USE EVENT SETTING,USE EVENT SETTING,USE EVENT SETTING,USE EVENT SETTING,USE EVENT SETTING,USE EVENT SETTING,USE EVENT SETTING,USE EVENT SETTING,USE EVENT SETTING,USE EVENT SETTING,USE EVENT SETTING,User performing the load,false,false,,,,,false,false,false,AGG.University@dummydata.com,USE EVENT SETTING,USE EVENT SETTING,0,0,
Leadership_SCP TPS & Safety (weekly),Leadership_SCP TPS & Safety-0002,09/16/2019 13:00:00.000,09/20/2019 22:00:00.000,,9,1,Offering of Supervisor Certification Program Weekly (TPS & Safety),Bldg_2_Room_207,,,,,USE EVENT SETTING,ILT Content,USE EVENT SETTING,USE EVENT SETTING,1,USE EVENT SETTING,USE EVENT SETTING,,,144000.0,1,No Email,1,USE EVENT SETTING,USE EVENT SETTING,USE EVENT SETTING,USE EVENT SETTING,USE EVENT SETTING,USE EVENT SETTING,USE EVENT SETTING,USE EVENT SETTING,USE EVENT SETTING,USE EVENT SETTING,USE EVENT SETTING,User performing the load,false,false,,,,,false,false,false,AGG.University@dummydata.com,USE EVENT SETTING,USE EVENT SETTING,0,0,
Leadership_TPS (AGGU),Leadership_TPS (AGGU) Class,01/31/2008 00:00:00.000,01/31/2008 01:00:00.000,,9,1,TPS I Class,Bldg_2_Room_207,,,,,USE EVENT SETTING,ILT Content,USE EVENT SETTING,USE EVENT SETTING,1,USE EVENT SETTING,USE EVENT SETTING,,,,1,No Email,1,USE EVENT SETTING,USE EVENT SETTING,USE EVENT SETTING,USE EVENT SETTING,USE EVENT SETTING,USE EVENT SETTING,USE EVENT SETTING,USE EVENT SETTING,USE EVENT SETTING,USE EVENT SETTING,USE EVENT SETTING,User performing the load,false,false,,,,,false,false,false,,USE EVENT SETTING,USE EVENT SETTING,0,0,
Leadership_TPS (vendor),Leadership_TPS (vendor) Class,01/31/2008 00:00:00.000,01/31/2008 01:00:00.000,,9,1,TPS Basics for Management Class,Bldg_2_Room_207,,,,,USE EVENT SETTING,ILT Content,USE EVENT SETTING,USE EVENT SETTING,1,USE EVENT SETTING,USE EVENT SETTING,,,,1,No Email,1,USE EVENT SETTING,USE EVENT SETTING,USE EVENT SETTING,USE EVENT SETTING,USE EVENT SETTING,USE EVENT SETTING,USE EVENT SETTING,USE EVENT SETTING,USE EVENT SETTING,USE EVENT SETTING,USE EVENT SETTING,User performing the load,false,false,,,,,false,false,false,,USE EVENT SETTING,USE EVENT SETTING,0,0,
Leadership_TWI Job Instruction - Refresher Course,Leadership_TWI Job Instruction - Refresher Course-0001,12/16/2019 14:00:00.000,12/16/2019 16:00:00.000,,9,1,Offering of TWI Job Instruction - Refresher Course,Bldg_2_Room_207,86295,,,,USE EVENT SETTING,ILT Content,USE EVENT SETTING,USE EVENT SETTING,1,USE EVENT SETTING,USE EVENT SETTING,6.0,15.0,7200.0,1,No Email,1,USE EVENT SETTING,USE EVENT SETTING,USE EVENT SETTING,USE EVENT SETTING,USE EVENT SETTING,USE EVENT SETTING,USE EVENT SETTING,USE EVENT SETTING,USE EVENT SETTING,USE EVENT SETTING,USE EVENT SETTING,User performing the load,false,false,,,,,false,false,false,AGG.University@dummydata.com,USE EVENT SETTING,USE EVENT SETTING,0,0,
Leadership_TWI Job Instruction - Refresher Course,Leadership_TWI Job Instruction - Refresher Course-0002,12/17/2019 13:00:00.000,12/17/2019 15:00:00.000,,9,1,Offering of TWI Job Instruction - Refresher Course,Bldg_2_Room_207,86295,,,,USE EVENT SETTING,ILT Content,USE EVENT SETTING,USE EVENT SETTING,1,USE EVENT SETTING,USE EVENT SETTING,6.0,15.0,7200.0,1,No Email,1,USE EVENT SETTING,USE EVENT SETTING,USE EVENT SETTING,USE EVENT SETTING,USE EVENT SETTING,USE EVENT SETTING,USE EVENT SETTING,USE EVENT SETTING,USE EVENT SETTING,USE EVENT SETTING,USE EVENT SETTING,User performing the load,false,false,,,,,false,false,false,AGG.University@dummydata.com,USE EVENT SETTING,USE EVENT SETTING,0,0,
Leadership_TWI Job Instruction - Refresher Course,Leadership_TWI Job Instruction - Refresher Course-0003,12/18/2019 14:00:00.000,12/18/2019 16:00:00.000,,9,1,Offering of TWI Job Instruction - Refresher Course,Bldg_2_Room_207,86295,,,,USE EVENT SETTING,ILT Content,USE EVENT SETTING,USE EVENT SETTING,1,USE EVENT SETTING,USE EVENT SETTING,6.0,15.0,7200.0,1,No Email,1,USE EVENT SETTING,USE EVENT SETTING,USE EVENT SETTING,USE EVENT SETTING,USE EVENT SETTING,USE EVENT SETTING,USE EVENT SETTING,USE EVENT SETTING,USE EVENT SETTING,USE EVENT SETTING,USE EVENT SETTING,User performing the load,false,false,,,,,false,false,false,AGG.University@dummydata.com,USE EVENT SETTING,USE EVENT SETTING,0,0,
Leadership_TWI Job Instruction - Refresher Course,Leadership_TWI Job Instruction - Refresher Course-0004,2019-12-12 15:00:00,2019-12-12 17:00:00,,9,1,Offering of TWI Job Instruction - Refresher Course,Bldg_2_Room_207,86295,,,,USE EVENT SETTING,ILT Content,USE EVENT SETTING,USE EVENT SETTING,1,USE EVENT SETTING,USE EVENT SETTING,6.0,15.0,7200.0,1,No Email,1,USE EVENT SETTING,USE EVENT SETTING,USE EVENT SETTING,USE EVENT SETTING,USE EVENT SETTING,USE EVENT SETTING,USE EVENT SETTING,USE EVENT SETTING,USE EVENT SETTING,USE EVENT SETTING,USE EVENT SETTING,User performing the load,false,false,,,,,false,false,false,AGG.University@dummydata.com,USE EVENT SETTING,USE EVENT SETTING,0,0,
Leadership_TWI Job Instruction - Refresher Course,Leadership_TWI Job Instruction - Refresher Course-0005,01/22/2020 11:00:00.000,01/22/2020 13:00:00.000,,9,1,Offering of TWI Job Instruction - Refresher Course,Bldg_2_Room_207,86295,,,,USE EVENT SETTING,ILT Content,USE EVENT SETTING,USE EVENT SETTING,1,USE EVENT SETTING,USE EVENT SETTING,6.0,15.0,7200.0,1,No Email,1,USE EVENT SETTING,USE EVENT SETTING,USE EVENT SETTING,USE EVENT SETTING,USE EVENT SETTING,USE EVENT SETTING,USE EVENT SETTING,USE EVENT SETTING,USE EVENT SETTING,USE EVENT SETTING,USE EVENT SETTING,User performing the load,false,false,,,,,false,false,false,AGG.University@dummydata.com,USE EVENT SETTING,USE EVENT SETTING,0,0,
Leadership_TWI Job Instruction - Refresher Course,Leadership_TWI Job Instruction - Refresher Course-0006,01/14/2020 13:00:00.000,01/14/2020 15:00:00.000,,9,1,Offering of TWI Job Instruction - Refresher Course,Bldg_2_Room_207,86295,,,,USE EVENT SETTING,ILT Content,USE EVENT SETTING,USE EVENT SETTING,1,USE EVENT SETTING,USE EVENT SETTING,6.0,15.0,7200.0,1,No Email,1,USE EVENT SETTING,USE EVENT SETTING,USE EVENT SETTING,USE EVENT SETTING,USE EVENT SETTING,USE EVENT SETTING,USE EVENT SETTING,USE EVENT SETTING,USE EVENT SETTING,USE EVENT SETTING,USE EVENT SETTING,User performing the load,false,false,,,,,false,false,false,AGG.University@dummydata.com,USE EVENT SETTING,USE EVENT SETTING,0,0,
Leadership_TWI Job Instruction - Refresher Course,Leadership_TWI Job Instruction - Refresher Course-0008,01/28/2020 11:00:00.000,01/28/2020 13:00:00.000,,9,1,Offering of TWI Job Instruction - Refresher Course (CANCELLED),Bldg_2_Room_207,86295,,,,USE EVENT SETTING,ILT Content,USE EVENT SETTING,USE EVENT SETTING,1,USE EVENT SETTING,USE EVENT SETTING,6.0,15.0,7200.0,1,No Email,1,USE EVENT SETTING,USE EVENT SETTING,USE EVENT SETTING,USE EVENT SETTING,USE EVENT SETTING,USE EVENT SETTING,USE EVENT SETTING,USE EVENT SETTING,USE EVENT SETTING,USE EVENT SETTING,USE EVENT SETTING,User performing the load,false,false,,,,,false,false,false,AGG.University@dummydata.com,USE EVENT SETTING,USE EVENT SETTING,0,0,
Leadership_TWI Job Instruction - Refresher Course,Leadership_TWI Job Instruction - Refresher Course-0009,01/29/2020 20:00:00.000,01/29/2020 22:00:00.000,,9,1,Offering of TWI Job Instruction - Refresher Course (CANCELLED),Bldg_2_Room_207,86295,,,,USE EVENT SETTING,ILT Content,USE EVENT SETTING,USE EVENT SETTING,1,USE EVENT SETTING,USE EVENT SETTING,6.0,15.0,7200.0,1,No Email,1,USE EVENT SETTING,USE EVENT SETTING,USE EVENT SETTING,USE EVENT SETTING,USE EVENT SETTING,USE EVENT SETTING,USE EVENT SETTING,USE EVENT SETTING,USE EVENT SETTING,USE EVENT SETTING,USE EVENT SETTING,User performing the load,false,false,,,,,false,false,false,AGG.University@dummydata.com,USE EVENT SETTING,USE EVENT SETTING,0,0,
Leadership_TWI Job Instruction - Refresher Course,Leadership_TWI Job Instruction - Refresher Course-0010,02/13/2020 14:00:00.000,02/13/2020 16:00:00.000,,9,1,Offering of TWI Job Instruction - Refresher Course,Bldg_2_Room_207,86295,,,,USE EVENT SETTING,ILT Content,USE EVENT SETTING,USE EVENT SETTING,1,USE EVENT SETTING,USE EVENT SETTING,1.0,10.0,7200.0,1,No Email,1,USE EVENT SETTING,USE EVENT SETTING,USE EVENT SETTING,USE EVENT SETTING,USE EVENT SETTING,USE EVENT SETTING,USE EVENT SETTING,USE EVENT SETTING,USE EVENT SETTING,USE EVENT SETTING,USE EVENT SETTING,User performing the load,false,false,,,,,false,false,false,AGG.University@dummydata.com,USE EVENT SETTING,USE EVENT SETTING,0,0,
Leadership_TWI Job Instruction 10-hour,Leadership_TWI Job Instruction 10-hour Class,01/31/2008 00:00:00.000,01/31/2008 01:00:00.000,,9,1,TWI Job Instruction 10-hour Cert Class,Bldg_2_Room_207,,,,,USE EVENT SETTING,ILT Content,USE EVENT SETTING,USE EVENT SETTING,1,USE EVENT SETTING,USE EVENT SETTING,,,,1,No Email,1,USE EVENT SETTING,USE EVENT SETTING,USE EVENT SETTING,USE EVENT SETTING,USE EVENT SETTING,USE EVENT SETTING,USE EVENT SETTING,USE EVENT SETTING,USE EVENT SETTING,USE EVENT SETTING,USE EVENT SETTING,User performing the load,false,false,,,,,false,false,false,,USE EVENT SETTING,USE EVENT SETTING,0,0,
Leadership_TWI Job Instruction 10-hour,Leadership_TWI Job Instruction 10-hour-0003,05/13/2019 12:00:00.000,05/17/2019 14:00:00.000,,9,1,Offering of TWI Job Instruction 10-hour Certification,Bldg_2_Room_207,86295,,,,USE EVENT SETTING,ILT Content,USE EVENT SETTING,USE EVENT SETTING,1,USE EVENT SETTING,USE EVENT SETTING,,10.0,36000.0,1,No Email,1,USE EVENT SETTING,USE EVENT SETTING,USE EVENT SETTING,USE EVENT SETTING,USE EVENT SETTING,USE EVENT SETTING,USE EVENT SETTING,USE EVENT SETTING,USE EVENT SETTING,USE EVENT SETTING,USE EVENT SETTING,User performing the load,false,false,,,,,false,false,false,AGG.University@dummydata.com,USE EVENT SETTING,USE EVENT SETTING,0,0,
Leadership_TWI Job Instruction 10-hour,Leadership_TWI Job Instruction 10-hour-0004,06/24/2019 19:00:00.000,06/28/2019 21:00:00.000,,9,1,Offering of TWI Job Instruction 10-hour Certification,Bldg_2_Room_207,86295,,,,USE EVENT SETTING,ILT Content,USE EVENT SETTING,USE EVENT SETTING,1,USE EVENT SETTING,USE EVENT SETTING,,10.0,36000.0,1,No Email,1,USE EVENT SETTING,USE EVENT SETTING,USE EVENT SETTING,USE EVENT SETTING,USE EVENT SETTING,USE EVENT SETTING,USE EVENT SETTING,USE EVENT SETTING,USE EVENT SETTING,USE EVENT SETTING,USE EVENT SETTING,User performing the load,false,false,,,,,false,false,false,AGG.University@dummydata.com,USE EVENT SETTING,USE EVENT SETTING,0,0,
Leadership_TWI Job Instruction 10-hour,Leadership_TWI Job Instruction 10-hour-0008,12/16/2019 19:30:00.000,12/20/2019 21:30:00.000,,9,1,Offering of TWI Job Instruction 10-hour Certification,Bldg_2_Room_207,86295,,,,USE EVENT SETTING,ILT Content,USE EVENT SETTING,USE EVENT SETTING,1,USE EVENT SETTING,USE EVENT SETTING,5.0,10.0,36000.0,1,No Email,1,USE EVENT SETTING,USE EVENT SETTING,USE EVENT SETTING,USE EVENT SETTING,USE EVENT SETTING,USE EVENT SETTING,USE EVENT SETTING,USE EVENT SETTING,USE EVENT SETTING,USE EVENT SETTING,USE EVENT SETTING,User performing the load,false,false,,,,,false,false,false,AGG.University@dummydata.com,USE EVENT SETTING,USE EVENT SETTING,0,0,
Leadership_TWI Job Instruction 10-hour,Leadership_TWI Job Instruction 10-hour-0009,2020-10-02 14:00:00,02/14/2020 16:00:00.000,,9,1,Offering of TWI Job Instruction 10-hour Certification,Bldg_2_Room_207,86295,,,,USE EVENT SETTING,ILT Content,USE EVENT SETTING,USE EVENT SETTING,1,USE EVENT SETTING,USE EVENT SETTING,5.0,10.0,36000.0,1,No Email,1,USE EVENT SETTING,USE EVENT SETTING,USE EVENT SETTING,USE EVENT SETTING,USE EVENT SETTING,USE EVENT SETTING,USE EVENT SETTING,USE EVENT SETTING,USE EVENT SETTING,USE EVENT SETTING,USE EVENT SETTING,User performing the load,false,false,,,,,false,false,false,AGG.University@dummydata.com,USE EVENT SETTING,USE EVENT SETTING,0,0,
Leadership_TWI Job Instruction 10-hour,Leadership_TWI Job Instruction 10-hour-0010,2020-06-01 21:00:00,2020-10-01 23:00:00,,9,1,Offering of TWI Job Instruction 10-hour Certification,Bldg_2_Room_207,86295,,,,USE EVENT SETTING,ILT Content,USE EVENT SETTING,USE EVENT SETTING,1,USE EVENT SETTING,USE EVENT SETTING,5.0,10.0,36000.0,1,No Email,1,USE EVENT SETTING,USE EVENT SETTING,USE EVENT SETTING,USE EVENT SETTING,USE EVENT SETTING,USE EVENT SETTING,USE EVENT SETTING,USE EVENT SETTING,USE EVENT SETTING,USE EVENT SETTING,USE EVENT SETTING,User performing the load,false,false,,,,,false,false,false,AGG.University@dummydata.com,USE EVENT SETTING,USE EVENT SETTING,0,0,
Leadership_TWI Job Instruction 10-hour,Leadership_TWI Job Instruction 10-hour-0011,2019-12-08 19:00:00,08/16/2019 21:00:00.000,,9,1,Offering of TWI Job Instruction 10-hour Certification,Bldg_2_Room_207,86295,,,,USE EVENT SETTING,ILT Content,USE EVENT SETTING,USE EVENT SETTING,1,USE EVENT SETTING,USE EVENT SETTING,,10.0,36000.0,1,No Email,1,USE EVENT SETTING,USE EVENT SETTING,USE EVENT SETTING,USE EVENT SETTING,USE EVENT SETTING,USE EVENT SETTING,USE EVENT SETTING,USE EVENT SETTING,USE EVENT SETTING,USE EVENT SETTING,USE EVENT SETTING,User performing the load,false,false,,,,,false,false,false,AGG.University@dummydata.com,USE EVENT SETTING,USE EVENT SETTING,0,0,
Leadership_TWI Job Instruction 10-hour,Leadership_TWI Job Instruction 10-hour-0012,09/23/2019 19:00:00.000,09/27/2019 21:00:00.000,,9,1,Offering of TWI Job Instruction 10-hour Certification,Bldg_2_Room_207,86295,,,,USE EVENT SETTING,ILT Content,USE EVENT SETTING,USE EVENT SETTING,1,USE EVENT SETTING,USE EVENT SETTING,,10.0,36000.0,1,No Email,1,USE EVENT SETTING,USE EVENT SETTING,USE EVENT SETTING,USE EVENT SETTING,USE EVENT SETTING,USE EVENT SETTING,USE EVENT SETTING,USE EVENT SETTING,USE EVENT SETTING,USE EVENT SETTING,USE EVENT SETTING,User performing the load,false,false,,,,,false,false,false,AGG.University@dummydata.com,USE EVENT SETTING,USE EVENT SETTING,0,0,
Leadership_TWI Job Instruction 10-hour,Leadership_TWI Job Instruction 10-hour-0013,10/14/2019 13:00:00.000,10/18/2019 15:00:00.000,,9,1,Offering of TWI Job Instruction 10-hour Certification,Bldg_2_Room_207,86295,,,,USE EVENT SETTING,ILT Content,USE EVENT SETTING,USE EVENT SETTING,1,USE EVENT SETTING,USE EVENT SETTING,,10.0,36000.0,1,No Email,1,USE EVENT SETTING,USE EVENT SETTING,USE EVENT SETTING,USE EVENT SETTING,USE EVENT SETTING,USE EVENT SETTING,USE EVENT SETTING,USE EVENT SETTING,USE EVENT SETTING,USE EVENT SETTING,USE EVENT SETTING,User performing the load,false,false,,,,,false,false,false,AGG.University@dummydata.com,USE EVENT SETTING,USE EVENT SETTING,0,0,
Leadership_TWI Job Instruction 10-hour,Leadership_TWI Job Instruction 10-hour-0014,2019-04-11 20:00:00,2019-08-11 22:00:00,,9,1,Offering of TWI Job Instruction 10-hour Certification,Bldg_2_Room_207,86295,,,,USE EVENT SETTING,ILT Content,USE EVENT SETTING,USE EVENT SETTING,1,USE EVENT SETTING,USE EVENT SETTING,5.0,10.0,36000.0,1,No Email,1,USE EVENT SETTING,USE EVENT SETTING,USE EVENT SETTING,USE EVENT SETTING,USE EVENT SETTING,USE EVENT SETTING,USE EVENT SETTING,USE EVENT SETTING,USE EVENT SETTING,USE EVENT SETTING,USE EVENT SETTING,User performing the load,false,false,,,,,false,false,false,AGG.University@dummydata.com,USE EVENT SETTING,USE EVENT SETTING,0,0,
Leadership_TWI Job Instruction 10-hour,Leadership_TWI Job Instruction 10-hour-0015,2019-09-12 13:00:00,12/13/2019 15:00:00.000,,9,1,Offering of TWI Job Instruction 10-hour Certification,Bldg_2_Room_207,86295,,,,USE EVENT SETTING,ILT Content,USE EVENT SETTING,USE EVENT SETTING,1,USE EVENT SETTING,USE EVENT SETTING,5.0,10.0,36000.0,1,No Email,1,USE EVENT SETTING,USE EVENT SETTING,USE EVENT SETTING,USE EVENT SETTING,USE EVENT SETTING,USE EVENT SETTING,USE EVENT SETTING,USE EVENT SETTING,USE EVENT SETTING,USE EVENT SETTING,USE EVENT SETTING,User performing the load,false,false,,,,,false,false,false,AGG.University@dummydata.com,USE EVENT SETTING,USE EVENT SETTING,0,0,
Leadership_TWI Job Instruction 10-hour,Leadership_TWI Job Instruction 10-hour-0016,09/30/2019 19:00:00.000,2019-04-10 21:00:00,,9,1,Offering of TWI Job Instruction 10-hour Certification,Bldg_2_Room_207,86295,,,,USE EVENT SETTING,ILT Content,USE EVENT SETTING,USE EVENT SETTING,1,USE EVENT SETTING,USE EVENT SETTING,6.0,6.0,36000.0,1,No Email,1,USE EVENT SETTING,USE EVENT SETTING,USE EVENT SETTING,USE EVENT SETTING,USE EVENT SETTING,USE EVENT SETTING,USE EVENT SETTING,USE EVENT SETTING,USE EVENT SETTING,USE EVENT SETTING,USE EVENT SETTING,User performing the load,false,false,,,,,false,false,false,AGG.University@dummydata.com,USE EVENT SETTING,USE EVENT SETTING,0,0,
Leadership_TWI Job Instruction 10-hour,Leadership_TWI Job Instruction 10-hour-0017,2019-11-11 14:00:00,11/15/2019 16:00:00.000,,9,1,Offering of TWI Job Instruction 10-hour Certification,Bldg_2_Room_207,86295,,,,USE EVENT SETTING,ILT Content,USE EVENT SETTING,USE EVENT SETTING,1,USE EVENT SETTING,USE EVENT SETTING,5.0,10.0,36000.0,1,No Email,1,USE EVENT SETTING,USE EVENT SETTING,USE EVENT SETTING,USE EVENT SETTING,USE EVENT SETTING,USE EVENT SETTING,USE EVENT SETTING,USE EVENT SETTING,USE EVENT SETTING,USE EVENT SETTING,USE EVENT SETTING,User performing the load,false,false,,,,,false,false,false,AGG.University@dummydata.com,USE EVENT SETTING,USE EVENT SETTING,0,0,
Leadership_TWI Job Instruction 10-hour,Leadership_TWI Job Instruction 10-hour-0018,2019-09-12 11:00:00,12/13/2019 13:00:00.000,,9,1,Offering of TWI Job Instruction 10-hour Certification,Bldg_2_Room_207,86295,,,,USE EVENT SETTING,ILT Content,USE EVENT SETTING,USE EVENT SETTING,1,USE EVENT SETTING,USE EVENT SETTING,5.0,10.0,36000.0,1,No Email,1,USE EVENT SETTING,USE EVENT SETTING,USE EVENT SETTING,USE EVENT SETTING,USE EVENT SETTING,USE EVENT SETTING,USE EVENT SETTING,USE EVENT SETTING,USE EVENT SETTING,USE EVENT SETTING,USE EVENT SETTING,User performing the load,false,false,,,,,false,false,false,AGG.University@dummydata.com,USE EVENT SETTING,USE EVENT SETTING,0,0,
Leadership_TWI Job Instruction 10-hour,Leadership_TWI Job Instruction 10-hour-0019,2020-03-02 20:00:00,2020-07-02 22:00:00,,9,1,Offering of TWI Job Instruction 10-hour Certification,Bldg_2_Room_207,86295,,,,USE EVENT SETTING,ILT Content,USE EVENT SETTING,USE EVENT SETTING,1,USE EVENT SETTING,USE EVENT SETTING,5.0,10.0,36000.0,1,No Email,1,USE EVENT SETTING,USE EVENT SETTING,USE EVENT SETTING,USE EVENT SETTING,USE EVENT SETTING,USE EVENT SETTING,USE EVENT SETTING,USE EVENT SETTING,USE EVENT SETTING,USE EVENT SETTING,USE EVENT SETTING,User performing the load,false,false,,,,,false,false,false,AGG.University@dummydata.com,USE EVENT SETTING,USE EVENT SETTING,0,0,
Leadership_TWI Job Instruction 10-hour,Leadership_TWI Job Instruction 10-hour-0020,03/30/2020 10:00:00.000,2020-03-04 12:00:00,,9,1,Offering of TWI Job Instruction 10-hour Certification (CANCELLED),Bldg_2_Room_207,86295,,,,USE EVENT SETTING,ILT Content,USE EVENT SETTING,USE EVENT SETTING,1,USE EVENT SETTING,USE EVENT SETTING,5.0,10.0,36000.0,1,No Email,1,USE EVENT SETTING,USE EVENT SETTING,USE EVENT SETTING,USE EVENT SETTING,USE EVENT SETTING,USE EVENT SETTING,USE EVENT SETTING,USE EVENT SETTING,USE EVENT SETTING,USE EVENT SETTING,USE EVENT SETTING,User performing the load,false,false,,,,,false,false,false,AGG.University@dummydata.com,USE EVENT SETTING,USE EVENT SETTING,0,0,
Leadership_TWI Job Instruction 10-hour,Leadership_TWI Job Instruction 10-hour-0022,01/27/2020 14:00:00.000,01/31/2020 16:00:00.000,,9,1,Offering of TWI Job Instruction 10-hour Certification,Bldg_2_Room_207,86295,,,,USE EVENT SETTING,ILT Content,USE EVENT SETTING,USE EVENT SETTING,1,USE EVENT SETTING,USE EVENT SETTING,5.0,10.0,36000.0,1,No Email,1,USE EVENT SETTING,USE EVENT SETTING,USE EVENT SETTING,USE EVENT SETTING,USE EVENT SETTING,USE EVENT SETTING,USE EVENT SETTING,USE EVENT SETTING,USE EVENT SETTING,USE EVENT SETTING,USE EVENT SETTING,User performing the load,false,false,,,,,false,false,false,AGG.University@dummydata.com,USE EVENT SETTING,USE EVENT SETTING,0,0,
Leadership_TWI Job Instruction 10-hour,Leadership_TWI Job Instruction 10-hour-0023,2020-11-05 10:00:00,05/15/2020 12:00:00.000,,9,1,Offering of TWI Job Instruction 10-hour Certification,Bldg_2_Room_207,adrianmartinez,,,,USE EVENT SETTING,ILT Content,USE EVENT SETTING,USE EVENT SETTING,1,USE EVENT SETTING,USE EVENT SETTING,5.0,10.0,36000.0,1,No Email,1,USE EVENT SETTING,USE EVENT SETTING,USE EVENT SETTING,USE EVENT SETTING,USE EVENT SETTING,USE EVENT SETTING,USE EVENT SETTING,USE EVENT SETTING,USE EVENT SETTING,USE EVENT SETTING,USE EVENT SETTING,User performing the load,false,false,,,,,false,false,false,AGG.University@dummydata.com,USE EVENT SETTING,USE EVENT SETTING,0,0,
Leadership_TWI Job Instruction 10-hour,Leadership_TWI Job Instruction 10-hour-0024,2020-11-05 13:00:00,05/15/2020 15:00:00.000,,9,1,Offering of TWI Job Instruction 10-hour Certification,Bldg_2_Room_207,adrianmartinez,,,,USE EVENT SETTING,ILT Content,USE EVENT SETTING,USE EVENT SETTING,1,USE EVENT SETTING,USE EVENT SETTING,5.0,10.0,,1,No Email,1,USE EVENT SETTING,USE EVENT SETTING,USE EVENT SETTING,USE EVENT SETTING,USE EVENT SETTING,USE EVENT SETTING,USE EVENT SETTING,USE EVENT SETTING,USE EVENT SETTING,USE EVENT SETTING,USE EVENT SETTING,User performing the load,false,false,,,,,false,false,false,AGG.University@dummydata.com,USE EVENT SETTING,USE EVENT SETTING,0,0,
Leadership_TWI Job Instruction 10-hour,Leadership_TWI Job Instruction 10-hour-0025,03/16/2020 10:00:00.000,03/20/2020 12:00:00.000,,9,1,Offering of TWI Job Instruction 10-hour Certification,Bldg_2_Room_207,adrianmartinez,,,,USE EVENT SETTING,ILT Content,USE EVENT SETTING,USE EVENT SETTING,1,USE EVENT SETTING,USE EVENT SETTING,5.0,10.0,36000.0,1,No Email,1,USE EVENT SETTING,USE EVENT SETTING,USE EVENT SETTING,USE EVENT SETTING,USE EVENT SETTING,USE EVENT SETTING,USE EVENT SETTING,USE EVENT SETTING,USE EVENT SETTING,USE EVENT SETTING,USE EVENT SETTING,User performing the load,false,false,,,,,false,false,false,AGG.University@dummydata.com,USE EVENT SETTING,USE EVENT SETTING,0,0,
Leadership_TWI Job Instruction 10-hour,Leadership_TWI Job Instruction 10-hour-0026,03/16/2020 13:00:00.000,03/20/2020 15:00:00.000,,9,1,Offering of TWI Job Instruction 10-hour Certification,Bldg_2_Room_207,adrianmartinez,,,,USE EVENT SETTING,ILT Content,USE EVENT SETTING,USE EVENT SETTING,1,USE EVENT SETTING,USE EVENT SETTING,0.0,3.0,36000.0,1,No Email,1,USE EVENT SETTING,USE EVENT SETTING,USE EVENT SETTING,USE EVENT SETTING,USE EVENT SETTING,USE EVENT SETTING,USE EVENT SETTING,USE EVENT SETTING,USE EVENT SETTING,USE EVENT SETTING,USE EVENT SETTING,User performing the load,false,false,,,,,false,false,false,AGG.University@dummydata.com,USE EVENT SETTING,USE EVENT SETTING,0,0,
Leadership_TWI Job Instruction 10-hour,Leadership_TWI Job Instruction 10-hour-0026,03/16/2020 13:00:00.000,03/20/2020 15:00:00.000,,9,1,Offering of TWI Job Instruction 10-hour Certification (CANCELLED),Bldg_2_Room_207,adrianmartinez,,,,USE EVENT SETTING,ILT Content,USE EVENT SETTING,USE EVENT SETTING,1,USE EVENT SETTING,USE EVENT SETTING,0.0,3.0,36000.0,1,No Email,1,USE EVENT SETTING,USE EVENT SETTING,USE EVENT SETTING,USE EVENT SETTING,USE EVENT SETTING,USE EVENT SETTING,USE EVENT SETTING,USE EVENT SETTING,USE EVENT SETTING,USE EVENT SETTING,USE EVENT SETTING,User performing the load,false,false,,,,,false,false,false,AGG.University@dummydata.com,USE EVENT SETTING,USE EVENT SETTING,0,0,
Leadership_TWI Job Relations 10-hour,Leadership_TWI Job Relations 10-hour Class,01/31/2008 00:00:00.000,01/31/2008 01:00:00.000,,9,1,TWI Job Relations 10-hour Cert. Class,Bldg_2_Room_207,,,,,USE EVENT SETTING,ILT Content,USE EVENT SETTING,USE EVENT SETTING,1,USE EVENT SETTING,USE EVENT SETTING,,,,1,No Email,1,USE EVENT SETTING,USE EVENT SETTING,USE EVENT SETTING,USE EVENT SETTING,USE EVENT SETTING,USE EVENT SETTING,USE EVENT SETTING,USE EVENT SETTING,USE EVENT SETTING,USE EVENT SETTING,USE EVENT SETTING,User performing the load,false,false,,,,,false,false,false,,USE EVENT SETTING,USE EVENT SETTING,0,0,
Leadership_TWI_T3 Job Relations Instructor (40-hr. cert),Train the Trainer_TWI Job Relations Instructor (40-hr. cert) Class,01/31/2008 00:00:00.000,01/31/2008 01:00:00.000,,9,1,TWI Job Relations Instructor (TWI Institute) Class,Bldg_2_Room_207,,,,,USE EVENT SETTING,ILT Content,USE EVENT SETTING,USE EVENT SETTING,1,USE EVENT SETTING,USE EVENT SETTING,,,,1,No Email,1,USE EVENT SETTING,USE EVENT SETTING,USE EVENT SETTING,USE EVENT SETTING,USE EVENT SETTING,USE EVENT SETTING,USE EVENT SETTING,USE EVENT SETTING,USE EVENT SETTING,USE EVENT SETTING,USE EVENT SETTING,User performing the load,false,false,,,,,false,false,false,,USE EVENT SETTING,USE EVENT SETTING,0,0,
"Lean Manufacturing ""Simulation Workshop"" (vendor)","Lean Manufacturing ""Simulation Workshop"" (vendor) Class",01/31/2008 00:00:00.000,01/31/2008 01:00:00.000,,9,1,Lean Manufacturing Simulation Workshop Class,Bldg_2_Room_207,,,,,USE EVENT SETTING,ILT Content,USE EVENT SETTING,USE EVENT SETTING,1,USE EVENT SETTING,USE EVENT SETTING,,,,1,No Email,1,USE EVENT SETTING,USE EVENT SETTING,USE EVENT SETTING,USE EVENT SETTING,USE EVENT SETTING,USE EVENT SETTING,USE EVENT SETTING,USE EVENT SETTING,USE EVENT SETTING,USE EVENT SETTING,USE EVENT SETTING,User performing the load,false,false,,,,,false,false,false,,USE EVENT SETTING,USE EVENT SETTING,0,0,
Legal_FMLA for Management (AGG specifics),Legal_FMLA for Management (AGG specifics) Class,01/31/2008 00:00:00.000,01/31/2008 01:00:00.000,,9,1,FMLA for Management (AGG specifics) Class,Bldg_2_Room_207,,,,,USE EVENT SETTING,ILT Content,USE EVENT SETTING,USE EVENT SETTING,1,USE EVENT SETTING,USE EVENT SETTING,,,,1,No Email,1,USE EVENT SETTING,USE EVENT SETTING,USE EVENT SETTING,USE EVENT SETTING,USE EVENT SETTING,USE EVENT SETTING,USE EVENT SETTING,USE EVENT SETTING,USE EVENT SETTING,USE EVENT SETTING,USE EVENT SETTING,User performing the load,false,false,,,,,false,false,false,,USE EVENT SETTING,USE EVENT SETTING,0,0,
Motivating Others (MAC),Motivating Others (MAC) Class,01/31/2008 00:00:00.000,01/31/2008 01:00:00.000,,9,1,Motivating Others Workshop Class,Bldg_2_Room_207,,,,,USE EVENT SETTING,ILT Content,USE EVENT SETTING,USE EVENT SETTING,1,USE EVENT SETTING,USE EVENT SETTING,,,,1,No Email,1,USE EVENT SETTING,USE EVENT SETTING,USE EVENT SETTING,USE EVENT SETTING,USE EVENT SETTING,USE EVENT SETTING,USE EVENT SETTING,USE EVENT SETTING,USE EVENT SETTING,USE EVENT SETTING,USE EVENT SETTING,User performing the load,false,false,,,,,false,false,false,,USE EVENT SETTING,USE EVENT SETTING,0,0,
Onboarding_Mentor Certification Training,Onboarding_Mentor Certification Training-0001,07/23/2019 13:00:00.000,07/23/2019 16:00:00.000,,9,1,Offering of Mentor Certification Training,Bldg_2_Room_207,86295,,,,USE EVENT SETTING,ILT Content,USE EVENT SETTING,USE EVENT SETTING,1,USE EVENT SETTING,USE EVENT SETTING,4.0,10.0,10800.0,1,No Email,1,USE EVENT SETTING,USE EVENT SETTING,USE EVENT SETTING,USE EVENT SETTING,USE EVENT SETTING,USE EVENT SETTING,USE EVENT SETTING,USE EVENT SETTING,USE EVENT SETTING,USE EVENT SETTING,USE EVENT SETTING,User performing the load,false,false,,,,,false,false,false,AGG.University@dummydata.com,USE EVENT SETTING,USE EVENT SETTING,0,0,
Onboarding_Mentor Certification Training,Onboarding_Mentor Certification Training-0002,07/25/2019 13:00:00.000,07/25/2019 16:00:00.000,,9,1,Offering of Mentor Certification Training,Bldg_2_Room_207,86295,,,,USE EVENT SETTING,ILT Content,USE EVENT SETTING,USE EVENT SETTING,1,USE EVENT SETTING,USE EVENT SETTING,4.0,10.0,10800.0,1,No Email,1,USE EVENT SETTING,USE EVENT SETTING,USE EVENT SETTING,USE EVENT SETTING,USE EVENT SETTING,USE EVENT SETTING,USE EVENT SETTING,USE EVENT SETTING,USE EVENT SETTING,USE EVENT SETTING,USE EVENT SETTING,User performing the load,false,false,,,,,false,false,false,AGG.University@dummydata.com,USE EVENT SETTING,USE EVENT SETTING,0,0,
Onboarding_Mentor Certification Training,Onboarding_Mentor Certification Training-0003,2019-07-08 19:00:00,2019-07-08 22:00:00,,9,1,Offering of Mentor Certification Training,Bldg_2_Room_207,86295,,,,USE EVENT SETTING,ILT Content,USE EVENT SETTING,USE EVENT SETTING,1,USE EVENT SETTING,USE EVENT SETTING,4.0,10.0,10800.0,1,No Email,1,USE EVENT SETTING,USE EVENT SETTING,USE EVENT SETTING,USE EVENT SETTING,USE EVENT SETTING,USE EVENT SETTING,USE EVENT SETTING,USE EVENT SETTING,USE EVENT SETTING,USE EVENT SETTING,USE EVENT SETTING,User performing the load,false,false,,,,,false,false,false,AGG.University@dummydata.com,USE EVENT SETTING,USE EVENT SETTING,0,0,
Onboarding_Mentor Certification Training,Onboarding_Mentor Certification Training-0004,2019-08-08 19:00:00,2019-08-08 22:00:00,,9,1,Offering of Mentor Certification Training,Bldg_2_Room_207,86295,,,,USE EVENT SETTING,ILT Content,USE EVENT SETTING,USE EVENT SETTING,1,USE EVENT SETTING,USE EVENT SETTING,4.0,10.0,10800.0,1,No Email,1,USE EVENT SETTING,USE EVENT SETTING,USE EVENT SETTING,USE EVENT SETTING,USE EVENT SETTING,USE EVENT SETTING,USE EVENT SETTING,USE EVENT SETTING,USE EVENT SETTING,USE EVENT SETTING,USE EVENT SETTING,User performing the load,false,false,,,,,false,false,false,AGG.University@dummydata.com,USE EVENT SETTING,USE EVENT SETTING,0,0,
Onboarding_Mentor Certification Training,Onboarding_Mentor Certification Training-0005,2019-03-09 13:00:00,2019-03-09 16:00:00,,9,1,Offering of Mentor Certification Training,Bldg_2_Room_207,86295,,,,USE EVENT SETTING,ILT Content,USE EVENT SETTING,USE EVENT SETTING,1,USE EVENT SETTING,USE EVENT SETTING,4.0,10.0,10800.0,1,No Email,1,USE EVENT SETTING,USE EVENT SETTING,USE EVENT SETTING,USE EVENT SETTING,USE EVENT SETTING,USE EVENT SETTING,USE EVENT SETTING,USE EVENT SETTING,USE EVENT SETTING,USE EVENT SETTING,USE EVENT SETTING,User performing the load,false,false,,,,,false,false,false,AGG.University@dummydata.com,USE EVENT SETTING,USE EVENT SETTING,0,0,
Onboarding_Mentor Certification Training,Onboarding_Mentor Certification Training-0006,2019-05-09 13:00:00,2019-05-09 16:00:00,,9,1,Offering of Mentor Certification Training,Bldg_2_Room_207,86295,,,,USE EVENT SETTING,ILT Content,USE EVENT SETTING,USE EVENT SETTING,1,USE EVENT SETTING,USE EVENT SETTING,4.0,10.0,10800.0,1,No Email,1,USE EVENT SETTING,USE EVENT SETTING,USE EVENT SETTING,USE EVENT SETTING,USE EVENT SETTING,USE EVENT SETTING,USE EVENT SETTING,USE EVENT SETTING,USE EVENT SETTING,USE EVENT SETTING,USE EVENT SETTING,User performing the load,false,false,,,,,false,false,false,AGG.University@dummydata.com,USE EVENT SETTING,USE EVENT SETTING,0,0,
Onboarding_Mentor Certification Training,Onboarding_Mentor Certification Training-0007,10/15/2019 18:00:00.000,10/15/2019 21:00:00.000,,9,1,Offering of Mentor Certification Training,Bldg_2_Room_207,86295,,,,USE EVENT SETTING,ILT Content,USE EVENT SETTING,USE EVENT SETTING,1,USE EVENT SETTING,USE EVENT SETTING,4.0,10.0,10800.0,1,No Email,1,USE EVENT SETTING,USE EVENT SETTING,USE EVENT SETTING,USE EVENT SETTING,USE EVENT SETTING,USE EVENT SETTING,USE EVENT SETTING,USE EVENT SETTING,USE EVENT SETTING,USE EVENT SETTING,USE EVENT SETTING,User performing the load,false,false,,,,,false,false,false,AGG.University@dummydata.com,USE EVENT SETTING,USE EVENT SETTING,0,0,
Onboarding_Mentor Certification Training,Onboarding_Mentor Certification Training-0008,10/17/2019 18:00:00.000,10/17/2019 21:00:00.000,,9,1,Offering of Mentor Certification Training,Bldg_2_Room_207,86295,,,,USE EVENT SETTING,ILT Content,USE EVENT SETTING,USE EVENT SETTING,1,USE EVENT SETTING,USE EVENT SETTING,4.0,10.0,10800.0,1,No Email,1,USE EVENT SETTING,USE EVENT SETTING,USE EVENT SETTING,USE EVENT SETTING,USE EVENT SETTING,USE EVENT SETTING,USE EVENT SETTING,USE EVENT SETTING,USE EVENT SETTING,USE EVENT SETTING,USE EVENT SETTING,User performing the load,false,false,,,,,false,false,false,AGG.University@dummydata.com,USE EVENT SETTING,USE EVENT SETTING,0,0,
Onboarding_Mentor Certification Training,Onboarding_Mentor Certification Training-0011,02/18/2020 14:00:00.000,02/18/2020 16:00:00.000,,9,1,Offering of Mentor Certification Training,Bldg_2_Room_207,87571,,,,USE EVENT SETTING,ILT Content,USE EVENT SETTING,USE EVENT SETTING,1,USE EVENT SETTING,USE EVENT SETTING,4.0,15.0,7200.0,1,No Email,1,USE EVENT SETTING,USE EVENT SETTING,USE EVENT SETTING,USE EVENT SETTING,USE EVENT SETTING,USE EVENT SETTING,USE EVENT SETTING,USE EVENT SETTING,USE EVENT SETTING,USE EVENT SETTING,USE EVENT SETTING,User performing the load,false,false,,,,,false,false,false,AGG.University@dummydata.com,USE EVENT SETTING,USE EVENT SETTING,0,0,
Onboarding_Mentor Certification Training,Onboarding_Mentor Certification Training-0012,02/20/2020 14:00:00.000,02/20/2020 16:00:00.000,,9,1,Offering of Mentor Certification Training,Bldg_2_Room_207,86295,,,,USE EVENT SETTING,ILT Content,USE EVENT SETTING,USE EVENT SETTING,1,USE EVENT SETTING,USE EVENT SETTING,4.0,15.0,7200.0,1,No Email,1,USE EVENT SETTING,USE EVENT SETTING,USE EVENT SETTING,USE EVENT SETTING,USE EVENT SETTING,USE EVENT SETTING,USE EVENT SETTING,USE EVENT SETTING,USE EVENT SETTING,USE EVENT SETTING,USE EVENT SETTING,User performing the load,false,false,,,,,false,false,false,AGG.University@dummydata.com,USE EVENT SETTING,USE EVENT SETTING,0,0,
Onboarding_Mentor Certification Training,Onboarding_Mentor Certification Training-0013,2020-07-04 19:00:00,2020-07-04 21:00:00,,9,1,Offering of Mentor Certification Training (CANCELLED),Bldg_2_Room_207,87571,,,,USE EVENT SETTING,ILT Content,USE EVENT SETTING,USE EVENT SETTING,1,USE EVENT SETTING,USE EVENT SETTING,4.0,15.0,7200.0,1,No Email,1,USE EVENT SETTING,USE EVENT SETTING,USE EVENT SETTING,USE EVENT SETTING,USE EVENT SETTING,USE EVENT SETTING,USE EVENT SETTING,USE EVENT SETTING,USE EVENT SETTING,USE EVENT SETTING,USE EVENT SETTING,User performing the load,false,false,,,,,false,false,false,AGG.University@dummydata.com,USE EVENT SETTING,USE EVENT SETTING,0,0,
Onboarding_Mentor Certification Training,Onboarding_Mentor Certification Training-0014,2020-09-04 19:00:00,2020-09-04 21:00:00,,9,1,Offering of Mentor Certification Training (CANCELLED),Bldg_2_Room_207,86295,,,,USE EVENT SETTING,ILT Content,USE EVENT SETTING,USE EVENT SETTING,1,USE EVENT SETTING,USE EVENT SETTING,4.0,15.0,7200.0,1,No Email,1,USE EVENT SETTING,USE EVENT SETTING,USE EVENT SETTING,USE EVENT SETTING,USE EVENT SETTING,USE EVENT SETTING,USE EVENT SETTING,USE EVENT SETTING,USE EVENT SETTING,USE EVENT SETTING,USE EVENT SETTING,User performing the load,false,false,,,,,false,false,false,AGG.University@dummydata.com,USE EVENT SETTING,USE EVENT SETTING,0,0,
Onboarding_Mentor Certification Training,Onboarding_Mentor Certification Training-0015,09/19/2019 11:00:00.000,09/19/2019 14:00:00.000,,9,1,Offering of Mentor Certification Training,Bldg_2_Room_207,86295,,,,USE EVENT SETTING,ILT Content,USE EVENT SETTING,USE EVENT SETTING,1,USE EVENT SETTING,USE EVENT SETTING,4.0,10.0,10800.0,1,No Email,1,USE EVENT SETTING,USE EVENT SETTING,USE EVENT SETTING,USE EVENT SETTING,USE EVENT SETTING,USE EVENT SETTING,USE EVENT SETTING,USE EVENT SETTING,USE EVENT SETTING,USE EVENT SETTING,USE EVENT SETTING,User performing the load,false,false,,,,,false,false,false,AGG.University@dummydata.com,USE EVENT SETTING,USE EVENT SETTING,0,0,
Onboarding_Mentor Certification Training,Onboarding_Mentor Certification Training-0016,10/14/2019 10:00:00.000,10/14/2019 13:00:00.000,,9,1,Offering of Mentor Certification Training,Bldg_2_Room_207,86295,,,,USE EVENT SETTING,ILT Content,USE EVENT SETTING,USE EVENT SETTING,1,USE EVENT SETTING,USE EVENT SETTING,4.0,10.0,10800.0,1,No Email,1,USE EVENT SETTING,USE EVENT SETTING,USE EVENT SETTING,USE EVENT SETTING,USE EVENT SETTING,USE EVENT SETTING,USE EVENT SETTING,USE EVENT SETTING,USE EVENT SETTING,USE EVENT SETTING,USE EVENT SETTING,User performing the load,false,false,,,,,false,false,false,AGG.University@dummydata.com,USE EVENT SETTING,USE EVENT SETTING,0,0,
Onboarding_Mentor Certification Training,Onboarding_Mentor Certification Training-0017,10/15/2019 20:00:00.000,10/15/2019 23:00:00.000,,9,1,Offering of Mentor Certification Training,Bldg_2_Room_207,86295,,,,USE EVENT SETTING,ILT Content,USE EVENT SETTING,USE EVENT SETTING,1,USE EVENT SETTING,USE EVENT SETTING,4.0,10.0,10800.0,1,No Email,1,USE EVENT SETTING,USE EVENT SETTING,USE EVENT SETTING,USE EVENT SETTING,USE EVENT SETTING,USE EVENT SETTING,USE EVENT SETTING,USE EVENT SETTING,USE EVENT SETTING,USE EVENT SETTING,USE EVENT SETTING,User performing the load,false,false,,,,,false,false,false,AGG.University@dummydata.com,USE EVENT SETTING,USE EVENT SETTING,0,0,
Onboarding_Mentor Certification Training,Onboarding_Mentor Certification Training-0018,11/13/2019 19:00:00.000,11/13/2019 21:00:00.000,,9,1,Offering of Mentor Certification Training,Bldg_2_Room_207,86295,,,,USE EVENT SETTING,ILT Content,USE EVENT SETTING,USE EVENT SETTING,1,USE EVENT SETTING,USE EVENT SETTING,4.0,15.0,7200.0,1,No Email,1,USE EVENT SETTING,USE EVENT SETTING,USE EVENT SETTING,USE EVENT SETTING,USE EVENT SETTING,USE EVENT SETTING,USE EVENT SETTING,USE EVENT SETTING,USE EVENT SETTING,USE EVENT SETTING,USE EVENT SETTING,User performing the load,false,false,,,,,false,false,false,AGG.University@dummydata.com,USE EVENT SETTING,USE EVENT SETTING,0,0,
Onboarding_Mentor Certification Training,Onboarding_Mentor Certification Training-0019,11/21/2019 14:00:00.000,11/21/2019 16:00:00.000,,9,1,Offering of Mentor Certification Training,Bldg_2_Room_207,86295,,,,USE EVENT SETTING,ILT Content,USE EVENT SETTING,USE EVENT SETTING,1,USE EVENT SETTING,USE EVENT SETTING,4.0,15.0,7200.0,1,No Email,1,USE EVENT SETTING,USE EVENT SETTING,USE EVENT SETTING,USE EVENT SETTING,USE EVENT SETTING,USE EVENT SETTING,USE EVENT SETTING,USE EVENT SETTING,USE EVENT SETTING,USE EVENT SETTING,USE EVENT SETTING,User performing the load,false,false,,,,,false,false,false,AGG.University@dummydata.com,USE EVENT SETTING,USE EVENT SETTING,0,0,
Onboarding_Mentor Certification Training,Onboarding_Mentor Certification Training-0020,12/17/2019 14:00:00.000,12/17/2019 16:00:00.000,,9,1,Offering of Mentor Certification Training,Bldg_2_Room_207,87571,,,,USE EVENT SETTING,ILT Content,USE EVENT SETTING,USE EVENT SETTING,1,USE EVENT SETTING,USE EVENT SETTING,4.0,15.0,7200.0,1,No Email,1,USE EVENT SETTING,USE EVENT SETTING,USE EVENT SETTING,USE EVENT SETTING,USE EVENT SETTING,USE EVENT SETTING,USE EVENT SETTING,USE EVENT SETTING,USE EVENT SETTING,USE EVENT SETTING,USE EVENT SETTING,User performing the load,false,false,,,,,false,false,false,AGG.University@dummydata.com,USE EVENT SETTING,USE EVENT SETTING,0,0,
Onboarding_Mentor Certification Training,Onboarding_Mentor Certification Training-0021,12/18/2019 11:00:00.000,12/18/2019 13:00:00.000,,9,1,Offering of Mentor Certification Training,Bldg_2_Room_207,80366,,,,USE EVENT SETTING,ILT Content,USE EVENT SETTING,USE EVENT SETTING,1,USE EVENT SETTING,USE EVENT SETTING,4.0,15.0,7200.0,1,No Email,1,USE EVENT SETTING,USE EVENT SETTING,USE EVENT SETTING,USE EVENT SETTING,USE EVENT SETTING,USE EVENT SETTING,USE EVENT SETTING,USE EVENT SETTING,USE EVENT SETTING,USE EVENT SETTING,USE EVENT SETTING,User performing the load,false,false,,,,,false,false,false,AGG.University@dummydata.com,USE EVENT SETTING,USE EVENT SETTING,0,0,
Onboarding_Mentor Certification Training,Onboarding_Mentor Certification Training-0022,2019-11-12 21:00:00,2019-11-12 23:00:00,,9,1,Offering of Mentor Certification Training,Bldg_2_Room_207,87571,,,,USE EVENT SETTING,ILT Content,USE EVENT SETTING,USE EVENT SETTING,1,USE EVENT SETTING,USE EVENT SETTING,4.0,15.0,7200.0,1,No Email,1,USE EVENT SETTING,USE EVENT SETTING,USE EVENT SETTING,USE EVENT SETTING,USE EVENT SETTING,USE EVENT SETTING,USE EVENT SETTING,USE EVENT SETTING,USE EVENT SETTING,USE EVENT SETTING,USE EVENT SETTING,User performing the load,false,false,,,,,false,false,false,AGG.University@dummydata.com,USE EVENT SETTING,USE EVENT SETTING,0,0,
Onboarding_Mentor Certification Training,Onboarding_Mentor Certification Training-0023,2019-06-12 14:00:00,2019-06-12 16:00:00,,9,1,Offering of Mentor Certification Training,Bldg_2_Room_207,87571,,,,USE EVENT SETTING,ILT Content,USE EVENT SETTING,USE EVENT SETTING,1,USE EVENT SETTING,USE EVENT SETTING,4.0,15.0,7200.0,1,No Email,1,USE EVENT SETTING,USE EVENT SETTING,USE EVENT SETTING,USE EVENT SETTING,USE EVENT SETTING,USE EVENT SETTING,USE EVENT SETTING,USE EVENT SETTING,USE EVENT SETTING,USE EVENT SETTING,USE EVENT SETTING,User performing the load,false,false,,,,,false,false,false,AGG.University@dummydata.com,USE EVENT SETTING,USE EVENT SETTING,0,0,
Onboarding_Mentor Certification Training,Onboarding_Mentor Certification Training-0024,2019-04-12 19:00:00,2019-04-12 21:00:00,,9,1,Offering of Mentor Certification Training,Bldg_2_Room_207,87571,,,,USE EVENT SETTING,ILT Content,USE EVENT SETTING,USE EVENT SETTING,1,USE EVENT SETTING,USE EVENT SETTING,4.0,15.0,7200.0,1,No Email,1,USE EVENT SETTING,USE EVENT SETTING,USE EVENT SETTING,USE EVENT SETTING,USE EVENT SETTING,USE EVENT SETTING,USE EVENT SETTING,USE EVENT SETTING,USE EVENT SETTING,USE EVENT SETTING,USE EVENT SETTING,User performing the load,false,false,,,,,false,false,false,AGG.University@dummydata.com,USE EVENT SETTING,USE EVENT SETTING,0,0,
Onboarding_Mentor Certification Training,Onboarding_Mentor Certification Training-0025,2020-06-01 11:00:00,2020-06-01 13:00:00,,9,1,Offering of Mentor Certification Training,Bldg_2_Room_207,87571,,,,USE EVENT SETTING,ILT Content,USE EVENT SETTING,USE EVENT SETTING,1,USE EVENT SETTING,USE EVENT SETTING,4.0,15.0,7200.0,1,No Email,1,USE EVENT SETTING,USE EVENT SETTING,USE EVENT SETTING,USE EVENT SETTING,USE EVENT SETTING,USE EVENT SETTING,USE EVENT SETTING,USE EVENT SETTING,USE EVENT SETTING,USE EVENT SETTING,USE EVENT SETTING,User performing the load,false,false,,,,,false,false,false,AGG.University@dummydata.com,USE EVENT SETTING,USE EVENT SETTING,0,0,
Onboarding_Mentor Certification Training,Onboarding_Mentor Certification Training-0027,06/14/2018 13:00:00.000,06/14/2018 15:00:00.000,,9,1,Offering of Mentor Certification,Bldg_2_Room_207,,,,,USE EVENT SETTING,ILT Content,USE EVENT SETTING,USE EVENT SETTING,1,USE EVENT SETTING,USE EVENT SETTING,4.0,15.0,7200.0,1,No Email,1,USE EVENT SETTING,USE EVENT SETTING,USE EVENT SETTING,USE EVENT SETTING,USE EVENT SETTING,USE EVENT SETTING,USE EVENT SETTING,USE EVENT SETTING,USE EVENT SETTING,USE EVENT SETTING,USE EVENT SETTING,User performing the load,false,false,,,,,false,false,false,AGG.University@dummydata.com,USE EVENT SETTING,USE EVENT SETTING,0,0,
Onboarding_Mentor Certification Training,Onboarding_Mentor Certification Training-0028,2020-11-02 14:00:00,2020-11-02 16:00:00,,9,1,Offering of Mentor Certification Training,Bldg_2_Room_207,86295,,,,USE EVENT SETTING,ILT Content,USE EVENT SETTING,USE EVENT SETTING,1,USE EVENT SETTING,USE EVENT SETTING,4.0,15.0,7200.0,1,No Email,1,USE EVENT SETTING,USE EVENT SETTING,USE EVENT SETTING,USE EVENT SETTING,USE EVENT SETTING,USE EVENT SETTING,USE EVENT SETTING,USE EVENT SETTING,USE EVENT SETTING,USE EVENT SETTING,USE EVENT SETTING,User performing the load,false,false,,,,,false,false,false,AGG.University@dummydata.com,USE EVENT SETTING,USE EVENT SETTING,0,0,
Onboarding_Mentor Certification Training,Onboarding_Mentor Certification Training-0029,08/24/2021 11:00:00.000,08/24/2021 12:00:00.000,,9,1,Offering of Mentor Certification Training,Bldg_2_Room_207,87571,,,,USE EVENT SETTING,ILT Content,USE EVENT SETTING,USE EVENT SETTING,1,USE EVENT SETTING,USE EVENT SETTING,4.0,15.0,3600.0,1,No Email,1,USE EVENT SETTING,USE EVENT SETTING,USE EVENT SETTING,USE EVENT SETTING,USE EVENT SETTING,USE EVENT SETTING,USE EVENT SETTING,USE EVENT SETTING,USE EVENT SETTING,USE EVENT SETTING,USE EVENT SETTING,User performing the load,false,false,,,,,false,false,false,AGG.University@dummydata.com,USE EVENT SETTING,USE EVENT SETTING,0,0,
Onboarding_Mentor Certification Training,Onboarding_Mentor Certification Training-0030,08/25/2021 02:00:00.000,08/25/2021 03:00:00.000,,9,1,Offering of Mentor Certification Training,Bldg_2_Room_207,ReportingAdmin,,,,USE EVENT SETTING,ILT Content,USE EVENT SETTING,USE EVENT SETTING,1,USE EVENT SETTING,USE EVENT SETTING,4.0,15.0,3600.0,1,No Email,1,USE EVENT SETTING,USE EVENT SETTING,USE EVENT SETTING,USE EVENT SETTING,USE EVENT SETTING,USE EVENT SETTING,USE EVENT SETTING,USE EVENT SETTING,USE EVENT SETTING,USE EVENT SETTING,USE EVENT SETTING,User performing the load,false,false,,,,,false,false,false,AGG.University@dummydata.com,USE EVENT SETTING,USE EVENT SETTING,0,0,
Onboarding_Mentor Certification Training,Onboarding_Mentor Certification Training-0031,08/25/2021 03:00:00.000,08/25/2021 04:00:00.000,,9,1,Offering of Mentor Certification Training,Bldg_2_Room_207,ReportingAdmin,,,,USE EVENT SETTING,ILT Content,USE EVENT SETTING,USE EVENT SETTING,1,USE EVENT SETTING,USE EVENT SETTING,4.0,15.0,3600.0,1,No Email,1,USE EVENT SETTING,USE EVENT SETTING,USE EVENT SETTING,USE EVENT SETTING,USE EVENT SETTING,USE EVENT SETTING,USE EVENT SETTING,USE EVENT SETTING,USE EVENT SETTING,USE EVENT SETTING,USE EVENT SETTING,User performing the load,false,false,,,,,false,false,false,AGG.University@dummydata.com,USE EVENT SETTING,USE EVENT SETTING,0,0,
Onboarding_Mentor Certification Training,Onboarding_Mentor Certification Training-0032,08/25/2021 11:00:00.000,08/25/2021 12:00:00.000,,9,1,Offering of Mentor Certification Training,Bldg_2_Room_207,87571,,,,USE EVENT SETTING,ILT Content,USE EVENT SETTING,USE EVENT SETTING,1,USE EVENT SETTING,USE EVENT SETTING,4.0,15.0,3600.0,1,No Email,1,USE EVENT SETTING,USE EVENT SETTING,USE EVENT SETTING,USE EVENT SETTING,USE EVENT SETTING,USE EVENT SETTING,USE EVENT SETTING,USE EVENT SETTING,USE EVENT SETTING,USE EVENT SETTING,USE EVENT SETTING,User performing the load,false,false,,,,,false,false,false,AGG.University@dummydata.com,USE EVENT SETTING,USE EVENT SETTING,0,0,
PACTC (vendor),PACTC (vendor) Class,01/31/2008 00:00:00.000,01/31/2008 01:00:00.000,,9,1,1000 hours Computer Maintenance Class,Bldg_2_Room_207,,,,,USE EVENT SETTING,ILT Content,USE EVENT SETTING,USE EVENT SETTING,1,USE EVENT SETTING,USE EVENT SETTING,,,,1,No Email,1,USE EVENT SETTING,USE EVENT SETTING,USE EVENT SETTING,USE EVENT SETTING,USE EVENT SETTING,USE EVENT SETTING,USE EVENT SETTING,USE EVENT SETTING,USE EVENT SETTING,USE EVENT SETTING,USE EVENT SETTING,User performing the load,false,false,,,,,false,false,false,,USE EVENT SETTING,USE EVENT SETTING,0,0,
PACTC (vendor) Wiring,PACTC (vendor) Wiring Class,01/31/2008 00:00:00.000,01/31/2008 01:00:00.000,,9,1,Residential Wiring Class,Bldg_2_Room_207,,,,,USE EVENT SETTING,ILT Content,USE EVENT SETTING,USE EVENT SETTING,1,USE EVENT SETTING,USE EVENT SETTING,,,,1,No Email,1,USE EVENT SETTING,USE EVENT SETTING,USE EVENT SETTING,USE EVENT SETTING,USE EVENT SETTING,USE EVENT SETTING,USE EVENT SETTING,USE EVENT SETTING,USE EVENT SETTING,USE EVENT SETTING,USE EVENT SETTING,User performing the load,false,false,,,,,false,false,false,,USE EVENT SETTING,USE EVENT SETTING,0,0,
Paint_Paint 101,Paint_Paint 101 Class,01/31/2008 00:00:00.000,01/31/2008 01:00:00.000,,9,1,Paint 101 Class,Bldg_2_Room_207,,,,,USE EVENT SETTING,ILT Content,USE EVENT SETTING,USE EVENT SETTING,1,USE EVENT SETTING,USE EVENT SETTING,,,,1,No Email,1,USE EVENT SETTING,USE EVENT SETTING,USE EVENT SETTING,USE EVENT SETTING,USE EVENT SETTING,USE EVENT SETTING,USE EVENT SETTING,USE EVENT SETTING,USE EVENT SETTING,USE EVENT SETTING,USE EVENT SETTING,User performing the load,false,false,,,,,false,false,false,,USE EVENT SETTING,USE EVENT SETTING,0,0,
PDM225 (vendor),PDM225 (vendor) Class,01/31/2008 00:00:00.000,01/31/2008 01:00:00.000,,9,1,PDM225 SOLIDWORKS PDM User Professional Class,Bldg_2_Room_207,,,,,USE EVENT SETTING,ILT Content,USE EVENT SETTING,USE EVENT SETTING,1,USE EVENT SETTING,USE EVENT SETTING,,,,1,No Email,1,USE EVENT SETTING,USE EVENT SETTING,USE EVENT SETTING,USE EVENT SETTING,USE EVENT SETTING,USE EVENT SETTING,USE EVENT SETTING,USE EVENT SETTING,USE EVENT SETTING,USE EVENT SETTING,USE EVENT SETTING,User performing the load,false,false,,,,,false,false,false,,USE EVENT SETTING,USE EVENT SETTING,0,0,
PDM305 (vendor),PDM305 (vendor) Class,01/31/2008 00:00:00.000,01/31/2008 01:00:00.000,,9,1,PDM305 Solidworks PDM Administrator Professional Class,Bldg_2_Room_207,,,,,USE EVENT SETTING,ILT Content,USE EVENT SETTING,USE EVENT SETTING,1,USE EVENT SETTING,USE EVENT SETTING,,,,1,No Email,1,USE EVENT SETTING,USE EVENT SETTING,USE EVENT SETTING,USE EVENT SETTING,USE EVENT SETTING,USE EVENT SETTING,USE EVENT SETTING,USE EVENT SETTING,USE EVENT SETTING,USE EVENT SETTING,USE EVENT SETTING,User performing the load,false,false,,,,,false,false,false,,USE EVENT SETTING,USE EVENT SETTING,0,0,
PerkinElmer (vendor),PerkinElmer (vendor) Class,01/31/2008 00:00:00.000,01/31/2008 01:00:00.000,,9,1,ICP-Optima Instrumentation with Syngistix Software Class,Bldg_2_Room_207,,,,,USE EVENT SETTING,ILT Content,USE EVENT SETTING,USE EVENT SETTING,1,USE EVENT SETTING,USE EVENT SETTING,,,,1,No Email,1,USE EVENT SETTING,USE EVENT SETTING,USE EVENT SETTING,USE EVENT SETTING,USE EVENT SETTING,USE EVENT SETTING,USE EVENT SETTING,USE EVENT SETTING,USE EVENT SETTING,USE EVENT SETTING,USE EVENT SETTING,User performing the load,false,false,,,,,false,false,false,,USE EVENT SETTING,USE EVENT SETTING,0,0,
Platts 4th Annual Scrap Seminar (vendor),Platts 4th Annual Scrap Seminar (vendor) Class,01/31/2008 00:00:00.000,01/31/2008 01:00:00.000,,9,1,Platts 4th Annual Scrap Seminar Class,Bldg_2_Room_207,,,,,USE EVENT SETTING,ILT Content,USE EVENT SETTING,USE EVENT SETTING,1,USE EVENT SETTING,USE EVENT SETTING,,,,1,No Email,1,USE EVENT SETTING,USE EVENT SETTING,USE EVENT SETTING,USE EVENT SETTING,USE EVENT SETTING,USE EVENT SETTING,USE EVENT SETTING,USE EVENT SETTING,USE EVENT SETTING,USE EVENT SETTING,USE EVENT SETTING,User performing the load,false,false,,,,,false,false,false,,USE EVENT SETTING,USE EVENT SETTING,0,0,
PLC (MAC),PLC (MAC) Class,01/31/2008 00:00:00.000,01/31/2008 01:00:00.000,,9,1,Programmable Logical Controllers Troubleshooting Class Class,Bldg_2_Room_207,,,,,USE EVENT SETTING,ILT Content,USE EVENT SETTING,USE EVENT SETTING,1,USE EVENT SETTING,USE EVENT SETTING,,,,1,No Email,1,USE EVENT SETTING,USE EVENT SETTING,USE EVENT SETTING,USE EVENT SETTING,USE EVENT SETTING,USE EVENT SETTING,USE EVENT SETTING,USE EVENT SETTING,USE EVENT SETTING,USE EVENT SETTING,USE EVENT SETTING,User performing the load,false,false,,,,,false,false,false,,USE EVENT SETTING,USE EVENT SETTING,0,0,
Poly_Leather Wrap Skills Table (AGGU),Poly_Leather Wrap Skills Table (AGGU) Class,01/31/2008 00:00:00.000,01/31/2008 01:00:00.000,,9,1,Leather Wrap Skills Table Class,Bldg_2_Room_207,,,,,USE EVENT SETTING,ILT Content,USE EVENT SETTING,USE EVENT SETTING,1,USE EVENT SETTING,USE EVENT SETTING,,,,1,No Email,1,USE EVENT SETTING,USE EVENT SETTING,USE EVENT SETTING,USE EVENT SETTING,USE EVENT SETTING,USE EVENT SETTING,USE EVENT SETTING,USE EVENT SETTING,USE EVENT SETTING,USE EVENT SETTING,USE EVENT SETTING,User performing the load,false,false,,,,,false,false,false,,USE EVENT SETTING,USE EVENT SETTING,0,0,
Precision Sensing for High Tech Industries (vendor),Precision Sensing for High Tech Industries (vendor) Class,01/31/2008 00:00:00.000,01/31/2008 01:00:00.000,,9,1,Precision Sensing for High Tech Industries - BAL - LUFF Class,Bldg_2_Room_207,,,,,USE EVENT SETTING,ILT Content,USE EVENT SETTING,USE EVENT SETTING,1,USE EVENT SETTING,USE EVENT SETTING,,,,1,No Email,1,USE EVENT SETTING,USE EVENT SETTING,USE EVENT SETTING,USE EVENT SETTING,USE EVENT SETTING,USE EVENT SETTING,USE EVENT SETTING,USE EVENT SETTING,USE EVENT SETTING,USE EVENT SETTING,USE EVENT SETTING,User performing the load,false,false,,,,,false,false,false,,USE EVENT SETTING,USE EVENT SETTING,0,0,
Price Risk Management (vendor),Price Risk Management (vendor) Class,01/31/2008 00:00:00.000,01/31/2008 01:00:00.000,,9,1,Price Risk Management in Steel Workshop Class,Bldg_2_Room_207,,,,,USE EVENT SETTING,ILT Content,USE EVENT SETTING,USE EVENT SETTING,1,USE EVENT SETTING,USE EVENT SETTING,,,,1,No Email,1,USE EVENT SETTING,USE EVENT SETTING,USE EVENT SETTING,USE EVENT SETTING,USE EVENT SETTING,USE EVENT SETTING,USE EVENT SETTING,USE EVENT SETTING,USE EVENT SETTING,USE EVENT SETTING,USE EVENT SETTING,User performing the load,false,false,,,,,false,false,false,,USE EVENT SETTING,USE EVENT SETTING,0,0,
Problem Solving_QC Story,Problem Solving_QC Story Class,01/31/2008 00:00:00.000,01/31/2008 01:00:00.000,,9,1,QC Story Class,Bldg_2_Room_207,,,,,USE EVENT SETTING,ILT Content,USE EVENT SETTING,USE EVENT SETTING,1,USE EVENT SETTING,USE EVENT SETTING,,,,1,No Email,1,USE EVENT SETTING,USE EVENT SETTING,USE EVENT SETTING,USE EVENT SETTING,USE EVENT SETTING,USE EVENT SETTING,USE EVENT SETTING,USE EVENT SETTING,USE EVENT SETTING,USE EVENT SETTING,USE EVENT SETTING,User performing the load,false,false,,,,,false,false,false,,USE EVENT SETTING,USE EVENT SETTING,0,0,
Problem Solving_Six Sigma GB (Process Stabilization),Problem Solving_Six Sigma GB (Process Stabilization) Class,01/31/2008 00:00:00.000,01/31/2008 01:00:00.000,,9,1,AGGU Six Sigma Green Belt Training Class,Bldg_2_Room_207,,,,,USE EVENT SETTING,ILT Content,USE EVENT SETTING,USE EVENT SETTING,1,USE EVENT SETTING,USE EVENT SETTING,,,,1,No Email,1,USE EVENT SETTING,USE EVENT SETTING,USE EVENT SETTING,USE EVENT SETTING,USE EVENT SETTING,USE EVENT SETTING,USE EVENT SETTING,USE EVENT SETTING,USE EVENT SETTING,USE EVENT SETTING,USE EVENT SETTING,User performing the load,false,false,,,,,false,false,false,,USE EVENT SETTING,USE EVENT SETTING,0,0,
Problem Solving_Six Sigma Greenbelt (Villanova),Problem Solving_Six Sigma Greenbelt (Villanova) Class,01/31/2008 00:00:00.000,01/31/2008 01:00:00.000,,9,1,Six Sigma Green Belt (Villanova) Class,Bldg_2_Room_207,,,,,USE EVENT SETTING,ILT Content,USE EVENT SETTING,USE EVENT SETTING,1,USE EVENT SETTING,USE EVENT SETTING,,,,1,No Email,1,USE EVENT SETTING,USE EVENT SETTING,USE EVENT SETTING,USE EVENT SETTING,USE EVENT SETTING,USE EVENT SETTING,USE EVENT SETTING,USE EVENT SETTING,USE EVENT SETTING,USE EVENT SETTING,USE EVENT SETTING,User performing the load,false,false,,,,,false,false,false,,USE EVENT SETTING,USE EVENT SETTING,0,0,
Process Optimization (vendor),Process Optimization (vendor) Class,01/31/2008 00:00:00.000,01/31/2008 01:00:00.000,,9,1,Process Optimization Training Class,Bldg_2_Room_207,,,,,USE EVENT SETTING,ILT Content,USE EVENT SETTING,USE EVENT SETTING,1,USE EVENT SETTING,USE EVENT SETTING,,,,1,No Email,1,USE EVENT SETTING,USE EVENT SETTING,USE EVENT SETTING,USE EVENT SETTING,USE EVENT SETTING,USE EVENT SETTING,USE EVENT SETTING,USE EVENT SETTING,USE EVENT SETTING,USE EVENT SETTING,USE EVENT SETTING,User performing the load,false,false,,,,,false,false,false,,USE EVENT SETTING,USE EVENT SETTING,0,0,
Process Optimization Scientific Molding (vendor),Process Optimization Scientific Molding (vendor) Class,01/31/2008 00:00:00.000,01/31/2008 01:00:00.000,,9,1,Process Optimization Scientific Molding Class,Bldg_2_Room_207,,,,,USE EVENT SETTING,ILT Content,USE EVENT SETTING,USE EVENT SETTING,1,USE EVENT SETTING,USE EVENT SETTING,,,,1,No Email,1,USE EVENT SETTING,USE EVENT SETTING,USE EVENT SETTING,USE EVENT SETTING,USE EVENT SETTING,USE EVENT SETTING,USE EVENT SETTING,USE EVENT SETTING,USE EVENT SETTING,USE EVENT SETTING,USE EVENT SETTING,User performing the load,false,false,,,,,false,false,false,,USE EVENT SETTING,USE EVENT SETTING,0,0,
QR code ILTcourse,QR code ILTcourse-0001,01/22/2024 13:00:00.000,01/22/2024 16:00:00.000,,9,1,Offering of QR code ILTcourse,Bldg_2_Room_207,vgurnule,,,,USE EVENT SETTING,ILT Content,USE EVENT SETTING,USE EVENT SETTING,1,USE EVENT SETTING,USE EVENT SETTING,,,,1,No Email,1,USE EVENT SETTING,USE EVENT SETTING,USE EVENT SETTING,USE EVENT SETTING,USE EVENT SETTING,USE EVENT SETTING,USE EVENT SETTING,USE EVENT SETTING,USE EVENT SETTING,USE EVENT SETTING,USE EVENT SETTING,User performing the load,false,false,,,,,false,false,false,,USE EVENT SETTING,USE EVENT SETTING,0,0,
Quality_Critical Parts-Quality Course (AGGNA),Quality_Critical Parts-Quality Course (AGGNA) Class,01/31/2008 00:00:00.000,01/31/2008 01:00:00.000,,9,1,Critical Parts-Quality Course Class,Bldg_2_Room_207,,,,,USE EVENT SETTING,ILT Content,USE EVENT SETTING,USE EVENT SETTING,1,USE EVENT SETTING,USE EVENT SETTING,,,,1,No Email,1,USE EVENT SETTING,USE EVENT SETTING,USE EVENT SETTING,USE EVENT SETTING,USE EVENT SETTING,USE EVENT SETTING,USE EVENT SETTING,USE EVENT SETTING,USE EVENT SETTING,USE EVENT SETTING,USE EVENT SETTING,User performing the load,false,false,,,,,false,false,false,,USE EVENT SETTING,USE EVENT SETTING,0,0,
Quantity Verification for Ret (vendor),Quantity Verification for Ret (vendor) Class,01/31/2008 00:00:00.000,01/31/2008 01:00:00.000,,9,1,Quantity Verification for Ret Class,Bldg_2_Room_207,,,,,USE EVENT SETTING,ILT Content,USE EVENT SETTING,USE EVENT SETTING,1,USE EVENT SETTING,USE EVENT SETTING,,,,1,No Email,1,USE EVENT SETTING,USE EVENT SETTING,USE EVENT SETTING,USE EVENT SETTING,USE EVENT SETTING,USE EVENT SETTING,USE EVENT SETTING,USE EVENT SETTING,USE EVENT SETTING,USE EVENT SETTING,USE EVENT SETTING,User performing the load,false,false,,,,,false,false,false,,USE EVENT SETTING,USE EVENT SETTING,0,0,
Requirement_Certificate of AGG Auditor,Requirement_Certificate of AGG Auditor Class -0001,09/30/2016 12:00:00.000,09/30/2016 21:00:00.000,,9,1,Certificate of AGG Auditor,Bldg_2_Room_207,,,,,USE EVENT SETTING,ILT Content,USE EVENT SETTING,USE EVENT SETTING,1,USE EVENT SETTING,USE EVENT SETTING,,,,1,No Email,1,USE EVENT SETTING,USE EVENT SETTING,USE EVENT SETTING,USE EVENT SETTING,USE EVENT SETTING,USE EVENT SETTING,USE EVENT SETTING,USE EVENT SETTING,USE EVENT SETTING,USE EVENT SETTING,USE EVENT SETTING,User performing the load,false,false,,,,,false,false,false,,USE EVENT SETTING,USE EVENT SETTING,0,0,
Requirement_Lead Auditor Training with Supplier Auditor Certification,Requirement_Lead Auditor Training with Supplier Auditor Certification (ISO 9001:2000_ISO/TS 16949:2002),09/19/2003 12:00:00.000,09/19/2003 21:00:00.000,,9,1,Lead Auditor Training with Supplier Auditor Certification (ISO 9001:2000_ISO/TS 16949:2002),Bldg_2_Room_207,,,,,USE EVENT SETTING,ILT Content,USE EVENT SETTING,USE EVENT SETTING,1,USE EVENT SETTING,USE EVENT SETTING,,,,1,No Email,1,USE EVENT SETTING,USE EVENT SETTING,USE EVENT SETTING,USE EVENT SETTING,USE EVENT SETTING,USE EVENT SETTING,USE EVENT SETTING,USE EVENT SETTING,USE EVENT SETTING,USE EVENT SETTING,USE EVENT SETTING,User performing the load,false,false,,,,,false,false,false,,USE EVENT SETTING,USE EVENT SETTING,0,0,
Requirement_Lead Auditor Training with Supplier Auditor Certification,Requirement_Lead Auditor Training with Supplier Auditor Certification (ISO 9001:2008_ISO/TS 16949:2009),2013-11-02 14:00:00,02/15/2013 23:00:00.000,,9,1,Lead Auditor Training with Supplier Auditor Certification (ISO 9001:2008_ISO/TS 16949:2009),Bldg_2_Room_207,,,,,USE EVENT SETTING,ILT Content,USE EVENT SETTING,USE EVENT SETTING,1,USE EVENT SETTING,USE EVENT SETTING,,,,1,No Email,1,USE EVENT SETTING,USE EVENT SETTING,USE EVENT SETTING,USE EVENT SETTING,USE EVENT SETTING,USE EVENT SETTING,USE EVENT SETTING,USE EVENT SETTING,USE EVENT SETTING,USE EVENT SETTING,USE EVENT SETTING,User performing the load,false,false,,,,,false,false,false,,USE EVENT SETTING,USE EVENT SETTING,0,0,
Requirement_Lead Auditor Training with Supplier Auditor Certification,Requirement_Lead Auditor Training with Supplier Auditor Certification (ISO 9001:2008_ISO/TS 16949:2009) -0002,10/26/2015 13:00:00.000,10/30/2015 22:00:00.000,,9,1,Lead Auditor Training with Supplier Auditor Certification (ISO 9001:2008_ISO/TS 16949:2009),Bldg_2_Room_207,,,,,USE EVENT SETTING,ILT Content,USE EVENT SETTING,USE EVENT SETTING,1,USE EVENT SETTING,USE EVENT SETTING,,,,1,No Email,1,USE EVENT SETTING,USE EVENT SETTING,USE EVENT SETTING,USE EVENT SETTING,USE EVENT SETTING,USE EVENT SETTING,USE EVENT SETTING,USE EVENT SETTING,USE EVENT SETTING,USE EVENT SETTING,USE EVENT SETTING,User performing the load,false,false,,,,,false,false,false,AGG.University@dummydata.com,USE EVENT SETTING,USE EVENT SETTING,0,0,
Requirement_Lead Auditor Validation,Requirement_Lead Auditor Validation (ISO/TS 16949:2009) -0001,06/17/2016 12:00:00.000,06/17/2016 21:00:00.000,,9,1,Lead Auditor Validation (ISO/TS 16949:2009),Bldg_2_Room_207,,,,,USE EVENT SETTING,ILT Content,USE EVENT SETTING,USE EVENT SETTING,1,USE EVENT SETTING,USE EVENT SETTING,,,,1,No Email,1,USE EVENT SETTING,USE EVENT SETTING,USE EVENT SETTING,USE EVENT SETTING,USE EVENT SETTING,USE EVENT SETTING,USE EVENT SETTING,USE EVENT SETTING,USE EVENT SETTING,USE EVENT SETTING,USE EVENT SETTING,User performing the load,false,false,,,,,false,false,false,AGG.University@dummydata.com,USE EVENT SETTING,USE EVENT SETTING,0,0,
Requirement_Maintenance Connection (For Technicians),Requirement_Maintenance Connection (For Technicians)-001,2019-02-04 11:30:00,2019-02-04 12:30:00,,9,1,Offering of Maintenance Connection (For Technicians),Bldg_2_Room_207,,,,,USE EVENT SETTING,ILT Content,USE EVENT SETTING,USE EVENT SETTING,1,USE EVENT SETTING,USE EVENT SETTING,2.0,20.0,3600.0,1,No Email,1,USE EVENT SETTING,USE EVENT SETTING,USE EVENT SETTING,USE EVENT SETTING,USE EVENT SETTING,USE EVENT SETTING,USE EVENT SETTING,USE EVENT SETTING,USE EVENT SETTING,USE EVENT SETTING,USE EVENT SETTING,User performing the load,false,false,,,,,false,false,false,AGG.University@dummydata.com,USE EVENT SETTING,USE EVENT SETTING,0,0,
Requirement_Maintenance Connection (For Technicians),Requirement_Maintenance Connection (For Technicians)-0011,05/14/2019 20:30:00.000,05/14/2019 21:30:00.000,,9,1,Offering of Maintenance Connection (For Technicians),Bldg_2_Room_207,,,,,USE EVENT SETTING,ILT Content,USE EVENT SETTING,USE EVENT SETTING,1,USE EVENT SETTING,USE EVENT SETTING,2.0,20.0,3600.0,1,No Email,1,USE EVENT SETTING,USE EVENT SETTING,USE EVENT SETTING,USE EVENT SETTING,USE EVENT SETTING,USE EVENT SETTING,USE EVENT SETTING,USE EVENT SETTING,USE EVENT SETTING,USE EVENT SETTING,USE EVENT SETTING,User performing the load,false,false,,,,,false,false,false,AGG.University@dummydata.com,USE EVENT SETTING,USE EVENT SETTING,0,0,
Requirement_Maintenance Connection (For Technicians),Requirement_Maintenance Connection (For Technicians)-0012,05/15/2019 12:30:00.000,05/15/2019 13:30:00.000,,9,1,Offering of Maintenance Connection (For Technicians),Bldg_2_Room_207,,,,,USE EVENT SETTING,ILT Content,USE EVENT SETTING,USE EVENT SETTING,1,USE EVENT SETTING,USE EVENT SETTING,2.0,20.0,3600.0,1,No Email,1,USE EVENT SETTING,USE EVENT SETTING,USE EVENT SETTING,USE EVENT SETTING,USE EVENT SETTING,USE EVENT SETTING,USE EVENT SETTING,USE EVENT SETTING,USE EVENT SETTING,USE EVENT SETTING,USE EVENT SETTING,User performing the load,false,false,,,,,false,false,false,AGG.University@dummydata.com,USE EVENT SETTING,USE EVENT SETTING,0,0,
Requirement_Maintenance Connection (For Technicians),Requirement_Maintenance Connection (For Technicians)-0013,05/15/2019 21:30:00.000,05/15/2019 22:30:00.000,,9,1,Offering of Maintenance Connection (For Technicians),Bldg_2_Room_207,,,,,USE EVENT SETTING,ILT Content,USE EVENT SETTING,USE EVENT SETTING,1,USE EVENT SETTING,USE EVENT SETTING,2.0,20.0,3600.0,1,No Email,1,USE EVENT SETTING,USE EVENT SETTING,USE EVENT SETTING,USE EVENT SETTING,USE EVENT SETTING,USE EVENT SETTING,USE EVENT SETTING,USE EVENT SETTING,USE EVENT SETTING,USE EVENT SETTING,USE EVENT SETTING,User performing the load,false,false,,,,,false,false,false,AGG.University@dummydata.com,USE EVENT SETTING,USE EVENT SETTING,0,0,
Requirement_Maintenance Connection (For Technicians),Requirement_Maintenance Connection (For Technicians)-0014,05/16/2019 20:30:00.000,05/16/2019 21:30:00.000,,9,1,Offering of Maintenance Connection (For Technicians),Bldg_2_Room_207,,,,,USE EVENT SETTING,ILT Content,USE EVENT SETTING,USE EVENT SETTING,1,USE EVENT SETTING,USE EVENT SETTING,2.0,20.0,3600.0,1,No Email,1,USE EVENT SETTING,USE EVENT SETTING,USE EVENT SETTING,USE EVENT SETTING,USE EVENT SETTING,USE EVENT SETTING,USE EVENT SETTING,USE EVENT SETTING,USE EVENT SETTING,USE EVENT SETTING,USE EVENT SETTING,User performing the load,false,false,,,,,false,false,false,AGG.University@dummydata.com,USE EVENT SETTING,USE EVENT SETTING,0,0,
Requirement_Maintenance Connection (For Technicians),Requirement_Maintenance Connection (For Technicians)-0015,05/29/2019 12:30:00.000,05/29/2019 13:30:00.000,,9,1,Offering of Maintenance Connection (For Technicians),Bldg_2_Room_207,,,,,USE EVENT SETTING,ILT Content,USE EVENT SETTING,USE EVENT SETTING,1,USE EVENT SETTING,USE EVENT SETTING,2.0,20.0,3600.0,1,No Email,1,USE EVENT SETTING,USE EVENT SETTING,USE EVENT SETTING,USE EVENT SETTING,USE EVENT SETTING,USE EVENT SETTING,USE EVENT SETTING,USE EVENT SETTING,USE EVENT SETTING,USE EVENT SETTING,USE EVENT SETTING,User performing the load,false,false,,,,,false,false,false,AGG.University@dummydata.com,USE EVENT SETTING,USE EVENT SETTING,0,0,
Requirement_Maintenance Connection (For Technicians),Requirement_Maintenance Connection (For Technicians)-0016,05/29/2019 21:30:00.000,05/29/2019 22:30:00.000,,9,1,Offering of Maintenance Connection (For Technicians),Bldg_2_Room_207,,,,,USE EVENT SETTING,ILT Content,USE EVENT SETTING,USE EVENT SETTING,1,USE EVENT SETTING,USE EVENT SETTING,2.0,20.0,3600.0,1,No Email,1,USE EVENT SETTING,USE EVENT SETTING,USE EVENT SETTING,USE EVENT SETTING,USE EVENT SETTING,USE EVENT SETTING,USE EVENT SETTING,USE EVENT SETTING,USE EVENT SETTING,USE EVENT SETTING,USE EVENT SETTING,User performing the load,false,false,,,,,false,false,false,AGG.University@dummydata.com,USE EVENT SETTING,USE EVENT SETTING,0,0,
Requirement_Maintenance Connection (For Technicians),Requirement_Maintenance Connection (For Technicians)-0017,05/21/2019 20:00:00.000,05/21/2019 21:00:00.000,,9,1,Offering of Maintenance Connection (For Technicians),Bldg_2_Room_207,,,,,USE EVENT SETTING,ILT Content,USE EVENT SETTING,USE EVENT SETTING,1,USE EVENT SETTING,USE EVENT SETTING,2.0,20.0,3600.0,1,No Email,1,USE EVENT SETTING,USE EVENT SETTING,USE EVENT SETTING,USE EVENT SETTING,USE EVENT SETTING,USE EVENT SETTING,USE EVENT SETTING,USE EVENT SETTING,USE EVENT SETTING,USE EVENT SETTING,USE EVENT SETTING,User performing the load,false,false,,,,,false,false,false,AGG.University@dummydata.com,USE EVENT SETTING,USE EVENT SETTING,0,0,
Requirement_Maintenance Connection (For Technicians),Requirement_Maintenance Connection (For Technicians)-0018,05/22/2019 12:00:00.000,05/22/2019 13:00:00.000,,9,1,Offering of Maintenance Connection (For Technicians),Bldg_2_Room_207,,,,,USE EVENT SETTING,ILT Content,USE EVENT SETTING,USE EVENT SETTING,1,USE EVENT SETTING,USE EVENT SETTING,2.0,20.0,3600.0,1,No Email,1,USE EVENT SETTING,USE EVENT SETTING,USE EVENT SETTING,USE EVENT SETTING,USE EVENT SETTING,USE EVENT SETTING,USE EVENT SETTING,USE EVENT SETTING,USE EVENT SETTING,USE EVENT SETTING,USE EVENT SETTING,User performing the load,false,false,,,,,false,false,false,AGG.University@dummydata.com,USE EVENT SETTING,USE EVENT SETTING,0,0,
Requirement_Maintenance Connection (For Technicians),Requirement_Maintenance Connection (For Technicians)-0019,05/22/2019 20:00:00.000,05/22/2019 21:00:00.000,,9,1,Offering of Maintenance Connection (For Technicians),Bldg_2_Room_207,,,,,USE EVENT SETTING,ILT Content,USE EVENT SETTING,USE EVENT SETTING,1,USE EVENT SETTING,USE EVENT SETTING,2.0,20.0,3600.0,1,No Email,1,USE EVENT SETTING,USE EVENT SETTING,USE EVENT SETTING,USE EVENT SETTING,USE EVENT SETTING,USE EVENT SETTING,USE EVENT SETTING,USE EVENT SETTING,USE EVENT SETTING,USE EVENT SETTING,USE EVENT SETTING,User performing the load,false,false,,,,,false,false,false,AGG.University@dummydata.com,USE EVENT SETTING,USE EVENT SETTING,0,0,
Requirement_Maintenance Connection (For Technicians),Requirement_Maintenance Connection (For Technicians)-002,2019-02-04 20:30:00,2019-02-04 21:30:00,,9,1,Offering of Maintenance Connection (For Technicians),Bldg_2_Room_207,,,,,USE EVENT SETTING,ILT Content,USE EVENT SETTING,USE EVENT SETTING,1,USE EVENT SETTING,USE EVENT SETTING,2.0,20.0,3600.0,1,No Email,1,USE EVENT SETTING,USE EVENT SETTING,USE EVENT SETTING,USE EVENT SETTING,USE EVENT SETTING,USE EVENT SETTING,USE EVENT SETTING,USE EVENT SETTING,USE EVENT SETTING,USE EVENT SETTING,USE EVENT SETTING,User performing the load,false,false,,,,,false,false,false,AGG.University@dummydata.com,USE EVENT SETTING,USE EVENT SETTING,0,0,
Requirement_Maintenance Connection (For Technicians),Requirement_Maintenance Connection (For Technicians)-0020,05/23/2019 12:00:00.000,05/23/2019 13:00:00.000,,9,1,Offering of Maintenance Connection (For Technicians),Bldg_2_Room_207,,,,,USE EVENT SETTING,ILT Content,USE EVENT SETTING,USE EVENT SETTING,1,USE EVENT SETTING,USE EVENT SETTING,2.0,20.0,3600.0,1,No Email,1,USE EVENT SETTING,USE EVENT SETTING,USE EVENT SETTING,USE EVENT SETTING,USE EVENT SETTING,USE EVENT SETTING,USE EVENT SETTING,USE EVENT SETTING,USE EVENT SETTING,USE EVENT SETTING,USE EVENT SETTING,User performing the load,false,false,,,,,false,false,false,AGG.University@dummydata.com,USE EVENT SETTING,USE EVENT SETTING,0,0,
Requirement_Maintenance Connection (For Technicians),Requirement_Maintenance Connection (For Technicians)-0023,08/13/2020 12:00:00.000,08/13/2020 13:00:00.000,,9,1,Offering of Maintenance Connection (For Technicians),Bldg_2_Room_207,,,,,USE EVENT SETTING,ILT Content,USE EVENT SETTING,USE EVENT SETTING,1,USE EVENT SETTING,USE EVENT SETTING,2.0,8.0,3600.0,1,No Email,1,USE EVENT SETTING,USE EVENT SETTING,USE EVENT SETTING,USE EVENT SETTING,USE EVENT SETTING,USE EVENT SETTING,USE EVENT SETTING,USE EVENT SETTING,USE EVENT SETTING,USE EVENT SETTING,USE EVENT SETTING,User performing the load,false,false,,,,,false,false,false,AGG.University@dummydata.com,USE EVENT SETTING,USE EVENT SETTING,0,0,
Requirement_Maintenance Connection (For Technicians),Requirement_Maintenance Connection (For Technicians)-0024,08/13/2020 21:00:00.000,08/13/2020 22:00:00.000,,9,1,Offering of Maintenance Connection (For Technicians),Bldg_2_Room_207,,,,,USE EVENT SETTING,ILT Content,USE EVENT SETTING,USE EVENT SETTING,1,USE EVENT SETTING,USE EVENT SETTING,2.0,8.0,3600.0,1,No Email,1,USE EVENT SETTING,USE EVENT SETTING,USE EVENT SETTING,USE EVENT SETTING,USE EVENT SETTING,USE EVENT SETTING,USE EVENT SETTING,USE EVENT SETTING,USE EVENT SETTING,USE EVENT SETTING,USE EVENT SETTING,User performing the load,false,false,,,,,false,false,false,AGG.University@dummydata.com,USE EVENT SETTING,USE EVENT SETTING,0,0,
Requirement_Maintenance Connection (For Technicians),Requirement_Maintenance Connection (For Technicians)-0025,2020-04-12 13:00:00,2020-04-12 14:00:00,,9,1,Offering of Maintenance Connection (For Technicians),Bldg_2_Room_207,,,,,USE EVENT SETTING,ILT Content,USE EVENT SETTING,USE EVENT SETTING,1,USE EVENT SETTING,USE EVENT SETTING,2.0,8.0,3600.0,1,No Email,1,USE EVENT SETTING,USE EVENT SETTING,USE EVENT SETTING,USE EVENT SETTING,USE EVENT SETTING,USE EVENT SETTING,USE EVENT SETTING,USE EVENT SETTING,USE EVENT SETTING,USE EVENT SETTING,USE EVENT SETTING,User performing the load,false,false,,,,,false,false,false,AGG.University@dummydata.com,USE EVENT SETTING,USE EVENT SETTING,0,0,
Requirement_Maintenance Connection (For Technicians),Requirement_Maintenance Connection (For Technicians)-0026,2020-04-12 21:30:00,2020-04-12 22:30:00,,9,1,Offering of Maintenance Connection (For Technicians),Bldg_2_Room_207,,,,,USE EVENT SETTING,ILT Content,USE EVENT SETTING,USE EVENT SETTING,1,USE EVENT SETTING,USE EVENT SETTING,2.0,8.0,3600.0,1,No Email,1,USE EVENT SETTING,USE EVENT SETTING,USE EVENT SETTING,USE EVENT SETTING,USE EVENT SETTING,USE EVENT SETTING,USE EVENT SETTING,USE EVENT SETTING,USE EVENT SETTING,USE EVENT SETTING,USE EVENT SETTING,User performing the load,false,false,,,,,false,false,false,AGG.University@dummydata.com,USE EVENT SETTING,USE EVENT SETTING,0,0,
Requirement_Maintenance Connection (For Technicians),Requirement_Maintenance Connection (For Technicians)-003,2019-03-04 12:30:00,2019-03-04 13:30:00,,9,1,Offering of Maintenance Connection (For Technicians),Bldg_2_Room_207,,,,,USE EVENT SETTING,ILT Content,USE EVENT SETTING,USE EVENT SETTING,1,USE EVENT SETTING,USE EVENT SETTING,2.0,20.0,3600.0,1,No Email,1,USE EVENT SETTING,USE EVENT SETTING,USE EVENT SETTING,USE EVENT SETTING,USE EVENT SETTING,USE EVENT SETTING,USE EVENT SETTING,USE EVENT SETTING,USE EVENT SETTING,USE EVENT SETTING,USE EVENT SETTING,User performing the load,false,false,,,,,false,false,false,AGG.University@dummydata.com,USE EVENT SETTING,USE EVENT SETTING,0,0,
Requirement_Maintenance Connection (For Technicians),Requirement_Maintenance Connection (For Technicians)-004,04/16/2019 11:30:00.000,04/16/2019 12:30:00.000,,9,1,Offering of Maintenance Connection (For Technicians),Bldg_2_Room_207,,,,,USE EVENT SETTING,ILT Content,USE EVENT SETTING,USE EVENT SETTING,1,USE EVENT SETTING,USE EVENT SETTING,2.0,20.0,3600.0,1,No Email,1,USE EVENT SETTING,USE EVENT SETTING,USE EVENT SETTING,USE EVENT SETTING,USE EVENT SETTING,USE EVENT SETTING,USE EVENT SETTING,USE EVENT SETTING,USE EVENT SETTING,USE EVENT SETTING,USE EVENT SETTING,User performing the load,false,false,,,,,false,false,false,AGG.University@dummydata.com,USE EVENT SETTING,USE EVENT SETTING,0,0,
Requirement_Maintenance Connection (For Technicians),Requirement_Maintenance Connection (For Technicians)-005,04/16/2019 20:30:00.000,04/16/2019 21:30:00.000,,9,1,Offering of Maintenance Connection (For Technicians),Bldg_2_Room_207,,,,,USE EVENT SETTING,ILT Content,USE EVENT SETTING,USE EVENT SETTING,1,USE EVENT SETTING,USE EVENT SETTING,2.0,20.0,3600.0,1,No Email,1,USE EVENT SETTING,USE EVENT SETTING,USE EVENT SETTING,USE EVENT SETTING,USE EVENT SETTING,USE EVENT SETTING,USE EVENT SETTING,USE EVENT SETTING,USE EVENT SETTING,USE EVENT SETTING,USE EVENT SETTING,User performing the load,false,false,,,,,false,false,false,AGG.University@dummydata.com,USE EVENT SETTING,USE EVENT SETTING,0,0,
Requirement_Maintenance Connection (For Technicians),Requirement_Maintenance Connection (For Technicians)-006,04/17/2019 12:30:00.000,04/17/2019 13:30:00.000,,9,1,Offering of Maintenance Connection (For Technicians),Bldg_2_Room_207,,,,,USE EVENT SETTING,ILT Content,USE EVENT SETTING,USE EVENT SETTING,1,USE EVENT SETTING,USE EVENT SETTING,2.0,20.0,3600.0,1,No Email,1,USE EVENT SETTING,USE EVENT SETTING,USE EVENT SETTING,USE EVENT SETTING,USE EVENT SETTING,USE EVENT SETTING,USE EVENT SETTING,USE EVENT SETTING,USE EVENT SETTING,USE EVENT SETTING,USE EVENT SETTING,User performing the load,false,false,,,,,false,false,false,AGG.University@dummydata.com,USE EVENT SETTING,USE EVENT SETTING,0,0,
Requirement_Maintenance Connection (For Technicians),Requirement_Maintenance Connection (For Technicians)-007,04/29/2019 20:30:00.000,04/29/2019 21:30:00.000,,9,1,Offering of Maintenance Connection (For Technicians),Bldg_2_Room_207,,,,,USE EVENT SETTING,ILT Content,USE EVENT SETTING,USE EVENT SETTING,1,USE EVENT SETTING,USE EVENT SETTING,2.0,20.0,3600.0,1,No Email,1,USE EVENT SETTING,USE EVENT SETTING,USE EVENT SETTING,USE EVENT SETTING,USE EVENT SETTING,USE EVENT SETTING,USE EVENT SETTING,USE EVENT SETTING,USE EVENT SETTING,USE EVENT SETTING,USE EVENT SETTING,User performing the load,false,false,,,,,false,false,false,AGG.University@dummydata.com,USE EVENT SETTING,USE EVENT SETTING,0,0,
Requirement_Maintenance Connection (For Technicians),Requirement_Maintenance Connection (For Technicians)-008,04/30/2019 11:30:00.000,04/30/2019 12:30:00.000,,9,1,Offering of Maintenance Connection (For Technicians),Bldg_2_Room_207,,,,,USE EVENT SETTING,ILT Content,USE EVENT SETTING,USE EVENT SETTING,1,USE EVENT SETTING,USE EVENT SETTING,2.0,20.0,3600.0,1,No Email,1,USE EVENT SETTING,USE EVENT SETTING,USE EVENT SETTING,USE EVENT SETTING,USE EVENT SETTING,USE EVENT SETTING,USE EVENT SETTING,USE EVENT SETTING,USE EVENT SETTING,USE EVENT SETTING,USE EVENT SETTING,User performing the load,false,false,,,,,false,false,false,AGG.University@dummydata.com,USE EVENT SETTING,USE EVENT SETTING,0,0,
Requirement_Maintenance Connection (For Technicians),Requirement_Maintenance Connection (For Technicians)-009,04/30/2019 20:30:00.000,04/30/2019 21:30:00.000,,9,1,Offering of Maintenance Connection (For Technicians),Bldg_2_Room_207,,,,,USE EVENT SETTING,ILT Content,USE EVENT SETTING,USE EVENT SETTING,1,USE EVENT SETTING,USE EVENT SETTING,2.0,20.0,3600.0,1,No Email,1,USE EVENT SETTING,USE EVENT SETTING,USE EVENT SETTING,USE EVENT SETTING,USE EVENT SETTING,USE EVENT SETTING,USE EVENT SETTING,USE EVENT SETTING,USE EVENT SETTING,USE EVENT SETTING,USE EVENT SETTING,User performing the load,false,false,,,,,false,false,false,AGG.University@dummydata.com,USE EVENT SETTING,USE EVENT SETTING,0,0,
RWMA Resistance Welding School (vendor),RWMA Resistance Welding School (vendor) Class,01/31/2008 00:00:00.000,01/31/2008 01:00:00.000,,9,1,RWMA Resistance Welding School Class,Bldg_2_Room_207,,,,,USE EVENT SETTING,ILT Content,USE EVENT SETTING,USE EVENT SETTING,1,USE EVENT SETTING,USE EVENT SETTING,,,,1,No Email,1,USE EVENT SETTING,USE EVENT SETTING,USE EVENT SETTING,USE EVENT SETTING,USE EVENT SETTING,USE EVENT SETTING,USE EVENT SETTING,USE EVENT SETTING,USE EVENT SETTING,USE EVENT SETTING,USE EVENT SETTING,User performing the load,false,false,,,,,false,false,false,,USE EVENT SETTING,USE EVENT SETTING,0,0,
S4 Programming I (vendor),S4 Programming I (vendor) Class,01/31/2008 00:00:00.000,01/31/2008 01:00:00.000,,9,1,S4 Programming I Class,Bldg_2_Room_207,,,,,USE EVENT SETTING,ILT Content,USE EVENT SETTING,USE EVENT SETTING,1,USE EVENT SETTING,USE EVENT SETTING,,,,1,No Email,1,USE EVENT SETTING,USE EVENT SETTING,USE EVENT SETTING,USE EVENT SETTING,USE EVENT SETTING,USE EVENT SETTING,USE EVENT SETTING,USE EVENT SETTING,USE EVENT SETTING,USE EVENT SETTING,USE EVENT SETTING,User performing the load,false,false,,,,,false,false,false,,USE EVENT SETTING,USE EVENT SETTING,0,0,
Safety_DOT Hazardous Material Employee Training (vendor),Safety_DOT Hazardous Material Employee Training (vendor) Class,01/31/2008 00:00:00.000,01/31/2008 01:00:00.000,,9,1,DOT Hazardous Material Employee Training Class,Bldg_2_Room_207,,,,,USE EVENT SETTING,ILT Content,USE EVENT SETTING,USE EVENT SETTING,1,USE EVENT SETTING,USE EVENT SETTING,,,,1,No Email,1,USE EVENT SETTING,USE EVENT SETTING,USE EVENT SETTING,USE EVENT SETTING,USE EVENT SETTING,USE EVENT SETTING,USE EVENT SETTING,USE EVENT SETTING,USE EVENT SETTING,USE EVENT SETTING,USE EVENT SETTING,User performing the load,false,false,,,,,false,false,false,,USE EVENT SETTING,USE EVENT SETTING,0,0,
Safety_Dupont Stop (AGG Safety Dept.),Safety_Dupont Stop (AGG Safety Dept.) Class,01/31/2008 00:00:00.000,01/31/2008 01:00:00.000,,9,1,Dupont Stop Class,Bldg_2_Room_207,,,,,USE EVENT SETTING,ILT Content,USE EVENT SETTING,USE EVENT SETTING,1,USE EVENT SETTING,USE EVENT SETTING,,,,1,No Email,1,USE EVENT SETTING,USE EVENT SETTING,USE EVENT SETTING,USE EVENT SETTING,USE EVENT SETTING,USE EVENT SETTING,USE EVENT SETTING,USE EVENT SETTING,USE EVENT SETTING,USE EVENT SETTING,USE EVENT SETTING,User performing the load,false,false,,,,,false,false,false,,USE EVENT SETTING,USE EVENT SETTING,0,0,
Safety_Emergency Planning & Comunity Right-to-Know (Trinity Consultants),Safety_Emergency Planning & Comunity Right-to-Know (Trinity Consultants) Class,01/31/2008 00:00:00.000,01/31/2008 01:00:00.000,,9,1,Intro to Emergency Planning & Community Right-to-Know Class,Bldg_2_Room_207,,,,,USE EVENT SETTING,ILT Content,USE EVENT SETTING,USE EVENT SETTING,1,USE EVENT SETTING,USE EVENT SETTING,,,,1,No Email,1,USE EVENT SETTING,USE EVENT SETTING,USE EVENT SETTING,USE EVENT SETTING,USE EVENT SETTING,USE EVENT SETTING,USE EVENT SETTING,USE EVENT SETTING,USE EVENT SETTING,USE EVENT SETTING,USE EVENT SETTING,User performing the load,false,false,,,,,false,false,false,,USE EVENT SETTING,USE EVENT SETTING,0,0,
Safety_Kiken Yochi,Safety_Kiken Yochi Class,01/31/2008 00:00:00.000,01/31/2008 01:00:00.000,,9,1,Kiken Yochi Class (Contact the Safety Dept. to Schedule),Bldg_2_Room_207,,,,,USE EVENT SETTING,ILT Content,USE EVENT SETTING,USE EVENT SETTING,1,USE EVENT SETTING,USE EVENT SETTING,,,,1,No Email,1,USE EVENT SETTING,USE EVENT SETTING,USE EVENT SETTING,USE EVENT SETTING,USE EVENT SETTING,USE EVENT SETTING,USE EVENT SETTING,USE EVENT SETTING,USE EVENT SETTING,USE EVENT SETTING,USE EVENT SETTING,User performing the load,false,false,,,,,false,false,false,,USE EVENT SETTING,USE EVENT SETTING,0,0,
Safety_OSHA 10-hour Construction Industry,Safety_OSHA 10-hour Construction Industry Class,01/31/2008 00:00:00.000,01/31/2008 01:00:00.000,,9,1,OSHA 10-hour Construction Industry Class,Bldg_2_Room_207,,,,,USE EVENT SETTING,ILT Content,USE EVENT SETTING,USE EVENT SETTING,1,USE EVENT SETTING,USE EVENT SETTING,,,,1,No Email,1,USE EVENT SETTING,USE EVENT SETTING,USE EVENT SETTING,USE EVENT SETTING,USE EVENT SETTING,USE EVENT SETTING,USE EVENT SETTING,USE EVENT SETTING,USE EVENT SETTING,USE EVENT SETTING,USE EVENT SETTING,User performing the load,false,false,,,,,false,false,false,,USE EVENT SETTING,USE EVENT SETTING,0,0,
SkillsUSA (vendor),SkillsUSA (vendor) Class,01/31/2008 00:00:00.000,01/31/2008 01:00:00.000,,9,1,Electronics Applications / Technology Assessment Class,Bldg_2_Room_207,,,,,USE EVENT SETTING,ILT Content,USE EVENT SETTING,USE EVENT SETTING,1,USE EVENT SETTING,USE EVENT SETTING,,,,1,No Email,1,USE EVENT SETTING,USE EVENT SETTING,USE EVENT SETTING,USE EVENT SETTING,USE EVENT SETTING,USE EVENT SETTING,USE EVENT SETTING,USE EVENT SETTING,USE EVENT SETTING,USE EVENT SETTING,USE EVENT SETTING,User performing the load,false,false,,,,,false,false,false,,USE EVENT SETTING,USE EVENT SETTING,0,0,
SkillsUSA (vendor) Computer Maintenance,SkillsUSA (vendor) Computer Maintenance Class,01/31/2008 00:00:00.000,01/31/2008 01:00:00.000,,9,1,Computer Maintenance Technology Proficiency Assessment Class,Bldg_2_Room_207,,,,,USE EVENT SETTING,ILT Content,USE EVENT SETTING,USE EVENT SETTING,1,USE EVENT SETTING,USE EVENT SETTING,,,,1,No Email,1,USE EVENT SETTING,USE EVENT SETTING,USE EVENT SETTING,USE EVENT SETTING,USE EVENT SETTING,USE EVENT SETTING,USE EVENT SETTING,USE EVENT SETTING,USE EVENT SETTING,USE EVENT SETTING,USE EVENT SETTING,User performing the load,false,false,,,,,false,false,false,,USE EVENT SETTING,USE EVENT SETTING,0,0,
Steel Markets North America Conference (vendor),Steel Markets North America Conference (vendor) Class,01/31/2008 00:00:00.000,01/31/2008 01:00:00.000,,9,1,12th Annual Steel Markets North America Conference Class,Bldg_2_Room_207,,,,,USE EVENT SETTING,ILT Content,USE EVENT SETTING,USE EVENT SETTING,1,USE EVENT SETTING,USE EVENT SETTING,,,,1,No Email,1,USE EVENT SETTING,USE EVENT SETTING,USE EVENT SETTING,USE EVENT SETTING,USE EVENT SETTING,USE EVENT SETTING,USE EVENT SETTING,USE EVENT SETTING,USE EVENT SETTING,USE EVENT SETTING,USE EVENT SETTING,User performing the load,false,false,,,,,false,false,false,,USE EVENT SETTING,USE EVENT SETTING,0,0,
Subpart H - Training (vendor),Subpart H - Training (vendor) Class,01/31/2008 00:00:00.000,01/31/2008 01:00:00.000,,9,1,49 CFR 172.700 Class,Bldg_2_Room_207,,,,,USE EVENT SETTING,ILT Content,USE EVENT SETTING,USE EVENT SETTING,1,USE EVENT SETTING,USE EVENT SETTING,,,,1,No Email,1,USE EVENT SETTING,USE EVENT SETTING,USE EVENT SETTING,USE EVENT SETTING,USE EVENT SETTING,USE EVENT SETTING,USE EVENT SETTING,USE EVENT SETTING,USE EVENT SETTING,USE EVENT SETTING,USE EVENT SETTING,User performing the load,false,false,,,,,false,false,false,,USE EVENT SETTING,USE EVENT SETTING,0,0,
Supplier Requirement_Lexus Dojo Training (AGGU),Supplier Requirement_Lexus Dojo Training (AGGU) Class,01/31/2008 00:00:00.000,01/31/2008 01:00:00.000,,9,1,Lexus Dojo Training Class,Bldg_2_Room_207,,,,,USE EVENT SETTING,ILT Content,USE EVENT SETTING,USE EVENT SETTING,1,USE EVENT SETTING,USE EVENT SETTING,,,,1,No Email,1,USE EVENT SETTING,USE EVENT SETTING,USE EVENT SETTING,USE EVENT SETTING,USE EVENT SETTING,USE EVENT SETTING,USE EVENT SETTING,USE EVENT SETTING,USE EVENT SETTING,USE EVENT SETTING,USE EVENT SETTING,User performing the load,false,false,,,,,false,false,false,,USE EVENT SETTING,USE EVENT SETTING,0,0,
SXSIG_GB_Exam_Prep_(MAC),SXSIG_GB_Exam_Prep_(MAC) Class,01/31/2008 00:00:00.000,01/31/2008 01:00:00.000,,9,1,Six Sigma Green Belt Training / Exam Prep (MAC) Class,Bldg_2_Room_207,,,,,USE EVENT SETTING,ILT Content,USE EVENT SETTING,USE EVENT SETTING,1,USE EVENT SETTING,USE EVENT SETTING,,,,1,No Email,1,USE EVENT SETTING,USE EVENT SETTING,USE EVENT SETTING,USE EVENT SETTING,USE EVENT SETTING,USE EVENT SETTING,USE EVENT SETTING,USE EVENT SETTING,USE EVENT SETTING,USE EVENT SETTING,USE EVENT SETTING,User performing the load,false,false,,,,,false,false,false,,USE EVENT SETTING,USE EVENT SETTING,0,0,
TEC 1900 (College Transcript),TEC 1900 (College Transcript) Class,01/31/2008 00:00:00.000,01/31/2008 01:00:00.000,,9,1,Technical Mathematics I Class,Bldg_2_Room_207,,,,,USE EVENT SETTING,ILT Content,USE EVENT SETTING,USE EVENT SETTING,1,USE EVENT SETTING,USE EVENT SETTING,,,,1,No Email,1,USE EVENT SETTING,USE EVENT SETTING,USE EVENT SETTING,USE EVENT SETTING,USE EVENT SETTING,USE EVENT SETTING,USE EVENT SETTING,USE EVENT SETTING,USE EVENT SETTING,USE EVENT SETTING,USE EVENT SETTING,User performing the load,false,false,,,,,false,false,false,,USE EVENT SETTING,USE EVENT SETTING,0,0,
Technical_Advanced PLCs (MAC),Technical_Advanced PLCs (MAC) Class,01/31/2008 00:00:00.000,01/31/2008 01:00:00.000,,9,1,Advanced Programmable Logical Controllers Class,Bldg_2_Room_207,,,,,USE EVENT SETTING,ILT Content,USE EVENT SETTING,USE EVENT SETTING,1,USE EVENT SETTING,USE EVENT SETTING,,,,1,No Email,1,USE EVENT SETTING,USE EVENT SETTING,USE EVENT SETTING,USE EVENT SETTING,USE EVENT SETTING,USE EVENT SETTING,USE EVENT SETTING,USE EVENT SETTING,USE EVENT SETTING,USE EVENT SETTING,USE EVENT SETTING,User performing the load,false,false,,,,,false,false,false,,USE EVENT SETTING,USE EVENT SETTING,0,0,
Technical_Basic PLC (MAC),Technical_Basic PLC (MAC) Class,01/31/2008 00:00:00.000,01/31/2008 01:00:00.000,,9,1,Basic Programmable Logical Controllers (MAC) Class,Bldg_2_Room_207,,,,,USE EVENT SETTING,ILT Content,USE EVENT SETTING,USE EVENT SETTING,1,USE EVENT SETTING,USE EVENT SETTING,,,,1,No Email,1,USE EVENT SETTING,USE EVENT SETTING,USE EVENT SETTING,USE EVENT SETTING,USE EVENT SETTING,USE EVENT SETTING,USE EVENT SETTING,USE EVENT SETTING,USE EVENT SETTING,USE EVENT SETTING,USE EVENT SETTING,User performing the load,false,false,,,,,false,false,false,,USE EVENT SETTING,USE EVENT SETTING,0,0,
Technical_Basic PLC (Omron),Technical_Basic PLC (Omron) Class,01/31/2008 00:00:00.000,01/31/2008 01:00:00.000,,9,1,Basic PLC Programing (Omron) Class,Bldg_2_Room_207,,,,,USE EVENT SETTING,ILT Content,USE EVENT SETTING,USE EVENT SETTING,1,USE EVENT SETTING,USE EVENT SETTING,,,,1,No Email,1,USE EVENT SETTING,USE EVENT SETTING,USE EVENT SETTING,USE EVENT SETTING,USE EVENT SETTING,USE EVENT SETTING,USE EVENT SETTING,USE EVENT SETTING,USE EVENT SETTING,USE EVENT SETTING,USE EVENT SETTING,User performing the load,false,false,,,,,false,false,false,,USE EVENT SETTING,USE EVENT SETTING,0,0,
Technical_Basic PLC (Omron),Technical_Basic PLC (Omron)-0001,08/25/2021 13:00:00.000,08/25/2021 22:00:00.000,,9,1,Offering of Basic PLC Programing (Omron),Bldg_2_Room_207,,,,,USE EVENT SETTING,ILT Content,USE EVENT SETTING,USE EVENT SETTING,1,USE EVENT SETTING,USE EVENT SETTING,,8.0,,1,No Email,1,USE EVENT SETTING,USE EVENT SETTING,USE EVENT SETTING,USE EVENT SETTING,USE EVENT SETTING,USE EVENT SETTING,USE EVENT SETTING,USE EVENT SETTING,USE EVENT SETTING,USE EVENT SETTING,USE EVENT SETTING,User performing the load,false,false,,,,,false,false,false,,USE EVENT SETTING,USE EVENT SETTING,0,0,
Technical_Basic PLC (Omron),Technical_Basic PLC (Omron)-0002,08/26/2021 13:00:00.000,08/26/2021 22:00:00.000,,9,1,Offering of Basic PLC Programing (Omron),Bldg_2_Room_207,,,,,USE EVENT SETTING,ILT Content,USE EVENT SETTING,USE EVENT SETTING,1,USE EVENT SETTING,USE EVENT SETTING,,8.0,,1,No Email,1,USE EVENT SETTING,USE EVENT SETTING,USE EVENT SETTING,USE EVENT SETTING,USE EVENT SETTING,USE EVENT SETTING,USE EVENT SETTING,USE EVENT SETTING,USE EVENT SETTING,USE EVENT SETTING,USE EVENT SETTING,User performing the load,false,false,,,,,false,false,false,,USE EVENT SETTING,USE EVENT SETTING,0,0,
Technical_Electrical Level 1 Lab (Ranken),Technical_Electrical Level 1 Lab (Ranken) Class,01/31/2008 00:00:00.000,01/31/2008 01:00:00.000,,9,1,Electrical Level 1 Lab for Amatrol (Ranken) Class,Bldg_2_Room_207,,,,,USE EVENT SETTING,ILT Content,USE EVENT SETTING,USE EVENT SETTING,1,USE EVENT SETTING,USE EVENT SETTING,,,,1,No Email,1,USE EVENT SETTING,USE EVENT SETTING,USE EVENT SETTING,USE EVENT SETTING,USE EVENT SETTING,USE EVENT SETTING,USE EVENT SETTING,USE EVENT SETTING,USE EVENT SETTING,USE EVENT SETTING,USE EVENT SETTING,User performing the load,false,false,,,,,false,false,false,,USE EVENT SETTING,USE EVENT SETTING,0,0,
Technical_Electrical Level 2 Lab (Ranken),Technical_Electrical Level 2 Lab (Ranken) Class,01/31/2008 00:00:00.000,01/31/2008 01:00:00.000,,9,1,Electrical Level 2 Lab for Amatrol (Ranken) Class,Bldg_2_Room_207,,,,,USE EVENT SETTING,ILT Content,USE EVENT SETTING,USE EVENT SETTING,1,USE EVENT SETTING,USE EVENT SETTING,,,,1,No Email,1,USE EVENT SETTING,USE EVENT SETTING,USE EVENT SETTING,USE EVENT SETTING,USE EVENT SETTING,USE EVENT SETTING,USE EVENT SETTING,USE EVENT SETTING,USE EVENT SETTING,USE EVENT SETTING,USE EVENT SETTING,User performing the load,false,false,,,,,false,false,false,,USE EVENT SETTING,USE EVENT SETTING,0,0,
Technical_Fanuc Level I (Ranken),Technical_Fanuc Level I (Ranken) Class,01/31/2008 00:00:00.000,01/31/2008 01:00:00.000,,9,1,Fanuc Robotics Basic - Level I (Ranken) Class,Bldg_2_Room_207,,,,,USE EVENT SETTING,ILT Content,USE EVENT SETTING,USE EVENT SETTING,1,USE EVENT SETTING,USE EVENT SETTING,,,,1,No Email,1,USE EVENT SETTING,USE EVENT SETTING,USE EVENT SETTING,USE EVENT SETTING,USE EVENT SETTING,USE EVENT SETTING,USE EVENT SETTING,USE EVENT SETTING,USE EVENT SETTING,USE EVENT SETTING,USE EVENT SETTING,User performing the load,false,false,,,,,false,false,false,,USE EVENT SETTING,USE EVENT SETTING,0,0,
Technical_Fanuc Level I (Ranken),Technical_Fanuc Level I (Ranken)-0001,07/19/2021 13:00:00.000,07/22/2021 22:00:00.000,,9,1,Offering of Fanuc Robotics - Level I (Ranken),Bldg_2_Room_207,,,,,USE EVENT SETTING,ILT Content,USE EVENT SETTING,USE EVENT SETTING,1,USE EVENT SETTING,USE EVENT SETTING,,8.0,115200.0,1,No Email,1,USE EVENT SETTING,USE EVENT SETTING,USE EVENT SETTING,USE EVENT SETTING,USE EVENT SETTING,USE EVENT SETTING,USE EVENT SETTING,USE EVENT SETTING,USE EVENT SETTING,USE EVENT SETTING,USE EVENT SETTING,User performing the load,false,false,,,,,false,false,false,AGG.University@dummydata.com,USE EVENT SETTING,USE EVENT SETTING,0,0,
Technical_Fanuc Level I (Ranken),Technical_Fanuc Level I (Ranken)-0002,07/26/2021 13:00:00.000,07/29/2021 22:00:00.000,,9,1,Offering of Fanuc Robotics - Level I (Ranken),Bldg_2_Room_207,,,,,USE EVENT SETTING,ILT Content,USE EVENT SETTING,USE EVENT SETTING,1,USE EVENT SETTING,USE EVENT SETTING,,8.0,115200.0,1,No Email,1,USE EVENT SETTING,USE EVENT SETTING,USE EVENT SETTING,USE EVENT SETTING,USE EVENT SETTING,USE EVENT SETTING,USE EVENT SETTING,USE EVENT SETTING,USE EVENT SETTING,USE EVENT SETTING,USE EVENT SETTING,User performing the load,false,false,,,,,false,false,false,AGG.University@dummydata.com,USE EVENT SETTING,USE EVENT SETTING,0,0,
Technical_Fanuc Level I (Ranken),Technical_Fanuc Level I (Ranken)-0003,08/23/2021 13:00:00.000,08/26/2021 22:00:00.000,,9,1,Offering of Fanuc Robotics - Level 2 (Ranken),Bldg_2_Room_207,,,,,USE EVENT SETTING,ILT Content,USE EVENT SETTING,USE EVENT SETTING,1,USE EVENT SETTING,USE EVENT SETTING,,8.0,115200.0,1,No Email,1,USE EVENT SETTING,USE EVENT SETTING,USE EVENT SETTING,USE EVENT SETTING,USE EVENT SETTING,USE EVENT SETTING,USE EVENT SETTING,USE EVENT SETTING,USE EVENT SETTING,USE EVENT SETTING,USE EVENT SETTING,User performing the load,false,false,,,,,false,false,false,AGG.University@dummydata.com,USE EVENT SETTING,USE EVENT SETTING,0,0,
Technical_Fanuc Level I (Ranken),Technical_Fanuc Level I (Ranken)-0004,08/30/2021 13:00:00.000,2021-02-09 22:00:00,,9,1,Offering of Fanuc Robotics - Level 2 (Ranken),Bldg_2_Room_207,,,,,USE EVENT SETTING,ILT Content,USE EVENT SETTING,USE EVENT SETTING,1,USE EVENT SETTING,USE EVENT SETTING,,8.0,115200.0,1,No Email,1,USE EVENT SETTING,USE EVENT SETTING,USE EVENT SETTING,USE EVENT SETTING,USE EVENT SETTING,USE EVENT SETTING,USE EVENT SETTING,USE EVENT SETTING,USE EVENT SETTING,USE EVENT SETTING,USE EVENT SETTING,User performing the load,false,false,,,,,false,false,false,AGG.University@dummydata.com,USE EVENT SETTING,USE EVENT SETTING,0,0,
Technical_Fanuc Level II (Ranken),Technical_Fanuc Level II (Ranken) Class,01/31/2008 00:00:00.000,01/31/2008 01:00:00.000,,9,1,Fanuc Robotics Intermediate - Level II (Ranken) Class,Bldg_2_Room_207,,,,,USE EVENT SETTING,ILT Content,USE EVENT SETTING,USE EVENT SETTING,1,USE EVENT SETTING,USE EVENT SETTING,,,,1,No Email,1,USE EVENT SETTING,USE EVENT SETTING,USE EVENT SETTING,USE EVENT SETTING,USE EVENT SETTING,USE EVENT SETTING,USE EVENT SETTING,USE EVENT SETTING,USE EVENT SETTING,USE EVENT SETTING,USE EVENT SETTING,User performing the load,false,false,,,,,false,false,false,,USE EVENT SETTING,USE EVENT SETTING,0,0,
Technical_Fanuc Level III (Ranken),Technical_Fanuc Level III (Ranken) Class,01/31/2008 00:00:00.000,01/31/2008 01:00:00.000,,9,1,Fanuc Robotics Advanced - Level III (Ranken) Class,Bldg_2_Room_207,,,,,USE EVENT SETTING,ILT Content,USE EVENT SETTING,USE EVENT SETTING,1,USE EVENT SETTING,USE EVENT SETTING,,,,1,No Email,1,USE EVENT SETTING,USE EVENT SETTING,USE EVENT SETTING,USE EVENT SETTING,USE EVENT SETTING,USE EVENT SETTING,USE EVENT SETTING,USE EVENT SETTING,USE EVENT SETTING,USE EVENT SETTING,USE EVENT SETTING,User performing the load,false,false,,,,,false,false,false,,USE EVENT SETTING,USE EVENT SETTING,0,0,
Technical_Intermediate PLC (Omron),Technical_Intermediate PLC (Omron) Class,01/31/2008 00:00:00.000,01/31/2008 01:00:00.000,,9,1,Intermediate PLC Programming (Omron) Class,Bldg_2_Room_207,,,,,USE EVENT SETTING,ILT Content,USE EVENT SETTING,USE EVENT SETTING,1,USE EVENT SETTING,USE EVENT SETTING,,,,1,No Email,1,USE EVENT SETTING,USE EVENT SETTING,USE EVENT SETTING,USE EVENT SETTING,USE EVENT SETTING,USE EVENT SETTING,USE EVENT SETTING,USE EVENT SETTING,USE EVENT SETTING,USE EVENT SETTING,USE EVENT SETTING,User performing the load,false,false,,,,,false,false,false,,USE EVENT SETTING,USE EVENT SETTING,0,0,
Technical_Mechanical Level 1 Lab (Ranken),Technical_Mechanical Level 1 Lab (Ranken) Class,01/31/2008 00:00:00.000,01/31/2008 01:00:00.000,,9,1,Mechanical Level 1 Lab for Amatrol (Ranken) Class,Bldg_2_Room_207,,,,,USE EVENT SETTING,ILT Content,USE EVENT SETTING,USE EVENT SETTING,1,USE EVENT SETTING,USE EVENT SETTING,,,,1,No Email,1,USE EVENT SETTING,USE EVENT SETTING,USE EVENT SETTING,USE EVENT SETTING,USE EVENT SETTING,USE EVENT SETTING,USE EVENT SETTING,USE EVENT SETTING,USE EVENT SETTING,USE EVENT SETTING,USE EVENT SETTING,User performing the load,false,false,,,,,false,false,false,,USE EVENT SETTING,USE EVENT SETTING,0,0,
Technical_Mechanical Level 2 Lab (Ranken),Technical_Mechanical Level 2 Lab (Ranken) Class,01/31/2008 00:00:00.000,01/31/2008 01:00:00.000,,9,1,Mechanical Level 2 Lab for Amatrol (Ranken) Class,Bldg_2_Room_207,,,,,USE EVENT SETTING,ILT Content,USE EVENT SETTING,USE EVENT SETTING,1,USE EVENT SETTING,USE EVENT SETTING,,,,1,No Email,1,USE EVENT SETTING,USE EVENT SETTING,USE EVENT SETTING,USE EVENT SETTING,USE EVENT SETTING,USE EVENT SETTING,USE EVENT SETTING,USE EVENT SETTING,USE EVENT SETTING,USE EVENT SETTING,USE EVENT SETTING,User performing the load,false,false,,,,,false,false,false,,USE EVENT SETTING,USE EVENT SETTING,0,0,
Technical_Metallurgy of Die Casting Alloys (vendor),Technical_Metallurgy of Die Casting Alloys (vendor) Class,01/31/2008 00:00:00.000,01/31/2008 01:00:00.000,,9,1,Metallurgy of Die Casting Alloys Class,Bldg_2_Room_207,,,,,USE EVENT SETTING,ILT Content,USE EVENT SETTING,USE EVENT SETTING,1,USE EVENT SETTING,USE EVENT SETTING,,,,1,No Email,1,USE EVENT SETTING,USE EVENT SETTING,USE EVENT SETTING,USE EVENT SETTING,USE EVENT SETTING,USE EVENT SETTING,USE EVENT SETTING,USE EVENT SETTING,USE EVENT SETTING,USE EVENT SETTING,USE EVENT SETTING,User performing the load,false,false,,,,,false,false,false,,USE EVENT SETTING,USE EVENT SETTING,0,0,
Technical_Oxyacetylene Welding (vendor),Technical_Oxyacetylene Welding (vendor) Class,01/31/2008 00:00:00.000,01/31/2008 01:00:00.000,,9,1,Oxyacetylene Welding Class,Bldg_2_Room_207,,,,,USE EVENT SETTING,ILT Content,USE EVENT SETTING,USE EVENT SETTING,1,USE EVENT SETTING,USE EVENT SETTING,,,,1,No Email,1,USE EVENT SETTING,USE EVENT SETTING,USE EVENT SETTING,USE EVENT SETTING,USE EVENT SETTING,USE EVENT SETTING,USE EVENT SETTING,USE EVENT SETTING,USE EVENT SETTING,USE EVENT SETTING,USE EVENT SETTING,User performing the load,false,false,,,,,false,false,false,,USE EVENT SETTING,USE EVENT SETTING,0,0,
Technical_PQ2 (vendor),Technical_PQ2 (vendor) Class,01/31/2008 00:00:00.000,01/31/2008 01:00:00.000,,9,1,PQ2 Class,Bldg_2_Room_207,,,,,USE EVENT SETTING,ILT Content,USE EVENT SETTING,USE EVENT SETTING,1,USE EVENT SETTING,USE EVENT SETTING,,,,1,No Email,1,USE EVENT SETTING,USE EVENT SETTING,USE EVENT SETTING,USE EVENT SETTING,USE EVENT SETTING,USE EVENT SETTING,USE EVENT SETTING,USE EVENT SETTING,USE EVENT SETTING,USE EVENT SETTING,USE EVENT SETTING,User performing the load,false,false,,,,,false,false,false,,USE EVENT SETTING,USE EVENT SETTING,0,0,
Technician Type Universal (vendor),Technician Type Universal (vendor) Class,01/31/2008 00:00:00.000,01/31/2008 01:00:00.000,,9,1,Technician Type Universal Class,Bldg_2_Room_207,,,,,USE EVENT SETTING,ILT Content,USE EVENT SETTING,USE EVENT SETTING,1,USE EVENT SETTING,USE EVENT SETTING,,,,1,No Email,1,USE EVENT SETTING,USE EVENT SETTING,USE EVENT SETTING,USE EVENT SETTING,USE EVENT SETTING,USE EVENT SETTING,USE EVENT SETTING,USE EVENT SETTING,USE EVENT SETTING,USE EVENT SETTING,USE EVENT SETTING,User performing the load,false,false,,,,,false,false,false,,USE EVENT SETTING,USE EVENT SETTING,0,0,
AGG Activity,AGG Activity Class,01/31/2008 00:00:00.000,01/31/2008 01:00:00.000,,9,1,In-House Monozukuri - TPS Class,Bldg_2_Room_207,,,,,USE EVENT SETTING,ILT Content,USE EVENT SETTING,USE EVENT SETTING,1,USE EVENT SETTING,USE EVENT SETTING,,,,1,No Email,1,USE EVENT SETTING,USE EVENT SETTING,USE EVENT SETTING,USE EVENT SETTING,USE EVENT SETTING,USE EVENT SETTING,USE EVENT SETTING,USE EVENT SETTING,USE EVENT SETTING,USE EVENT SETTING,USE EVENT SETTING,User performing the load,false,false,,,,,false,false,false,,USE EVENT SETTING,USE EVENT SETTING,0,0,
AGGNA_Legal Compliance Training (GM's & Above),AGGNA_Legal Compliance Training (GM's & Above) Class,01/31/2008 00:00:00.000,01/31/2008 01:00:00.000,,9,1,Legal Compliance Training (GM's & Above) Class,Bldg_2_Room_207,,,,,USE EVENT SETTING,ILT Content,USE EVENT SETTING,USE EVENT SETTING,1,USE EVENT SETTING,USE EVENT SETTING,,,,1,No Email,1,USE EVENT SETTING,USE EVENT SETTING,USE EVENT SETTING,USE EVENT SETTING,USE EVENT SETTING,USE EVENT SETTING,USE EVENT SETTING,USE EVENT SETTING,USE EVENT SETTING,USE EVENT SETTING,USE EVENT SETTING,User performing the load,false,false,,,,,false,false,false,,USE EVENT SETTING,USE EVENT SETTING,0,0,
Time Management Workshop (MAC),Time Management Workshop (MAC) Class,01/31/2008 00:00:00.000,01/31/2008 01:00:00.000,,9,1,Time Management Workshop Class,Bldg_2_Room_207,,,,,USE EVENT SETTING,ILT Content,USE EVENT SETTING,USE EVENT SETTING,1,USE EVENT SETTING,USE EVENT SETTING,,,,1,No Email,1,USE EVENT SETTING,USE EVENT SETTING,USE EVENT SETTING,USE EVENT SETTING,USE EVENT SETTING,USE EVENT SETTING,USE EVENT SETTING,USE EVENT SETTING,USE EVENT SETTING,USE EVENT SETTING,USE EVENT SETTING,User performing the load,false,false,,,,,false,false,false,,USE EVENT SETTING,USE EVENT SETTING,0,0,
Traceability in Manufacturing using RFID - BAL - L,Traceability in Manufacturing using RFID - BAL - L Class,01/31/2008 00:00:00.000,01/31/2008 01:00:00.000,,9,1,Traceability in Manufacturing using RFID - BAL - LUFF Class,Bldg_2_Room_207,,,,,USE EVENT SETTING,ILT Content,USE EVENT SETTING,USE EVENT SETTING,1,USE EVENT SETTING,USE EVENT SETTING,,,,1,No Email,1,USE EVENT SETTING,USE EVENT SETTING,USE EVENT SETTING,USE EVENT SETTING,USE EVENT SETTING,USE EVENT SETTING,USE EVENT SETTING,USE EVENT SETTING,USE EVENT SETTING,USE EVENT SETTING,USE EVENT SETTING,User performing the load,false,false,,,,,false,false,false,,USE EVENT SETTING,USE EVENT SETTING,0,0,
Train the Trainer_Forklift Instructor,Train the Trainer_Forklift Instructor Class,01/31/2008 00:00:00.000,01/31/2008 01:00:00.000,,9,1,Forklift Instructor Class,Bldg_2_Room_207,,,,,USE EVENT SETTING,ILT Content,USE EVENT SETTING,USE EVENT SETTING,1,USE EVENT SETTING,USE EVENT SETTING,,,,1,No Email,1,USE EVENT SETTING,USE EVENT SETTING,USE EVENT SETTING,USE EVENT SETTING,USE EVENT SETTING,USE EVENT SETTING,USE EVENT SETTING,USE EVENT SETTING,USE EVENT SETTING,USE EVENT SETTING,USE EVENT SETTING,User performing the load,false,false,,,,,false,false,false,,USE EVENT SETTING,USE EVENT SETTING,0,0,
Train the Trainer_Intro to AGG Facilitator Certification,Train the Trainer_Intro to AGG Instructor Class,01/31/2008 00:00:00.000,01/31/2008 01:00:00.000,,9,1,Intro to AGG Instructor Class,Bldg_2_Room_207,,,,,USE EVENT SETTING,ILT Content,USE EVENT SETTING,USE EVENT SETTING,1,USE EVENT SETTING,USE EVENT SETTING,,,,1,No Email,1,USE EVENT SETTING,USE EVENT SETTING,USE EVENT SETTING,USE EVENT SETTING,USE EVENT SETTING,USE EVENT SETTING,USE EVENT SETTING,USE EVENT SETTING,USE EVENT SETTING,USE EVENT SETTING,USE EVENT SETTING,User performing the load,false,false,,,,,false,false,false,,USE EVENT SETTING,USE EVENT SETTING,0,0,
Train the Trainer_Kiken Yochi Instructor,Train the Trainer_Kiken Yochi Instructor Class,01/31/2008 00:00:00.000,01/31/2008 01:00:00.000,,9,1,Kiken Yochi: Instructor Class,Bldg_2_Room_207,,,,,USE EVENT SETTING,ILT Content,USE EVENT SETTING,USE EVENT SETTING,1,USE EVENT SETTING,USE EVENT SETTING,,,,1,No Email,1,USE EVENT SETTING,USE EVENT SETTING,USE EVENT SETTING,USE EVENT SETTING,USE EVENT SETTING,USE EVENT SETTING,USE EVENT SETTING,USE EVENT SETTING,USE EVENT SETTING,USE EVENT SETTING,USE EVENT SETTING,User performing the load,false,false,,,,,false,false,false,,USE EVENT SETTING,USE EVENT SETTING,0,0,
Train the Trainer_Overhead Crane Instructor,Train the Trainer_Overhead Crane Instructor Class,01/31/2008 00:00:00.000,01/31/2008 01:00:00.000,,9,1,Overhead Crane Instructor Class,Bldg_2_Room_207,,,,,USE EVENT SETTING,ILT Content,USE EVENT SETTING,USE EVENT SETTING,1,USE EVENT SETTING,USE EVENT SETTING,,,,1,No Email,1,USE EVENT SETTING,USE EVENT SETTING,USE EVENT SETTING,USE EVENT SETTING,USE EVENT SETTING,USE EVENT SETTING,USE EVENT SETTING,USE EVENT SETTING,USE EVENT SETTING,USE EVENT SETTING,USE EVENT SETTING,User performing the load,false,false,,,,,false,false,false,,USE EVENT SETTING,USE EVENT SETTING,0,0,
Train the Trainer_Scissor & Boom Instructor,Train the Trainer_Scissor & Boom Instructor Class,01/31/2008 00:00:00.000,01/31/2008 01:00:00.000,,9,1,Scissor & Boom Instructor Class,Bldg_2_Room_207,,,,,USE EVENT SETTING,ILT Content,USE EVENT SETTING,USE EVENT SETTING,1,USE EVENT SETTING,USE EVENT SETTING,,,,1,No Email,1,USE EVENT SETTING,USE EVENT SETTING,USE EVENT SETTING,USE EVENT SETTING,USE EVENT SETTING,USE EVENT SETTING,USE EVENT SETTING,USE EVENT SETTING,USE EVENT SETTING,USE EVENT SETTING,USE EVENT SETTING,User performing the load,false,false,,,,,false,false,false,,USE EVENT SETTING,USE EVENT SETTING,0,0,
Train the Trainer_TWI Job Instruction Instructor (40-hr cert.),Train the Trainer_TWI Job Instruction Instructor (40-hr. cert) Class,01/31/2008 00:00:00.000,01/31/2008 01:00:00.000,,9,1,TWI Job Instruction Instructor (TWI Institute) Class,Bldg_2_Room_207,,,,,USE EVENT SETTING,ILT Content,USE EVENT SETTING,USE EVENT SETTING,1,USE EVENT SETTING,USE EVENT SETTING,,,,1,No Email,1,USE EVENT SETTING,USE EVENT SETTING,USE EVENT SETTING,USE EVENT SETTING,USE EVENT SETTING,USE EVENT SETTING,USE EVENT SETTING,USE EVENT SETTING,USE EVENT SETTING,USE EVENT SETTING,USE EVENT SETTING,User performing the load,false,false,,,,,false,false,false,,USE EVENT SETTING,USE EVENT SETTING,0,0,
Work Keys (vendor),Work Keys (vendor) Class,01/31/2008 00:00:00.000,01/31/2008 01:00:00.000,,9,1,Work Keys Profile Class,Bldg_2_Room_207,,,,,USE EVENT SETTING,ILT Content,USE EVENT SETTING,USE EVENT SETTING,1,USE EVENT SETTING,USE EVENT SETTING,,,,1,No Email,1,USE EVENT SETTING,USE EVENT SETTING,USE EVENT SETTING,USE EVENT SETTING,USE EVENT SETTING,USE EVENT SETTING,USE EVENT SETTING,USE EVENT SETTING,USE EVENT SETTING,USE EVENT SETTING,USE EVENT SETTING,User performing the load,false,false,,,,,false,false,false,,USE EVENT SETTING,USE EVENT SETTING,0,0,
Working As A High Performance Team (MAC),Working As A High Performance Team (MAC) Class,01/31/2008 00:00:00.000,01/31/2008 01:00:00.000,,9,1,Working As A High Performance Team Class,Bldg_2_Room_207,,,,,USE EVENT SETTING,ILT Content,USE EVENT SETTING,USE EVENT SETTING,1,USE EVENT SETTING,USE EVENT SETTING,,,,1,No Email,1,USE EVENT SETTING,USE EVENT SETTING,USE EVENT SETTING,USE EVENT SETTING,USE EVENT SETTING,USE EVENT SETTING,USE EVENT SETTING,USE EVENT SETTING,USE EVENT SETTING,USE EVENT SETTING,USE EVENT SETTING,User performing the load,false,false,,,,,false,false,false,,USE EVENT SETTING,USE EVENT SETTING,0,0,
Working Through Conflict (MAC),Working Through Conflict (MAC) Class,01/31/2008 00:00:00.000,01/31/2008 01:00:00.000,,9,1,Working Through Conflict Workshop Class,Bldg_2_Room_207,,,,,USE EVENT SETTING,ILT Content,USE EVENT SETTING,USE EVENT SETTING,1,USE EVENT SETTING,USE EVENT SETTING,,,,1,No Email,1,USE EVENT SETTING,USE EVENT SETTING,USE EVENT SETTING,USE EVENT SETTING,USE EVENT SETTING,USE EVENT SETTING,USE EVENT SETTING,USE EVENT SETTING,USE EVENT SETTING,USE EVENT SETTING,USE EVENT SETTING,User performing the load,false,false,,,,,false,false,false,,USE EVENT SETTING,USE EVENT SETTING,0,0,
XRC Basic Programming using VRC (vendor),XRC Basic Programming using VRC (vendor) Class,01/31/2008 00:00:00.000,01/31/2008 01:00:00.000,,9,1,XRC Basic Programming using VRC Class,Bldg_2_Room_207,,,,,USE EVENT SETTING,ILT Content,USE EVENT SETTING,USE EVENT SETTING,1,USE EVENT SETTING,USE EVENT SETTING,,,,1,No Email,1,USE EVENT SETTING,USE EVENT SETTING,USE EVENT SETTING,USE EVENT SETTING,USE EVENT SETTING,USE EVENT SETTING,USE EVENT SETTING,USE EVENT SETTING,USE EVENT SETTING,USE EVENT SETTING,USE EVENT SETTING,User performing the load,false,false,,,,,false,false,false,,USE EVENT SETTING,USE EVENT SETTING,0,0,
